{"id":"00e6f3d8-4243-42c7-8e4f-a074a1bd0ffb","title":"Release Notes (version 0.44)","vault":{"fsPath":"vault","name":"dendron.dendron-site"},"type":"note","desc":"","links":[{"type":"wiki","from":{"fname":"dendron.release.2021-05-31","id":"00e6f3d8-4243-42c7-8e4f-a074a1bd0ffb","vaultName":"dendron.dendron-site"},"value":"dendron.mission-statement","alias":"Updates on our Mission Statement","position":{"start":{"line":15,"column":7,"offset":322},"end":{"line":15,"column":69,"offset":384},"indent":[]},"xvault":false,"to":{"fname":"dendron.mission-statement"}},{"type":"wiki","from":{"fname":"dendron.release.2021-05-31","id":"00e6f3d8-4243-42c7-8e4f-a074a1bd0ffb","vaultName":"dendron.dendron-site"},"value":"dendron.dev.triage","alias":"Updates on our Triage Process","position":{"start":{"line":16,"column":7,"offset":391},"end":{"line":16,"column":59,"offset":443},"indent":[]},"xvault":false,"to":{"fname":"dendron.dev.triage"}},{"type":"wiki","from":{"fname":"dendron.release.2021-05-31","id":"00e6f3d8-4243-42c7-8e4f-a074a1bd0ffb","vaultName":"dendron.dendron-site"},"value":"dendron.roadmap","alias":"Dendron Roadmap","position":{"start":{"line":17,"column":7,"offset":450},"end":{"line":17,"column":42,"offset":485},"indent":[]},"xvault":false,"to":{"fname":"dendron.roadmap"}},{"type":"wiki","from":{"fname":"dendron.release.2021-05-31","id":"00e6f3d8-4243-42c7-8e4f-a074a1bd0ffb","vaultName":"dendron.dendron-site"},"value":"dendron.rfc.12-schema-improvements","alias":"12 Schema Improvements","position":{"start":{"line":18,"column":7,"offset":492},"end":{"line":18,"column":68,"offset":553},"indent":[]},"xvault":false,"to":{"fname":"dendron.rfc.12-schema-improvements"}},{"type":"wiki","from":{"fname":"dendron.release.2021-05-31","id":"00e6f3d8-4243-42c7-8e4f-a074a1bd0ffb","vaultName":"dendron.dendron-site"},"value":"dendron.rfc.6-design-system","alias":"6 Design System","position":{"start":{"line":19,"column":7,"offset":560},"end":{"line":19,"column":54,"offset":607},"indent":[]},"xvault":false,"to":{"fname":"dendron.rfc.6-design-system"}},{"type":"wiki","from":{"fname":"dendron.release.2021-05-31","id":"00e6f3d8-4243-42c7-8e4f-a074a1bd0ffb","vaultName":"dendron.dendron-site"},"value":"dendron.rfc.7-graph-rework.design","alias":"7 Graph Rework Design","position":{"start":{"line":20,"column":7,"offset":614},"end":{"line":20,"column":66,"offset":673},"indent":[]},"xvault":false,"to":{"fname":"dendron.rfc.7-graph-rework.design"}},{"type":"wiki","from":{"fname":"dendron.release.2021-05-31","id":"00e6f3d8-4243-42c7-8e4f-a074a1bd0ffb","vaultName":"dendron.dendron-site"},"value":"dendron.topic.lookup","alias":"Lookup Internals","position":{"start":{"line":22,"column":7,"offset":686},"end":{"line":22,"column":56,"offset":735},"indent":[]},"xvault":false,"to":{"fname":"dendron.topic.lookup","anchorHeader":"details"}},{"type":"wiki","from":{"fname":"dendron.release.2021-05-31","id":"00e6f3d8-4243-42c7-8e4f-a074a1bd0ffb","vaultName":"dendron.dendron-site"},"value":"dendron.dev.design","alias":"Dendron Initialization","position":{"start":{"line":23,"column":7,"offset":742},"end":{"line":23,"column":52,"offset":787},"indent":[]},"xvault":false,"to":{"fname":"dendron.dev.design"}},{"type":"wiki","from":{"fname":"dendron.release.2021-05-31","id":"00e6f3d8-4243-42c7-8e4f-a074a1bd0ffb","vaultName":"dendron.dendron-site"},"value":"dendron.dev.remote","alias":"Developing Dendron on a Remote Machine","position":{"start":{"line":24,"column":7,"offset":794},"end":{"line":24,"column":68,"offset":855},"indent":[]},"xvault":false,"to":{"fname":"dendron.dev.remote"}},{"type":"wiki","from":{"fname":"dendron.release.2021-05-31","id":"00e6f3d8-4243-42c7-8e4f-a074a1bd0ffb","vaultName":"dendron.dendron-site"},"value":"pkg.dendron-markdown.arch","alias":"Markdown Compilation Architecture","position":{"start":{"line":25,"column":7,"offset":862},"end":{"line":25,"column":70,"offset":925},"indent":[]},"xvault":false,"to":{"fname":"pkg.dendron-markdown.arch"}},{"type":"wiki","from":{"fname":"dendron.release.2021-05-31","id":"00e6f3d8-4243-42c7-8e4f-a074a1bd0ffb","vaultName":"dendron.dendron-site"},"value":"pkg.dendron-next-server.arch","alias":"Web UI Architecture","position":{"start":{"line":26,"column":7,"offset":932},"end":{"line":26,"column":59,"offset":984},"indent":[]},"xvault":false,"to":{"fname":"pkg.dendron-next-server.arch"}},{"type":"wiki","from":{"fname":"dendron.release.2021-05-31","id":"00e6f3d8-4243-42c7-8e4f-a074a1bd0ffb","vaultName":"dendron.dendron-site"},"value":"pkg.dendron-next-server.dev","alias":"Developing with Dendron Web UI","position":{"start":{"line":27,"column":7,"offset":991},"end":{"line":27,"column":69,"offset":1053},"indent":[]},"xvault":false,"to":{"fname":"pkg.dendron-next-server.dev"}},{"type":"wiki","from":{"fname":"dendron.release.2021-05-31","id":"00e6f3d8-4243-42c7-8e4f-a074a1bd0ffb","vaultName":"dendron.dendron-site"},"value":"pkg.dendron-plugin.dev","alias":"Development Guides for various Dendron Plugin Components","position":{"start":{"line":28,"column":7,"offset":1060},"end":{"line":28,"column":90,"offset":1143},"indent":[]},"xvault":false,"to":{"fname":"pkg.dendron-plugin.dev"}},{"type":"wiki","from":{"fname":"dendron.release.2021-05-31","id":"00e6f3d8-4243-42c7-8e4f-a074a1bd0ffb","vaultName":"dendron.dendron-site"},"value":"dendron.community.office-hours.2021.05.30","alias":"here","position":{"start":{"line":35,"column":49,"offset":1228},"end":{"line":35,"column":99,"offset":1278},"indent":[]},"xvault":false,"to":{"fname":"dendron.community.office-hours.2021.05.30"}},{"type":"wiki","from":{"fname":"dendron.release.2021-05-31","id":"00e6f3d8-4243-42c7-8e4f-a074a1bd0ffb","vaultName":"dendron.dendron-site"},"value":"dendron.community.roles","alias":"here","position":{"start":{"line":46,"column":38,"offset":1964},"end":{"line":46,"column":70,"offset":1996},"indent":[]},"xvault":false,"to":{"fname":"dendron.community.roles"}},{"type":"ref","from":{"fname":"dendron.release.2021-05-31","id":"00e6f3d8-4243-42c7-8e4f-a074a1bd0ffb","vaultName":"dendron.dendron-site"},"value":"dendron.release.changelog","position":{"start":{"line":68,"column":1,"offset":2951},"end":{"line":68,"column":42,"offset":2992},"indent":[]},"xvault":false,"to":{"fname":"dendron.release.changelog","anchorHeader":"044,1:#043"}}],"anchors":{"highlights":{"type":"header","value":"highlights","line":10,"column":0},"docs":{"type":"header","value":"docs","line":16,"column":0},"community":{"type":"header","value":"community","line":37,"column":0},"office-hours":{"type":"header","value":"office-hours","line":39,"column":0},"newsletter":{"type":"header","value":"newsletter","line":43,"column":0},"thank-yous":{"type":"header","value":"thank-yous","line":49,"column":0},"changelog":{"type":"header","value":"changelog","line":73,"column":0}},"fname":"dendron.release.2021-05-31","updated":1622494847233,"created":1622484155123,"parent":"932534e7-e788-4fdb-bc8c-eaf761992a8d","children":[],"data":{},"contentHash":"be5d62d5fdeb5cd008abaa0b38e9104c","custom":{}}
