{"id":"012b49e8-7638-4856-afc2-2db3c6406a86","title":"Log","vault":{"fsPath":"vault","name":"dendron.dendron-site"},"type":"note","desc":"","links":[{"from":{"fname":"dendron.roadmap.project.n.2020.multi-vault","vaultName":"dendron.dendron-site"},"type":"backlink","position":{"start":{"line":280,"column":3,"offset":7570},"end":{"line":280,"column":78,"offset":7645},"indent":[]},"value":"dendron.roadmap.project.scratch.2020.09.07-121834"}],"anchors":{"jojo":{"type":"header","value":"jojo","line":11,"column":0},"jojo-1":{"type":"header","value":"jojo-1","line":15,"column":0},"kevin":{"type":"header","value":"kevin","line":48,"column":0}},"fname":"dendron.roadmap.project.scratch.2020.09.07-121834","updated":1599506314235,"created":1599506314235,"parent":"f81bd621-b918-4003-b6d8-6efd99a42a5b","children":[],"data":{},"contentHash":"4087a055f1238227bf8350b0fdd94a9a","custom":{"stub":false,"source":"- https://discordapp.com/channels/717965437182410783/735365126227493004/752606691518054450\n"}}
