{"id":"02b1c04d-fc7e-4af9-9ffc-a661ac3da394","title":"Log","vault":{"fsPath":"vault","name":"dendron.dendron-site"},"type":"note","desc":"","links":[{"from":{"fname":"dendron.roadmap.project.n.2020.multi-vault","vaultName":"dendron.dendron-site"},"type":"backlink","position":{"start":{"line":281,"column":3,"offset":7648},"end":{"line":281,"column":89,"offset":7734},"indent":[]},"value":"dendron.roadmap.project.scratch.2020.09.07-121952"}],"anchors":{"bsqrd":{"type":"header","value":"bsqrd","line":11,"column":0},"kevin":{"type":"header","value":"kevin","line":17,"column":0}},"fname":"dendron.roadmap.project.scratch.2020.09.07-121952","updated":1599506392418,"created":1599506392418,"parent":"f81bd621-b918-4003-b6d8-6efd99a42a5b","children":[],"data":{},"contentHash":"a85a52a18482011403a8b6a6426253ab","custom":{"stub":false,"source":"- https://discordapp.com/channels/717965437182410783/735365126227493004/752607009068810340\n"}}
