{"id":"032e4abc-f292-465f-9b6a-5a1360c2c974","title":"Intellisense","vault":{"fsPath":"vault","name":"dendron.dendron-site"},"type":"note","desc":"","links":[{"type":"wiki","from":{"fname":"dendron.ref.intellisense","id":"032e4abc-f292-465f-9b6a-5a1360c2c974","vaultName":"dendron.dendron-site"},"value":"dendron.topic.references","alias":"block anchors","position":{"start":{"line":25,"column":28,"offset":814},"end":{"line":25,"column":83,"offset":869},"indent":[]},"xvault":false,"to":{"fname":"dendron.topic.references","anchorHeader":"block-anchor"}},{"type":"wiki","from":{"fname":"dendron.ref.intellisense","id":"032e4abc-f292-465f-9b6a-5a1360c2c974","vaultName":"dendron.dendron-site"},"value":"dendron.topic.vaults.multi-vault","alias":"dendron.topic.vaults.multi-vault","position":{"start":{"line":36,"column":6,"offset":1466},"end":{"line":36,"column":42,"offset":1502},"indent":[]},"xvault":false,"to":{"fname":"dendron.topic.vaults.multi-vault"}},{"from":{"fname":"dendron.release.2021-07-12","vaultName":"dendron.dendron-site"},"type":"backlink","position":{"start":{"line":10,"column":226,"offset":550},"end":{"line":10,"column":259,"offset":583},"indent":[]},"value":"dendron.ref.intellisense"},{"from":{"fname":"dendron.release.2021-07-12","vaultName":"dendron.dendron-site"},"type":"backlink","position":{"start":{"line":23,"column":12,"offset":1528},"end":{"line":23,"column":40,"offset":1556},"indent":[]},"value":"dendron.ref.intellisense"},{"from":{"fname":"dendron.release.changelog","vaultName":"dendron.dendron-site"},"type":"backlink","position":{"start":{"line":237,"column":47,"offset":7591},"end":{"line":237,"column":80,"offset":7624},"indent":[]},"value":"dendron.ref.intellisense"},{"from":{"fname":"dendron.topic.snippets","vaultName":"dendron.dendron-site"},"type":"backlink","position":{"start":{"line":14,"column":13,"offset":705},"end":{"line":14,"column":54,"offset":746},"indent":[]},"value":"dendron.ref.intellisense"}],"anchors":{"summary":{"type":"header","value":"summary","line":8,"column":0},"link-completion":{"type":"header","value":"link-completion","line":17,"column":0},"header-completion":{"type":"header","value":"header-completion","line":23,"column":0},"anchor-completion":{"type":"header","value":"anchor-completion","line":29,"column":0},"details":{"type":"header","value":"details","line":40,"column":0}},"fname":"dendron.ref.intellisense","updated":1626375303344,"created":1599755804490,"parent":"f308164e-faff-43a1-8d34-72ed060275b0","children":[],"data":{},"contentHash":"4bf1c8f88cfb6ba7b68461884f6cd8e2","custom":{}}
