{"id":"04dd9ad8-3d81-4098-a661-21b6acc6f443","title":"Dev","vault":{"fsPath":"vault","name":"dendron.dendron-site"},"type":"note","desc":"","links":[{"type":"wiki","from":{"fname":"pkg.dendron-plugin.dev","id":"04dd9ad8-3d81-4098-a661-21b6acc6f443","vaultName":"dendron.dendron-site"},"value":"dendron.dev.qa","alias":"here","position":{"start":{"line":18,"column":31,"offset":597},"end":{"line":18,"column":54,"offset":620},"indent":[]},"xvault":false,"to":{"fname":"dendron.dev.qa"}},{"type":"wiki","from":{"fname":"pkg.dendron-plugin.dev","id":"04dd9ad8-3d81-4098-a661-21b6acc6f443","vaultName":"dendron.dendron-site"},"value":"dendron.topic.config.dendron","alias":"dendron config","position":{"start":{"line":59,"column":25,"offset":2910},"end":{"line":59,"column":72,"offset":2957},"indent":[]},"xvault":false,"to":{"fname":"dendron.topic.config.dendron"}},{"type":"wiki","from":{"fname":"pkg.dendron-plugin.dev","id":"04dd9ad8-3d81-4098-a661-21b6acc6f443","vaultName":"dendron.dendron-site"},"value":"pro.dendron-plugin.cook","alias":"Create a new Command","position":{"start":{"line":111,"column":8,"offset":4414},"end":{"line":111,"column":77,"offset":4483},"indent":[]},"xvault":false,"to":{"fname":"pro.dendron-plugin.cook","anchorHeader":"create-a-new-command"}},{"type":"wiki","from":{"fname":"pkg.dendron-plugin.dev","id":"04dd9ad8-3d81-4098-a661-21b6acc6f443","vaultName":"dendron.dendron-site"},"value":"pkg.dendron-next-server.dev","alias":"here","position":{"start":{"line":135,"column":7,"offset":5323},"end":{"line":135,"column":55,"offset":5371},"indent":[]},"xvault":false,"to":{"fname":"pkg.dendron-next-server.dev","anchorHeader":"development"}},{"type":"wiki","from":{"fname":"pkg.dendron-plugin.dev","id":"04dd9ad8-3d81-4098-a661-21b6acc6f443","vaultName":"dendron.dendron-site"},"value":"pro.dendron-plugin.cook","alias":"Create a new Command","position":{"start":{"line":140,"column":3,"offset":5464},"end":{"line":140,"column":72,"offset":5533},"indent":[]},"xvault":false,"to":{"fname":"pro.dendron-plugin.cook","anchorHeader":"create-a-new-command"}},{"from":{"fname":"dendron.dev.cook","vaultName":"dendron.dendron-site"},"type":"backlink","position":{"start":{"line":263,"column":1,"offset":8934},"end":{"line":263,"column":84,"offset":9017},"indent":[]},"value":"pkg.dendron-plugin.dev"},{"from":{"fname":"dendron.release.2021-05-31","vaultName":"dendron.dendron-site"},"type":"backlink","position":{"start":{"line":28,"column":7,"offset":1060},"end":{"line":28,"column":90,"offset":1143},"indent":[]},"value":"pkg.dendron-plugin.dev"}],"anchors":{"cook":{"type":"header","value":"cook","line":9,"column":0},"features":{"type":"header","value":"features","line":11,"column":0},"create-a-new-command":{"type":"header","value":"create-a-new-command","line":15,"column":0},"create-a-new-pod":{"type":"header","value":"create-a-new-pod","line":34,"column":0},"config":{"type":"header","value":"config","line":41,"column":0},"migrating-an-existing-configuration":{"type":"header","value":"migrating-an-existing-configuration","line":43,"column":0},"phase-i---set-new-value-as-default":{"type":"header","value":"phase-i---set-new-value-as-default","line":47,"column":0},"phase-2---remove-old-vaule":{"type":"header","value":"phase-2---remove-old-vaule","line":56,"column":0},"adding-a-new-config":{"type":"header","value":"adding-a-new-config","line":59,"column":0},"use-dendronyml-for-config-instead-of-code-workspace":{"type":"header","value":"use-dendronyml-for-config-instead-of-code-workspace","line":67,"column":0},"rest":{"type":"header","value":"rest","line":71,"column":0},"add-a-new-button":{"type":"header","value":"add-a-new-button","line":73,"column":0},"adding-a-web-ui-component":{"type":"header","value":"adding-a-web-ui-component","line":116,"column":0},"adding-command-with-lookup":{"type":"header","value":"adding-command-with-lookup","line":143,"column":0},"utilities":{"type":"header","value":"utilities","line":177,"column":0},"getting-dendronengine":{"type":"header","value":"getting-dendronengine","line":179,"column":0},"accessing-dendronconfig":{"type":"header","value":"accessing-dendronconfig","line":185,"column":0},"clipboard":{"type":"header","value":"clipboard","line":193,"column":0},"check-if-file-is-in-vault":{"type":"header","value":"check-if-file-is-in-vault","line":200,"column":0},"insert-text":{"type":"header","value":"insert-text","line":212,"column":0},"prompt-user-for-input-using-selection":{"type":"header","value":"prompt-user-for-input-using-selection","line":224,"column":0},"prompt-user-for-input-using-free-text":{"type":"header","value":"prompt-user-for-input-using-free-text","line":228,"column":0},"get-location-of-the-frontmatter":{"type":"header","value":"get-location-of-the-frontmatter","line":240,"column":0},"tests":{"type":"header","value":"tests","line":247,"column":0},"upating-the-cursor-position":{"type":"header","value":"upating-the-cursor-position","line":249,"column":0}},"fname":"pkg.dendron-plugin.dev","updated":1627770850005,"created":1621721485330,"parent":"87d90002-f480-45eb-a8c4-d00df4d61557","children":[],"data":{},"contentHash":"e78ffd8ee6cc55aa6f6f0883952c8a3c","custom":{}}
