{"id":"05774b2e-ebf7-4bbc-8171-ad191ba0ae0a","title":"Welcome to Dendron 🌲","vault":{"fsPath":"vault","name":"dendron.dendron-site"},"type":"note","desc":"","links":[],"anchors":{"what-is-a-dendron":{"type":"header","value":"what-is-a-dendron","line":15,"column":0},"how-do-i-get-started":{"type":"header","value":"how-do-i-get-started","line":21,"column":0}},"fname":"dendron.welcome","updated":1623921360121,"created":1598457956604,"parent":"b0fe6ef7-1553-4280-bc45-a71824c2ce36","children":[],"data":{},"contentHash":"548e14097686dd6452a3a381de7a35e7","custom":{"stub":false,"nav_exclude":true}}
