{"id":"058d298a-1b1e-4340-8ebd-7dbcc5a6f119","title":"Collab","vault":{"fsPath":"vault","name":"dendron.dendron-site"},"type":"note","desc":"","links":[],"anchors":{"gitgithub":{"type":"header","value":"gitgithub","line":10,"column":0},"git":{"type":"header","value":"git","line":14,"column":0},"github":{"type":"header","value":"github","line":19,"column":0},"live-share":{"type":"header","value":"live-share","line":26,"column":0}},"fname":"dendron.workflows.collab","updated":1599751228313,"created":1599751228313,"parent":"9313b845-d9bf-42c9-aad1-0da34794ce26","children":[],"data":{},"contentHash":"cb51d0943452c2adccbf5cd261b41de4","custom":{"stub":false}}
