{"id":"06751374-7982-4df2-b30b-92b10aba733a","title":"Process","vault":{"fsPath":"vault","name":"dendron.dendron-site"},"type":"note","desc":"","links":[{"type":"wiki","from":{"fname":"dendron.dev.triage.process","id":"06751374-7982-4df2-b30b-92b10aba733a","vaultName":"dendron.dendron-site"},"value":"dendron.roadmap","alias":"roadmap","position":{"start":{"line":67,"column":279,"offset":4532},"end":{"line":67,"column":306,"offset":4559},"indent":[]},"xvault":false,"to":{"fname":"dendron.roadmap"}},{"type":"wiki","from":{"fname":"dendron.dev.triage.process","id":"06751374-7982-4df2-b30b-92b10aba733a","vaultName":"dendron.dendron-site"},"value":"tags.feedback","alias":"#feedback","position":{"start":{"line":91,"column":42,"offset":7085},"end":{"line":91,"column":51,"offset":7094},"indent":[]},"xvault":false,"to":{"fname":"tags.feedback"}}],"anchors":{"our-triaging-flow":{"type":"header","value":"our-triaging-flow","line":17,"column":0},"closing-issues":{"type":"header","value":"closing-issues","line":27,"column":0},"requesting-information":{"type":"header","value":"requesting-information","line":41,"column":0},"categorizing-issues":{"type":"header","value":"categorizing-issues","line":47,"column":0},"assigning-feature-areas":{"type":"header","value":"assigning-feature-areas","line":59,"column":0},"assigning-a-milestone":{"type":"header","value":"assigning-a-milestone","line":69,"column":0},"asking-for-help":{"type":"header","value":"asking-for-help","line":76,"column":0},"type-specific-characteristics--triaging":{"type":"header","value":"type-specific-characteristics--triaging","line":82,"column":0},"managing-feature-requests":{"type":"header","value":"managing-feature-requests","line":84,"column":0},"up-voting-a-feature-request":{"type":"header","value":"up-voting-a-feature-request","line":90,"column":0},"community-request-on-planning-crop-for-short":{"type":"header","value":"community-request-on-planning-crop-for-short","line":95,"column":0},"lookup":{"type":"header","value":"lookup","line":105,"column":0}},"fname":"dendron.dev.triage.process","updated":1622043427333,"created":1619524509981,"parent":"1e6c8b49-ef88-4e79-b2df-e9d614c38a53","children":[],"data":{},"contentHash":"3d5c89e557a4ce95454a2cbd26eb9d5d","custom":{}}
