{"id":"070f5adf-3ea3-4e83-b468-75d1b4b6094a","title":"Quickstart","vault":{"fsPath":"vault","name":"dendron.dendron-site"},"type":"note","desc":"","links":[{"type":"wiki","from":{"fname":"dendron.topic.hooks.quickstart","id":"070f5adf-3ea3-4e83-b468-75d1b4b6094a","vaultName":"dendron.dendron-site"},"value":"dendron.topic.commands","alias":"Hook Create","position":{"start":{"line":4,"column":23,"offset":33},"end":{"line":4,"column":73,"offset":83},"indent":[]},"xvault":false,"to":{"fname":"dendron.topic.commands","anchorHeader":"hook-create"}},{"type":"wiki","from":{"fname":"dendron.topic.hooks.quickstart","id":"070f5adf-3ea3-4e83-b468-75d1b4b6094a","vaultName":"dendron.dendron-site"},"value":"dendron.topic.commands","alias":"Reload Index","position":{"start":{"line":35,"column":25,"offset":1220},"end":{"line":35,"column":77,"offset":1272},"indent":[]},"xvault":false,"to":{"fname":"dendron.topic.commands","anchorHeader":"reload-index"}},{"type":"wiki","from":{"fname":"dendron.topic.hooks.quickstart","id":"070f5adf-3ea3-4e83-b468-75d1b4b6094a","vaultName":"dendron.dendron-site"},"value":"dendron.topic.commands","alias":"Hook Delete","position":{"start":{"line":44,"column":26,"offset":1536},"end":{"line":44,"column":76,"offset":1586},"indent":[]},"xvault":false,"to":{"fname":"dendron.topic.commands","anchorHeader":"hook-delete"}}],"anchors":{"setup":{"type":"header","value":"setup","line":9,"column":0},"cleaning-up":{"type":"header","value":"cleaning-up","line":49,"column":0}},"fname":"dendron.topic.hooks.quickstart","updated":1620495903491,"created":1620494177780,"parent":"12551d19-04c2-4d26-ac1e-d23ff3181a9c","children":[],"data":{},"contentHash":"6e7f354d6119cbdfbd79d1d34d3821bc","custom":{"nav_order":1}}
