{"id":"075e9806-0367-40a2-8154-2e84d5a020e2","title":"Release Notes(version 0.6)","vault":{"fsPath":"vault","name":"dendron.dendron-site"},"type":"note","desc":"","links":[],"anchors":{"commands":{"type":"header","value":"commands","line":14,"column":0},"add-rename-note-command-docs":{"type":"header","value":"add-rename-note-command-docs","line":16,"column":0},"add-copy-note-link-command-docs":{"type":"header","value":"add-copy-note-link-command-docs","line":22,"column":0},"enhancements":{"type":"header","value":"enhancements","line":28,"column":0},"fixes":{"type":"header","value":"fixes","line":32,"column":0},"notes":{"type":"header","value":"notes","line":37,"column":0},"flexible-configuration-for-notes-docs":{"type":"header","value":"flexible-configuration-for-notes-docs","line":39,"column":0},"add-built-in-snippets-docs":{"type":"header","value":"add-built-in-snippets-docs","line":43,"column":0},"enhancements-1":{"type":"header","value":"enhancements-1","line":49,"column":0},"fixes-1":{"type":"header","value":"fixes-1","line":53,"column":0},"pods":{"type":"header","value":"pods","line":59,"column":0},"custom-blogging-layout-docs":{"type":"header","value":"custom-blogging-layout-docs","line":61,"column":0},"fixes-2":{"type":"header","value":"fixes-2","line":65,"column":0},"schemas":{"type":"header","value":"schemas","line":69,"column":0},"apply-schema-description-to-new-notes-docs":{"type":"header","value":"apply-schema-description-to-new-notes-docs","line":71,"column":0},"enhancements-2":{"type":"header","value":"enhancements-2","line":75,"column":0},"workspace":{"type":"header","value":"workspace","line":79,"column":0},"enhancements-3":{"type":"header","value":"enhancements-3","line":81,"column":0},"other":{"type":"header","value":"other","line":85,"column":0},"make-dendron-available-on-open-vsx-registry-docs":{"type":"header","value":"make-dendron-available-on-open-vsx-registry-docs","line":87,"column":0},"thank-you":{"type":"header","value":"thank-you","line":91,"column":0}},"fname":"dendron.release.2020-08-09","updated":1609990768070,"created":1596374871110,"parent":"932534e7-e788-4fdb-bc8c-eaf761992a8d","children":[],"data":{},"contentHash":"abbbf6e4c112ba4687cbecf51ffb27f1","custom":{"date":"2020-08-09"}}
