{"id":"075e9806-0367-40a2-8154-2e84d5a1110","title":"Release Notes(version 0.8)","vault":{"fsPath":"vault","name":"dendron.dendron-site"},"type":"note","desc":"","links":[],"anchors":{"bundled-extensions":{"type":"header","value":"bundled-extensions","line":16,"column":0},"add-showschema-command-docs":{"type":"header","value":"add-showschema-command-docs","line":18,"column":0},"enhancements":{"type":"header","value":"enhancements","line":24,"column":0},"markdown":{"type":"header","value":"markdown","line":30,"column":0},"enhancements-1":{"type":"header","value":"enhancements-1","line":32,"column":0},"notes":{"type":"header","value":"notes","line":36,"column":0},"create-daily-journal-note-command-docs":{"type":"header","value":"create-daily-journal-note-command-docs","line":38,"column":0},"pods":{"type":"header","value":"pods","line":46,"column":0},"support-different-defaults-on-a-per-hierarchy-basis-when-publishing-docs":{"type":"header","value":"support-different-defaults-on-a-per-hierarchy-basis-when-publishing-docs","line":48,"column":0},"implement-new-website-config-syntax-docs":{"type":"header","value":"implement-new-website-config-syntax-docs","line":65,"column":0},"enhancements-2":{"type":"header","value":"enhancements-2","line":69,"column":0},"fixes":{"type":"header","value":"fixes","line":76,"column":0},"schemas":{"type":"header","value":"schemas","line":81,"column":0},"support-schema-import-docs":{"type":"header","value":"support-schema-import-docs","line":83,"column":0},"support-match-by-pattern-docs":{"type":"header","value":"support-match-by-pattern-docs","line":121,"column":0},"enhancements-3":{"type":"header","value":"enhancements-3","line":161,"column":0},"fixes-1":{"type":"header","value":"fixes-1","line":166,"column":0},"workspace":{"type":"header","value":"workspace","line":170,"column":0},"fixes-2":{"type":"header","value":"fixes-2","line":172,"column":0},"thank-you":{"type":"header","value":"thank-you","line":176,"column":0}},"fname":"dendron.release.2020-08-23","updated":1609990753899,"created":1596374871110,"parent":"932534e7-e788-4fdb-bc8c-eaf761992a8d","children":[],"data":{},"contentHash":"35d59ba63be1a5f735817c44b0428c21","custom":{"date":"2020-08-23"}}
