{"id":"08b2e6ea-bd3e-4f4b-b2b9-676a7b743a65","title":"Release Notes(version 0.10)","vault":{"fsPath":"vault","name":"dendron.dendron-site"},"type":"note","desc":"","links":[{"type":"wiki","from":{"fname":"dendron.release.2020-09-06","id":"08b2e6ea-bd3e-4f4b-b2b9-676a7b743a65","vaultName":"dendron.dendron-site"},"value":"dendron.topic.references","alias":"docs","position":{"start":{"line":32,"column":36,"offset":2358},"end":{"line":32,"column":69,"offset":2391},"indent":[]},"xvault":false,"to":{"fname":"dendron.topic.references"}},{"type":"wiki","from":{"fname":"dendron.release.2020-09-06","id":"08b2e6ea-bd3e-4f4b-b2b9-676a7b743a65","vaultName":"dendron.dendron-site"},"value":"dendron.topic.publishing","alias":"docs","position":{"start":{"line":51,"column":52,"offset":3269},"end":{"line":51,"column":85,"offset":3302},"indent":[]},"xvault":false,"to":{"fname":"dendron.topic.publishing"}},{"type":"wiki","from":{"fname":"dendron.release.2020-09-06","id":"08b2e6ea-bd3e-4f4b-b2b9-676a7b743a65","vaultName":"dendron.dendron-site"},"value":"dendron.topic.references","alias":"note references","position":{"start":{"line":53,"column":13,"offset":3317},"end":{"line":53,"column":57,"offset":3361},"indent":[]},"xvault":false,"to":{"fname":"dendron.topic.references"}},{"type":"wiki","from":{"fname":"dendron.release.2020-09-06","id":"08b2e6ea-bd3e-4f4b-b2b9-676a7b743a65","vaultName":"dendron.dendron-site"},"value":"dendron.topic.commands","alias":"docs","position":{"start":{"line":57,"column":29,"offset":3738},"end":{"line":57,"column":60,"offset":3769},"indent":[]},"xvault":false,"to":{"fname":"dendron.topic.commands"}},{"type":"wiki","from":{"fname":"dendron.release.2020-09-06","id":"08b2e6ea-bd3e-4f4b-b2b9-676a7b743a65","vaultName":"dendron.dendron-site"},"value":"dendron.topic.pod","alias":"docs","position":{"start":{"line":63,"column":22,"offset":4047},"end":{"line":63,"column":48,"offset":4073},"indent":[]},"xvault":false,"to":{"fname":"dendron.topic.pod"}},{"type":"wiki","from":{"fname":"dendron.release.2020-09-06","id":"08b2e6ea-bd3e-4f4b-b2b9-676a7b743a65","vaultName":"dendron.dendron-site"},"value":"dendron.topic.publishing","alias":"docs","position":{"start":{"line":73,"column":32,"offset":4230},"end":{"line":73,"column":65,"offset":4263},"indent":[]},"xvault":false,"to":{"fname":"dendron.topic.publishing"}},{"type":"wiki","from":{"fname":"dendron.release.2020-09-06","id":"08b2e6ea-bd3e-4f4b-b2b9-676a7b743a65","vaultName":"dendron.dendron-site"},"value":"dendron.topic.publishing","alias":"docs","position":{"start":{"line":79,"column":21,"offset":4520},"end":{"line":79,"column":54,"offset":4553},"indent":[]},"xvault":false,"to":{"fname":"dendron.topic.publishing"}},{"type":"wiki","from":{"fname":"dendron.release.2020-09-06","id":"08b2e6ea-bd3e-4f4b-b2b9-676a7b743a65","vaultName":"dendron.dendron-site"},"value":"dendron.topic.commands","alias":"docs","position":{"start":{"line":91,"column":41,"offset":5059},"end":{"line":91,"column":72,"offset":5090},"indent":[]},"xvault":false,"to":{"fname":"dendron.topic.commands"}},{"type":"wiki","from":{"fname":"dendron.release.2020-09-06","id":"08b2e6ea-bd3e-4f4b-b2b9-676a7b743a65","vaultName":"dendron.dendron-site"},"value":"dendron.topic.commands","alias":"docs","position":{"start":{"line":102,"column":26,"offset":5369},"end":{"line":102,"column":57,"offset":5400},"indent":[]},"xvault":false,"to":{"fname":"dendron.topic.commands"}}],"anchors":{"development":{"type":"header","value":"development","line":24,"column":0},"fixes":{"type":"header","value":"fixes","line":26,"column":0},"engine":{"type":"header","value":"engine","line":30,"column":0},"fixes-1":{"type":"header","value":"fixes-1","line":32,"column":0},"markdown":{"type":"header","value":"markdown","line":37,"column":0},"support-offset-with-note-refs-docs":{"type":"header","value":"support-offset-with-note-refs-docs","line":39,"column":0},"enhancements":{"type":"header","value":"enhancements","line":47,"column":0},"fixes-2":{"type":"header","value":"fixes-2","line":51,"column":0},"pods":{"type":"header","value":"pods","line":56,"column":0},"support-note-references-when-publishing-notes-docs":{"type":"header","value":"support-note-references-when-publishing-notes-docs","line":58,"column":0},"add-export-pod-command-docs":{"type":"header","value":"add-export-pod-command-docs","line":64,"column":0},"json-export-pod-docs":{"type":"header","value":"json-export-pod-docs","line":70,"column":0},"enhancements-1":{"type":"header","value":"enhancements-1","line":74,"column":0},"publishing":{"type":"header","value":"publishing","line":78,"column":0},"nav-based-hierarchy-hints-docs":{"type":"header","value":"nav-based-hierarchy-hints-docs","line":80,"column":0},"edit-on-github-docs":{"type":"header","value":"edit-on-github-docs","line":86,"column":0},"workbench":{"type":"header","value":"workbench","line":96,"column":0},"add-goto-nextprev-sibling-command-docs":{"type":"header","value":"add-goto-nextprev-sibling-command-docs","line":98,"column":0},"add-go-down-command-docs":{"type":"header","value":"add-go-down-command-docs","line":109,"column":0},"enhancements-2":{"type":"header","value":"enhancements-2","line":120,"column":0},"fixes-3":{"type":"header","value":"fixes-3","line":125,"column":0},"thank-you":{"type":"header","value":"thank-you","line":132,"column":0}},"fname":"dendron.release.2020-09-06","updated":1609990740754,"created":1596374871110,"parent":"932534e7-e788-4fdb-bc8c-eaf761992a8d","children":[],"data":{},"contentHash":"1ef15283242d908e18f6b391243ba635","custom":{"date":"2020-09-06"}}
