{"id":"09692c77-1861-4b01-a7e7-d0da8a80cea6","title":"Search","vault":{"fsPath":"vault","name":"dendron.dendron-site"},"type":"note","desc":"","links":[{"type":"wiki","from":{"fname":"dendron.topic.search","id":"09692c77-1861-4b01-a7e7-d0da8a80cea6","vaultName":"dendron.dendron-site"},"value":"dendron.topic.lookup","alias":"lookup","position":{"start":{"line":1,"column":107,"offset":106},"end":{"line":1,"column":138,"offset":137},"indent":[]},"xvault":false,"to":{"fname":"dendron.topic.lookup"}}],"anchors":{},"fname":"dendron.topic.search","updated":1605970220353,"created":1605970055259,"parent":"7a7af2fa-b9d0-4adc-81e6-f03186123539","children":[],"data":{},"contentHash":"1cf575ec603ade506daf8456f73a2999","custom":{},"schema":{"schemaId":"topic","moduleId":"dendron"}}
