{"id":"097cf7ed-e9aa-4580-86cf-0347bf7a623d","title":"Dendron Onboarding Transcript","vault":{"fsPath":"vault","name":"dendron.dendron-site"},"type":"note","desc":"","links":[{"from":{"fname":"dendron","vaultName":"dendron.dendron-site"},"type":"backlink","position":{"start":{"line":44,"column":52,"offset":3208},"end":{"line":44,"column":83,"offset":3239},"indent":[]},"value":"dendron.ref.transcript"}],"anchors":{},"fname":"dendron.ref.transcript","updated":1599235587751,"created":1599235587751,"parent":"f308164e-faff-43a1-8d34-72ed060275b0","children":[],"data":{},"contentHash":"2ed70c5c03ddc606ad398d830787bf4f","custom":{"stub":false}}
