{"id":"0a0fe3fa-949d-46aa-97b9-d1b003e3d8f9","title":"HTML Integration","vault":{"fsPath":"vault","name":"dendron.dendron-site"},"type":"note","desc":"","links":[{"from":{"fname":"dendron.rfc.10-blocks","vaultName":"dendron.dendron-site"},"type":"backlink","position":{"start":{"line":107,"column":7,"offset":3122},"end":{"line":107,"column":66,"offset":3181},"indent":[]},"value":"dendron.rfc.10-blocks.html-integration"}],"anchors":{"summary":{"type":"header","value":"summary","line":9,"column":0},"design":{"type":"header","value":"design","line":11,"column":0},"tasks":{"type":"header","value":"tasks","line":16,"column":0}},"fname":"dendron.rfc.10-blocks.html-integration","updated":1619807858568,"created":1619807329233,"parent":"95f7193b-9940-42ba-841f-3e2a4d937ba3","children":[],"data":{},"contentHash":"000c7ddd530e3a33b09fae446651903f","custom":{}}
