{"id":"0a1a3a44-8d83-4ba6-adde-64c34136ab75","title":"HTML","vault":{"fsPath":"vault","name":"dendron.dendron-site"},"type":"note","desc":"","links":[{"from":{"fname":"dendron.release.changelog","vaultName":"dendron.dendron-site"},"type":"backlink","position":{"start":{"line":669,"column":19,"offset":18557},"end":{"line":669,"column":66,"offset":18604},"indent":[]},"value":"dendron.topic.pod.builtin.html"}],"anchors":{"summary":{"type":"header","value":"summary","line":9,"column":0},"publish":{"type":"header","value":"publish","line":16,"column":0}},"fname":"dendron.topic.pod.builtin.html","updated":1619797862074,"created":1619797739697,"parent":"3e519113-5820-4a84-bef8-85103a7b296b","children":[],"data":{},"contentHash":"95b37ed1dde7976f86c6a874565b89bf","custom":{}}
