{"id":"0db94b86-d5c2-4e70-8f61-1a686fa8cc1d","title":"Note Response","vault":{"fsPath":"vault","name":"dendron.dendron-site"},"type":"note","desc":"","links":[{"from":{"fname":"dendron.rfc.9-note-lifecycle-hooks","vaultName":"dendron.dendron-site"},"type":"backlink","position":{"start":{"line":47,"column":42,"offset":1714},"end":{"line":47,"column":87,"offset":1759},"indent":[]},"value":"pkg.dendron-engine.ref.note-response"},{"from":{"fname":"pkg.dendron-engine.cook","vaultName":"dendron.dendron-site"},"type":"backlink","position":{"start":{"line":105,"column":1,"offset":3957},"end":{"line":105,"column":42,"offset":3998},"indent":[]},"value":"pkg.dendron-engine.ref.note-response"},{"from":{"fname":"dendron.rfc.10-blocks.vscode-integration","vaultName":"dendron.dendron-site"},"type":"backlink","position":{"start":{"line":17,"column":11,"offset":572},"end":{"line":17,"column":65,"offset":626},"indent":[]},"value":"pkg.dendron-engine.ref.note-response"}],"anchors":{"links":{"type":"header","value":"links","line":51,"column":0}},"fname":"pkg.dendron-engine.ref.note-response","updated":1614294605017,"created":1611160590954,"parent":"FvJRxzK5GP2GNKpO","children":[],"data":{},"contentHash":"683d2bf7ea7116f1097272314af3abb4","custom":{}}
