{"id":"0e57f8d1-e501-49db-974c-01eb64c20c22","title":"Creating Notes","vault":{"fsPath":"vault","name":"dendron.dendron-site"},"type":"note","desc":"","links":[{"type":"wiki","from":{"fname":"dendron.topic.lookup.create","id":"0e57f8d1-e501-49db-974c-01eb64c20c22","vaultName":"dendron.dendron-site"},"value":"dendron.topic.special-notes","alias":"pre-defined hierarchies","position":{"start":{"line":9,"column":60,"offset":350},"end":{"line":9,"column":115,"offset":405},"indent":[]},"xvault":false,"to":{"fname":"dendron.topic.special-notes"}},{"type":"ref","from":{"fname":"dendron.topic.lookup.create","id":"0e57f8d1-e501-49db-974c-01eb64c20c22","vaultName":"dendron.dendron-site"},"value":"dendron.topic.vaults.multi-vault","position":{"start":{"line":31,"column":1,"offset":1527},"end":{"line":31,"column":128,"offset":1654},"indent":[]},"xvault":false,"to":{"fname":"dendron.topic.vaults.multi-vault","anchorHeader":"vault-location-when-creating-a-note:#navigating-links"}},{"from":{"fname":"dendron.guides.tips","vaultName":"dendron.dendron-site"},"type":"backlink","position":{"start":{"line":408,"column":88,"offset":14339},"end":{"line":408,"column":130,"offset":14381},"indent":[]},"value":"dendron.topic.lookup.create"},{"from":{"fname":"dendron.release.2020-09-20","vaultName":"dendron.dendron-site"},"type":"backlink","position":{"start":{"line":51,"column":1,"offset":2445},"end":{"line":51,"column":67,"offset":2511},"indent":[]},"value":"dendron.topic.lookup.create"}],"anchors":{"summary":{"type":"header","value":"summary","line":7,"column":0},"creating-special-notes":{"type":"header","value":"creating-special-notes","line":13,"column":0},"creating-notes-with-a-selection":{"type":"header","value":"creating-notes-with-a-selection","line":22,"column":0},"vault-selection-for-new-notes":{"type":"header","value":"vault-selection-for-new-notes","line":33,"column":0}},"fname":"dendron.topic.lookup.create","updated":1608752992139,"created":1608494562268,"parent":"a7c3a810-28c8-4b47-96a6-8156b1524af3","children":[],"data":{},"contentHash":"62760f7d9ef37535f28450af4cc92fdc","custom":{}}
