{"id":"0eq1mz_b-gpdSZVJqruOg","title":"0 2 X","vault":{"fsPath":"vault","name":"dendron.dendron-site"},"type":"note","desc":"","links":[{"type":"wiki","from":{"fname":"dendron.release.changelog.0-2-x","id":"0eq1mz_b-gpdSZVJqruOg","vaultName":"dendron.dendron-site"},"value":"dendron.topic.markdown","alias":"nunjuck templates","position":{"start":{"line":8,"column":49,"offset":111},"end":{"line":8,"column":111,"offset":173},"indent":[]},"xvault":false,"to":{"fname":"dendron.topic.markdown","anchorHeader":"nunjuck-templates"}},{"type":"wiki","from":{"fname":"dendron.release.changelog.0-2-x","id":"0eq1mz_b-gpdSZVJqruOg","vaultName":"dendron.dendron-site"},"value":"dendron.topic.vaults","alias":"remote vaults","position":{"start":{"line":13,"column":28,"offset":252},"end":{"line":13,"column":73,"offset":297},"indent":[]},"xvault":false,"to":{"fname":"dendron.topic.vaults","anchorHeader":"remote"}},{"type":"wiki","from":{"fname":"dendron.release.changelog.0-2-x","id":"0eq1mz_b-gpdSZVJqruOg","vaultName":"dendron.dendron-site"},"value":"dendron.topic.config.dendron","alias":"docs","position":{"start":{"line":18,"column":58,"offset":491},"end":{"line":18,"column":109,"offset":542},"indent":[]},"xvault":false,"to":{"fname":"dendron.topic.config.dendron","anchorHeader":"useprettyrefs"}},{"type":"wiki","from":{"fname":"dendron.release.changelog.0-2-x","id":"0eq1mz_b-gpdSZVJqruOg","vaultName":"dendron.dendron-site"},"value":"dendron.topic.config.dendron","alias":"docs","position":{"start":{"line":24,"column":21,"offset":594},"end":{"line":24,"column":69,"offset":642},"indent":[]},"xvault":false,"to":{"fname":"dendron.topic.config.dendron","anchorHeader":"visibility"}},{"type":"wiki","from":{"fname":"dendron.release.changelog.0-2-x","id":"0eq1mz_b-gpdSZVJqruOg","vaultName":"dendron.dendron-site"},"value":"dendron.topic.publishing.selective-publication","alias":"docs","position":{"start":{"line":25,"column":24,"offset":667},"end":{"line":25,"column":88,"offset":731},"indent":[]},"xvault":false,"to":{"fname":"dendron.topic.publishing.selective-publication","anchorHeader":"403-page"}},{"type":"wiki","from":{"fname":"dendron.release.changelog.0-2-x","id":"0eq1mz_b-gpdSZVJqruOg","vaultName":"dendron.dendron-site"},"value":"dendron.topic.managed-publishing.quickstart","alias":"here","position":{"start":{"line":51,"column":33,"offset":1579},"end":{"line":51,"column":85,"offset":1631},"indent":[]},"xvault":false,"to":{"fname":"dendron.topic.managed-publishing.quickstart"}},{"type":"wiki","from":{"fname":"dendron.release.changelog.0-2-x","id":"0eq1mz_b-gpdSZVJqruOg","vaultName":"dendron.dendron-site"},"value":"dendron.topic.publishing.configuration","alias":"docs","position":{"start":{"line":55,"column":50,"offset":1700},"end":{"line":55,"column":123,"offset":1773},"indent":[]},"xvault":false,"to":{"fname":"dendron.topic.publishing.configuration","anchorHeader":"sitelastmodified-optional"}},{"type":"wiki","from":{"fname":"dendron.release.changelog.0-2-x","id":"0eq1mz_b-gpdSZVJqruOg","vaultName":"dendron.dendron-site"},"value":"dendron.topic.config.vscode-config","alias":"docs","position":{"start":{"line":56,"column":59,"offset":1833},"end":{"line":56,"column":142,"offset":1916},"indent":[]},"xvault":false,"to":{"fname":"dendron.topic.config.vscode-config","anchorHeader":"dendrondefaulttimestampdecorationformat"}},{"type":"wiki","from":{"fname":"dendron.release.changelog.0-2-x","id":"0eq1mz_b-gpdSZVJqruOg","vaultName":"dendron.dendron-site"},"value":"dendron.topic.commands","alias":"docs","position":{"start":{"line":91,"column":25,"offset":2724},"end":{"line":91,"column":86,"offset":2785},"indent":[]},"xvault":false,"to":{"fname":"dendron.topic.commands","anchorHeader":"dendrondev-diagnostics-report"}},{"type":"wiki","from":{"fname":"dendron.release.changelog.0-2-x","id":"0eq1mz_b-gpdSZVJqruOg","vaultName":"dendron.dendron-site"},"value":"dendron.topic.cli","alias":"docs","position":{"start":{"line":97,"column":43,"offset":2909},"end":{"line":97,"column":81,"offset":2947},"indent":[]},"xvault":false,"to":{"fname":"dendron.topic.cli","anchorHeader":"buildsitev2"}},{"type":"wiki","from":{"fname":"dendron.release.changelog.0-2-x","id":"0eq1mz_b-gpdSZVJqruOg","vaultName":"dendron.dendron-site"},"value":"dendron.topic.publishing.configuration","alias":"docs","position":{"start":{"line":98,"column":55,"offset":3003},"end":{"line":98,"column":114,"offset":3062},"indent":[]},"xvault":false,"to":{"fname":"dendron.topic.publishing.configuration","anchorHeader":"description"}},{"type":"wiki","from":{"fname":"dendron.release.changelog.0-2-x","id":"0eq1mz_b-gpdSZVJqruOg","vaultName":"dendron.dendron-site"},"value":"dendron.topic.publishing.configuration","alias":"docs","position":{"start":{"line":99,"column":58,"offset":3121},"end":{"line":99,"column":136,"offset":3199},"indent":[]},"xvault":false,"to":{"fname":"dendron.topic.publishing.configuration","anchorHeader":"duplicatenotebehavior-optional"}},{"type":"wiki","from":{"fname":"dendron.release.changelog.0-2-x","id":"0eq1mz_b-gpdSZVJqruOg","vaultName":"dendron.dendron-site"},"value":"dendron.topic.commands","alias":"docs","position":{"start":{"line":117,"column":60,"offset":3538},"end":{"line":117,"column":101,"offset":3579},"indent":[]},"xvault":false,"to":{"fname":"dendron.topic.commands","anchorHeader":"move-note"}},{"type":"wiki","from":{"fname":"dendron.release.changelog.0-2-x","id":"0eq1mz_b-gpdSZVJqruOg","vaultName":"dendron.dendron-site"},"value":"dendron.topic.publishing.selective-publication","alias":"docs","position":{"start":{"line":121,"column":42,"offset":3641},"end":{"line":121,"column":106,"offset":3705},"indent":[]},"xvault":false,"to":{"fname":"dendron.topic.publishing.selective-publication","anchorHeader":"403-page"}},{"type":"wiki","from":{"fname":"dendron.release.changelog.0-2-x","id":"0eq1mz_b-gpdSZVJqruOg","vaultName":"dendron.dendron-site"},"value":"dendron.topic.markdown","alias":"docs","position":{"start":{"line":133,"column":46,"offset":3969},"end":{"line":133,"column":86,"offset":4009},"indent":[]},"xvault":false,"to":{"fname":"dendron.topic.markdown","anchorHeader":"diagrams"}},{"type":"wiki","from":{"fname":"dendron.release.changelog.0-2-x","id":"0eq1mz_b-gpdSZVJqruOg","vaultName":"dendron.dendron-site"},"value":"dendron.topic.config.dendron","alias":"docs","position":{"start":{"line":134,"column":33,"offset":4043},"end":{"line":134,"column":90,"offset":4100},"indent":[]},"xvault":false,"to":{"fname":"dendron.topic.config.dendron","anchorHeader":"usenotetitleforlink"}},{"type":"wiki","from":{"fname":"dendron.release.changelog.0-2-x","id":"0eq1mz_b-gpdSZVJqruOg","vaultName":"dendron.dendron-site"},"value":"dendron.topic.publishing.configuration","alias":"docs","position":{"start":{"line":138,"column":56,"offset":4176},"end":{"line":138,"column":127,"offset":4247},"indent":[]},"xvault":false,"to":{"fname":"dendron.topic.publishing.configuration","anchorHeader":"passing-multiple-vaults"}},{"type":"wiki","from":{"fname":"dendron.release.changelog.0-2-x","id":"0eq1mz_b-gpdSZVJqruOg","vaultName":"dendron.dendron-site"},"value":"dendron.topic.commands","alias":"Copy Note Link","position":{"start":{"line":140,"column":5,"offset":4300},"end":{"line":140,"column":61,"offset":4356},"indent":[]},"xvault":false,"to":{"fname":"dendron.topic.commands","anchorHeader":"copy-note-link"}},{"type":"wiki","from":{"fname":"dendron.release.changelog.0-2-x","id":"0eq1mz_b-gpdSZVJqruOg","vaultName":"dendron.dendron-site"},"value":"dendron.topic.commands","alias":"docs","position":{"start":{"line":168,"column":77,"offset":4865},"end":{"line":168,"column":119,"offset":4907},"indent":[]},"xvault":false,"to":{"fname":"dendron.topic.commands","anchorHeader":"site-build"}},{"type":"wiki","from":{"fname":"dendron.release.changelog.0-2-x","id":"0eq1mz_b-gpdSZVJqruOg","vaultName":"dendron.dendron-site"},"value":"dendron.topic.config.dendron","alias":"useFMTitle","position":{"start":{"line":174,"column":5,"offset":5024},"end":{"line":174,"column":59,"offset":5078},"indent":[]},"xvault":false,"to":{"fname":"dendron.topic.config.dendron","anchorHeader":"usefmtitle"}},{"type":"wiki","from":{"fname":"dendron.release.changelog.0-2-x","id":"0eq1mz_b-gpdSZVJqruOg","vaultName":"dendron.dendron-site"},"value":"dendron.topic.commands","alias":"Copy Note Url","position":{"start":{"line":176,"column":5,"offset":5154},"end":{"line":176,"column":59,"offset":5208},"indent":[]},"xvault":false,"to":{"fname":"dendron.topic.commands","anchorHeader":"copy-note-url"}},{"type":"wiki","from":{"fname":"dendron.release.changelog.0-2-x","id":"0eq1mz_b-gpdSZVJqruOg","vaultName":"dendron.dendron-site"},"value":"dendron.topic.config.vscode-config","alias":"dendron.copyNoteUrlRoot","position":{"start":{"line":192,"column":5,"offset":5519},"end":{"line":192,"column":90,"offset":5604},"indent":[]},"xvault":false,"to":{"fname":"dendron.topic.config.vscode-config","anchorHeader":"dendroncopynoteurlroot"}},{"type":"wiki","from":{"fname":"dendron.release.changelog.0-2-x","id":"0eq1mz_b-gpdSZVJqruOg","vaultName":"dendron.dendron-site"},"value":"dendron.topic.publishing.configuration","alias":"docs","position":{"start":{"line":202,"column":28,"offset":5976},"end":{"line":202,"column":101,"offset":6049},"indent":[]},"xvault":false,"to":{"fname":"dendron.topic.publishing.configuration","anchorHeader":"customheaderpath-optional"}},{"type":"wiki","from":{"fname":"dendron.release.changelog.0-2-x","id":"0eq1mz_b-gpdSZVJqruOg","vaultName":"dendron.dendron-site"},"value":"scratch.2021.01.12.085012.add-custom-headers","alias":"add custom headers","position":{"start":{"line":203,"column":9,"offset":6059},"end":{"line":203,"column":76,"offset":6126},"indent":[]},"xvault":false,"to":{"fname":"scratch.2021.01.12.085012.add-custom-headers"}},{"type":"wiki","from":{"fname":"dendron.release.changelog.0-2-x","id":"0eq1mz_b-gpdSZVJqruOg","vaultName":"dendron.dendron-site"},"value":"dendron.topic.publishing.configuration","alias":"docs","position":{"start":{"line":204,"column":31,"offset":6157},"end":{"line":204,"column":99,"offset":6225},"indent":[]},"xvault":false,"to":{"fname":"dendron.topic.publishing.configuration","anchorHeader":"ga_tracking-optional"}},{"type":"wiki","from":{"fname":"dendron.release.changelog.0-2-x","id":"0eq1mz_b-gpdSZVJqruOg","vaultName":"dendron.dendron-site"},"value":"dendron.topic.publishing.selective-publication","alias":"docs","position":{"start":{"line":218,"column":22,"offset":6412},"end":{"line":218,"column":86,"offset":6476},"indent":[]},"xvault":false,"to":{"fname":"dendron.topic.publishing.selective-publication","anchorHeader":"403-page"}},{"type":"wiki","from":{"fname":"dendron.release.changelog.0-2-x","id":"0eq1mz_b-gpdSZVJqruOg","vaultName":"dendron.dendron-site"},"value":"dendron.ref.terms","alias":"sluggified","position":{"start":{"line":243,"column":40,"offset":7308},"end":{"line":243,"column":77,"offset":7345},"indent":[]},"xvault":false,"to":{"fname":"dendron.ref.terms","anchorHeader":"slug"}},{"type":"wiki","from":{"fname":"dendron.release.changelog.0-2-x","id":"0eq1mz_b-gpdSZVJqruOg","vaultName":"dendron.dendron-site"},"value":"dendron.topic.commands","alias":"copy note ref","position":{"start":{"line":243,"column":138,"offset":7406},"end":{"line":243,"column":192,"offset":7460},"indent":[]},"xvault":false,"to":{"fname":"dendron.topic.commands","anchorHeader":"copy-note-ref"}},{"type":"wiki","from":{"fname":"dendron.release.changelog.0-2-x","id":"0eq1mz_b-gpdSZVJqruOg","vaultName":"dendron.dendron-site"},"value":"dendron.topic.publishing.navigation","alias":"docs","position":{"start":{"line":263,"column":75,"offset":8305},"end":{"line":263,"column":131,"offset":8361},"indent":[]},"xvault":false,"to":{"fname":"dendron.topic.publishing.navigation","anchorHeader":"nav-exclude"}},{"type":"wiki","from":{"fname":"dendron.release.changelog.0-2-x","id":"0eq1mz_b-gpdSZVJqruOg","vaultName":"dendron.dendron-site"},"value":"dendron.topic.commands","alias":"copy note ref","position":{"start":{"line":264,"column":5,"offset":8367},"end":{"line":264,"column":59,"offset":8421},"indent":[]},"xvault":false,"to":{"fname":"dendron.topic.commands","anchorHeader":"copy-note-ref"}},{"type":"wiki","from":{"fname":"dendron.release.changelog.0-2-x","id":"0eq1mz_b-gpdSZVJqruOg","vaultName":"dendron.dendron-site"},"value":"dendron.topic.markdown","alias":"docs","position":{"start":{"line":265,"column":54,"offset":8516},"end":{"line":265,"column":95,"offset":8557},"indent":[]},"xvault":false,"to":{"fname":"dendron.topic.markdown","anchorHeader":"footnotes"}},{"type":"wiki","from":{"fname":"dendron.release.changelog.0-2-x","id":"0eq1mz_b-gpdSZVJqruOg","vaultName":"dendron.dendron-site"},"value":"dendron.topic.markdown","alias":"docs","position":{"start":{"line":277,"column":51,"offset":8770},"end":{"line":277,"column":95,"offset":8814},"indent":[]},"xvault":false,"to":{"fname":"dendron.topic.markdown","anchorHeader":"abbreviation"}},{"type":"wiki","from":{"fname":"dendron.release.changelog.0-2-x","id":"0eq1mz_b-gpdSZVJqruOg","vaultName":"dendron.dendron-site"},"value":"dendron.guides.best-practices","alias":"docs","position":{"start":{"line":278,"column":29,"offset":8844},"end":{"line":278,"column":74,"offset":8889},"indent":[]},"xvault":false,"to":{"fname":"dendron.guides.best-practices","anchorHeader":"naming"}},{"type":"wiki","from":{"fname":"dendron.release.changelog.0-2-x","id":"0eq1mz_b-gpdSZVJqruOg","vaultName":"dendron.dendron-site"},"value":"dendron.topic.publishing.collections","alias":"Collections","position":{"start":{"line":293,"column":5,"offset":9284},"end":{"line":293,"column":57,"offset":9336},"indent":[]},"xvault":false,"to":{"fname":"dendron.topic.publishing.collections"}},{"type":"wiki","from":{"fname":"dendron.release.changelog.0-2-x","id":"0eq1mz_b-gpdSZVJqruOg","vaultName":"dendron.dendron-site"},"value":"dendron.topic.cli","alias":"docs","position":{"start":{"line":295,"column":23,"offset":9425},"end":{"line":295,"column":56,"offset":9458},"indent":[]},"xvault":false,"to":{"fname":"dendron.topic.cli","anchorHeader":"doctor"}},{"type":"wiki","from":{"fname":"dendron.release.changelog.0-2-x","id":"0eq1mz_b-gpdSZVJqruOg","vaultName":"dendron.dendron-site"},"value":"dendron.topic.config.dendron","alias":"docs","position":{"start":{"line":297,"column":66,"offset":9599},"end":{"line":297,"column":114,"offset":9647},"indent":[]},"xvault":false,"to":{"fname":"dendron.topic.config.dendron","anchorHeader":"usefmtitle"}},{"type":"wiki","from":{"fname":"dendron.release.changelog.0-2-x","id":"0eq1mz_b-gpdSZVJqruOg","vaultName":"dendron.dendron-site"},"value":"dendron.topic.publishing.configuration","alias":"docs","position":{"start":{"line":302,"column":31,"offset":9747},"end":{"line":302,"column":86,"offset":9802},"indent":[]},"xvault":false,"to":{"fname":"dendron.topic.publishing.configuration","anchorHeader":"noindex"}},{"type":"wiki","from":{"fname":"dendron.release.changelog.0-2-x","id":"0eq1mz_b-gpdSZVJqruOg","vaultName":"dendron.dendron-site"},"value":"dendron.topic.publishing.configuration","alias":"nav_exclude","position":{"start":{"line":305,"column":13,"offset":9882},"end":{"line":305,"column":79,"offset":9948},"indent":[]},"xvault":false,"to":{"fname":"dendron.topic.publishing.configuration","anchorHeader":"nav_exclude"}},{"type":"wiki","from":{"fname":"dendron.release.changelog.0-2-x","id":"0eq1mz_b-gpdSZVJqruOg","vaultName":"dendron.dendron-site"},"value":"dendron.topic.cli","alias":"output","position":{"start":{"line":306,"column":24,"offset":9979},"end":{"line":306,"column":64,"offset":10019},"indent":[]},"xvault":false,"to":{"fname":"dendron.topic.cli","anchorHeader":"buildsitev2"}},{"type":"wiki","from":{"fname":"dendron.release.changelog.0-2-x","id":"0eq1mz_b-gpdSZVJqruOg","vaultName":"dendron.dendron-site"},"value":"dendron.topic.cli","alias":"docs","position":{"start":{"line":318,"column":66,"offset":10360},"end":{"line":318,"column":118,"offset":10412},"indent":[]},"xvault":false,"to":{"fname":"dendron.topic.cli","anchorHeader":"connect-to-open-workspace"}},{"type":"wiki","from":{"fname":"dendron.release.changelog.0-2-x","id":"0eq1mz_b-gpdSZVJqruOg","vaultName":"dendron.dendron-site"},"value":"dendron.topic.publishing.configuration","alias":"docs","position":{"start":{"line":337,"column":19,"offset":10847},"end":{"line":337,"column":78,"offset":10906},"indent":[]},"xvault":false,"to":{"fname":"dendron.topic.publishing.configuration","anchorHeader":"seo-options"}},{"type":"wiki","from":{"fname":"dendron.release.changelog.0-2-x","id":"0eq1mz_b-gpdSZVJqruOg","vaultName":"dendron.dendron-site"},"value":"dendron.topic.publishing.configuration","alias":"docs","position":{"start":{"line":338,"column":33,"offset":10940},"end":{"line":338,"column":95,"offset":11002},"indent":[]},"xvault":false,"to":{"fname":"dendron.topic.publishing.configuration","anchorHeader":"github-options"}},{"type":"wiki","from":{"fname":"dendron.release.changelog.0-2-x","id":"0eq1mz_b-gpdSZVJqruOg","vaultName":"dendron.dendron-site"},"value":"dendron.topic.publishing.github","alias":"publishing to github guide","position":{"start":{"line":350,"column":9,"offset":11349},"end":{"line":350,"column":71,"offset":11411},"indent":[]},"xvault":false,"to":{"fname":"dendron.topic.publishing.github"}},{"type":"wiki","from":{"fname":"dendron.release.changelog.0-2-x","id":"0eq1mz_b-gpdSZVJqruOg","vaultName":"dendron.dendron-site"},"value":"dendron.topic.cli","alias":"docs","position":{"start":{"line":362,"column":155,"offset":11717},"end":{"line":362,"column":200,"offset":11762},"indent":[]},"xvault":false,"to":{"fname":"dendron.topic.cli","anchorHeader":"launchengineserver"}},{"type":"wiki","from":{"fname":"dendron.release.changelog.0-2-x","id":"0eq1mz_b-gpdSZVJqruOg","vaultName":"dendron.dendron-site"},"value":"dendron.topic.vaults.multi-vault","alias":"note refs for multi-vault","position":{"start":{"line":364,"column":13,"offset":11924},"end":{"line":364,"column":91,"offset":12002},"indent":[]},"xvault":false,"to":{"fname":"dendron.topic.vaults.multi-vault","anchorHeader":"note-references"}},{"type":"wiki","from":{"fname":"dendron.release.changelog.0-2-x","id":"0eq1mz_b-gpdSZVJqruOg","vaultName":"dendron.dendron-site"},"value":"dendron.topic.links","alias":"docs","position":{"start":{"line":365,"column":48,"offset":12050},"end":{"line":365,"column":87,"offset":12089},"indent":[]},"xvault":false,"to":{"fname":"dendron.topic.links","anchorHeader":"wiki-links"}},{"type":"wiki","from":{"fname":"dendron.release.changelog.0-2-x","id":"0eq1mz_b-gpdSZVJqruOg","vaultName":"dendron.dendron-site"},"value":"dendron.topic.publishing.configuration","alias":"writeStubs","position":{"start":{"line":367,"column":15,"offset":12197},"end":{"line":367,"column":88,"offset":12270},"indent":[]},"xvault":false,"to":{"fname":"dendron.topic.publishing.configuration","anchorHeader":"writestubs-optional"}},{"type":"wiki","from":{"fname":"dendron.release.changelog.0-2-x","id":"0eq1mz_b-gpdSZVJqruOg","vaultName":"dendron.dendron-site"},"value":"dendron.topic.publishing.configuration","alias":"writeStubs","position":{"start":{"line":376,"column":5,"offset":12565},"end":{"line":376,"column":78,"offset":12638},"indent":[]},"xvault":false,"to":{"fname":"dendron.topic.publishing.configuration","anchorHeader":"writestubs-optional"}},{"type":"wiki","from":{"fname":"dendron.release.changelog.0-2-x","id":"0eq1mz_b-gpdSZVJqruOg","vaultName":"dendron.dendron-site"},"value":"dendron.topic.cli","alias":"dendron cli","position":{"start":{"line":388,"column":153,"offset":13596},"end":{"line":388,"column":186,"offset":13629},"indent":[]},"xvault":false,"to":{"fname":"dendron.topic.cli"}},{"type":"wiki","from":{"fname":"dendron.release.changelog.0-2-x","id":"0eq1mz_b-gpdSZVJqruOg","vaultName":"dendron.dendron-site"},"value":"dendron.topic.publishing-legacy.configuration","alias":"siteRootDir","position":{"start":{"line":412,"column":52,"offset":14399},"end":{"line":412,"column":125,"offset":14472},"indent":[]},"xvault":false,"to":{"fname":"dendron.topic.publishing-legacy.configuration","anchorHeader":"siterootdir"}},{"type":"ref","from":{"fname":"dendron.release.changelog.0-2-x","id":"0eq1mz_b-gpdSZVJqruOg","vaultName":"dendron.dendron-site"},"value":"dendron.topic.commands","position":{"start":{"line":93,"column":1,"offset":2788},"end":{"line":93,"column":60,"offset":2847},"indent":[]},"xvault":false,"to":{"fname":"dendron.topic.commands","anchorHeader":"dendrondev-diagnostics-report,1"}},{"type":"ref","from":{"fname":"dendron.release.changelog.0-2-x","id":"0eq1mz_b-gpdSZVJqruOg","vaultName":"dendron.dendron-site"},"value":"dendron.topic.vaults.multi-vault","position":{"start":{"line":358,"column":1,"offset":11492},"end":{"line":358,"column":52,"offset":11543},"indent":[]},"xvault":false,"to":{"fname":"dendron.topic.vaults.multi-vault","anchorHeader":"publishing:#*"}}],"anchors":{"0292":{"type":"header","value":"0292","line":8,"column":0},"features":{"type":"header","value":"features","line":10,"column":0},"experimental-nunjuck-templates":{"type":"header","value":"experimental-nunjuck-templates","line":12,"column":0},"enhancements":{"type":"header","value":"enhancements","line":16,"column":0},"bug-fixes":{"type":"header","value":"bug-fixes","line":22,"column":0},"0291":{"type":"header","value":"0291","line":26,"column":0},"enhancements-1":{"type":"header","value":"enhancements-1","line":28,"column":0},"bug-fixes-1":{"type":"header","value":"bug-fixes-1","line":34,"column":0},"house-cleaning":{"type":"header","value":"house-cleaning","line":39,"column":0},"0281":{"type":"header","value":"0281","line":44,"column":0},"features-1":{"type":"header","value":"features-1","line":46,"column":0},"managed-publishing-early-preview":{"type":"header","value":"managed-publishing-early-preview","line":48,"column":0},"enhancements-2":{"type":"header","value":"enhancements-2","line":59,"column":0},"bug-fixes-2":{"type":"header","value":"bug-fixes-2","line":67,"column":0},"house-cleaning-1":{"type":"header","value":"house-cleaning-1","line":73,"column":0},"0272":{"type":"header","value":"0272","line":93,"column":0},"features-2":{"type":"header","value":"features-2","line":95,"column":0},"enhancements-3":{"type":"header","value":"enhancements-3","line":101,"column":0},"bug-fixes-3":{"type":"header","value":"bug-fixes-3","line":107,"column":0},"0271":{"type":"header","value":"0271","line":113,"column":0},"bug-fixes-4":{"type":"header","value":"bug-fixes-4","line":115,"column":0},"0261":{"type":"header","value":"0261","line":119,"column":0},"features-3":{"type":"header","value":"features-3","line":121,"column":0},"enhancements-4":{"type":"header","value":"enhancements-4","line":125,"column":0},"bug-fixes-5":{"type":"header","value":"bug-fixes-5","line":129,"column":0},"0253":{"type":"header","value":"0253","line":135,"column":0},"features-4":{"type":"header","value":"features-4","line":137,"column":0},"enhancements-5":{"type":"header","value":"enhancements-5","line":142,"column":0},"bug-fix":{"type":"header","value":"bug-fix","line":148,"column":0},"house-cleaning-2":{"type":"header","value":"house-cleaning-2","line":152,"column":0},"0252":{"type":"header","value":"0252","line":156,"column":0},"bug-fix-1":{"type":"header","value":"bug-fix-1","line":158,"column":0},"0251":{"type":"header","value":"0251","line":162,"column":0},"bug-fix-2":{"type":"header","value":"bug-fix-2","line":164,"column":0},"0242":{"type":"header","value":"0242","line":168,"column":0},"features-5":{"type":"header","value":"features-5","line":170,"column":0},"site-build-and-preview-built-in-to-extension":{"type":"header","value":"site-build-and-preview-built-in-to-extension","line":172,"column":0},"enhancements-6":{"type":"header","value":"enhancements-6","line":176,"column":0},"bug-fixes-6":{"type":"header","value":"bug-fixes-6","line":184,"column":0},"docs":{"type":"header","value":"docs","line":191,"column":0},"house-cleaning-3":{"type":"header","value":"house-cleaning-3","line":195,"column":0},"0241":{"type":"header","value":"0241","line":200,"column":0},"features-6":{"type":"header","value":"features-6","line":202,"column":0},"enhancements-7":{"type":"header","value":"enhancements-7","line":204,"column":0},"bug-fixes-7":{"type":"header","value":"bug-fixes-7","line":213,"column":0},"0232":{"type":"header","value":"0232","line":218,"column":0},"features-7":{"type":"header","value":"features-7","line":220,"column":0},"enhancements-8":{"type":"header","value":"enhancements-8","line":222,"column":0},"bug-fixes-8":{"type":"header","value":"bug-fixes-8","line":228,"column":0},"house-cleaning-4":{"type":"header","value":"house-cleaning-4","line":234,"column":0},"0231":{"type":"header","value":"0231","line":238,"column":0},"features-8":{"type":"header","value":"features-8","line":243,"column":0},"updated-note-ref-syntax":{"type":"header","value":"updated-note-ref-syntax","line":245,"column":0},"frontmatter-variable-substitution":{"type":"header","value":"frontmatter-variable-substitution","line":255,"column":0},"enhancements-9":{"type":"header","value":"enhancements-9","line":267,"column":0},"bug-fixes-9":{"type":"header","value":"bug-fixes-9","line":273,"column":0},"0222":{"type":"header","value":"0222","line":277,"column":0},"enhancements-10":{"type":"header","value":"enhancements-10","line":279,"column":0},"bug-fixes-10":{"type":"header","value":"bug-fixes-10","line":290,"column":0},"0221":{"type":"header","value":"0221","line":295,"column":0},"features-9":{"type":"header","value":"features-9","line":297,"column":0},"enhancements-11":{"type":"header","value":"enhancements-11","line":305,"column":0},"bug-fixes-11":{"type":"header","value":"bug-fixes-11","line":315,"column":0},"0212":{"type":"header","value":"0212","line":320,"column":0},"enhancements-12":{"type":"header","value":"enhancements-12","line":322,"column":0},"bug-fixes-12":{"type":"header","value":"bug-fixes-12","line":331,"column":0},"house-cleaning-5":{"type":"header","value":"house-cleaning-5","line":335,"column":0},"0211":{"type":"header","value":"0211","line":339,"column":0},"enhancements-13":{"type":"header","value":"enhancements-13","line":341,"column":0},"bug-fixes-13":{"type":"header","value":"bug-fixes-13","line":347,"column":0},"docs-1":{"type":"header","value":"docs-1","line":353,"column":0},"0202":{"type":"header","value":"0202","line":358,"column":0},"features-10":{"type":"header","value":"features-10","line":360,"column":0},"publishing-for-multi-vault":{"type":"header","value":"publishing-for-multi-vault","line":362,"column":0},"enhancements-14":{"type":"header","value":"enhancements-14","line":366,"column":0},"bug-fixes-14":{"type":"header","value":"bug-fixes-14","line":375,"column":0},"house-cleaning-6":{"type":"header","value":"house-cleaning-6","line":380,"column":0},"0201":{"type":"header","value":"0201","line":384,"column":0},"publishing-v2-preview":{"type":"header","value":"publishing-v2-preview","line":386,"column":0},"benchmarks":{"type":"header","value":"benchmarks","line":420,"column":0},"gaps":{"type":"header","value":"gaps","line":429,"column":0},"migration":{"type":"header","value":"migration","line":438,"column":0},"sample-dendronyml-config":{"type":"header","value":"sample-dendronyml-config","line":448,"column":0},"sample-repo":{"type":"header","value":"sample-repo","line":481,"column":0},"cli-command-reference":{"type":"header","value":"cli-command-reference","line":486,"column":0}},"fname":"dendron.release.changelog.0-2-x","updated":1623536562378,"created":1623536541355,"parent":"9bc92432-a24c-492b-b831-4d5378c1692b","children":[],"data":{},"contentHash":"212018b770b3dc8224d28550842fa649","custom":{}}
