{"id":"0f4f9dd0-396b-4064-b451-97a2276ce4e1","title":"Parsing Block Syntax","vault":{"fsPath":"vault","name":"dendron.dendron-site"},"type":"note","desc":"","links":[{"type":"wiki","from":{"fname":"dendron.rfc.10-blocks.parsing-block-syntax","id":"0f4f9dd0-396b-4064-b451-97a2276ce4e1","vaultName":"dendron.dendron-site"},"value":"dendron.rfc.10-blocks","alias":"Block Links","position":{"start":{"line":10,"column":7,"offset":378},"end":{"line":10,"column":56,"offset":427},"indent":[]},"xvault":false,"to":{"fname":"dendron.rfc.10-blocks","anchorHeader":"block-links"}},{"type":"wiki","from":{"fname":"dendron.rfc.10-blocks.parsing-block-syntax","id":"0f4f9dd0-396b-4064-b451-97a2276ce4e1","vaultName":"dendron.dendron-site"},"value":"dendron.rfc.10-blocks","alias":"Block Anchor","position":{"start":{"line":17,"column":7,"offset":766},"end":{"line":17,"column":58,"offset":817},"indent":[]},"xvault":false,"to":{"fname":"dendron.rfc.10-blocks","anchorHeader":"block-anchor"}},{"type":"wiki","from":{"fname":"dendron.rfc.10-blocks.parsing-block-syntax","id":"0f4f9dd0-396b-4064-b451-97a2276ce4e1","vaultName":"dendron.dendron-site"},"value":"dendron.rfc.10-blocks","alias":"Block Reference Link","position":{"start":{"line":23,"column":7,"offset":959},"end":{"line":23,"column":74,"offset":1026},"indent":[]},"xvault":false,"to":{"fname":"dendron.rfc.10-blocks","anchorHeader":"block-reference-link"}},{"from":{"fname":"dendron.rfc.10-blocks","vaultName":"dendron.dendron-site"},"type":"backlink","position":{"start":{"line":105,"column":7,"offset":2974},"end":{"line":105,"column":74,"offset":3041},"indent":[]},"value":"dendron.rfc.10-blocks.parsing-block-syntax"}],"anchors":{"tasks":{"type":"header","value":"tasks","line":9,"column":0},"parsing-block-links":{"type":"header","value":"parsing-block-links","line":15,"column":0},"parsing-block-anchors":{"type":"header","value":"parsing-block-anchors","line":22,"column":0},"parsing-block-reference-link":{"type":"header","value":"parsing-block-reference-link","line":28,"column":0}},"fname":"dendron.rfc.10-blocks.parsing-block-syntax","updated":1621656837546,"created":1619807883119,"parent":"95f7193b-9940-42ba-841f-3e2a4d937ba3","children":[],"data":{},"contentHash":"3e7144c01fa5a652c5634621d3215adf","custom":{}}
