{"id":"11c9f170-3864-4406-9631-053241553b35","title":"Release Notes(version 0.16)","vault":{"fsPath":"vault","name":"dendron.dendron-site"},"type":"note","desc":"","links":[{"type":"wiki","from":{"fname":"dendron.release.2020-11-15","id":"11c9f170-3864-4406-9631-053241553b35","vaultName":"dendron.dendron-site"},"value":"tags.office-hours","alias":"#office-hours","position":{"start":{"line":20,"column":122,"offset":1020},"end":{"line":20,"column":135,"offset":1033},"indent":[]},"xvault":false,"to":{"fname":"tags.office-hours"}}],"anchors":{"highlights":{"type":"header","value":"highlights","line":9,"column":0},"community":{"type":"header","value":"community","line":21,"column":0},"in-the-works":{"type":"header","value":"in-the-works","line":29,"column":0},"thanks":{"type":"header","value":"thanks","line":35,"column":0}},"fname":"dendron.release.2020-11-15","updated":1616950016820,"created":1605459905174,"parent":"932534e7-e788-4fdb-bc8c-eaf761992a8d","children":[],"data":{},"contentHash":"9fb7cfceb0411d551073f6b77c720feb","custom":{}}
