{"id":"12551d19-04c2-4d26-ac1e-d23ff3181a9c","title":"Hooks","vault":{"fsPath":"vault","name":"dendron.dendron-site"},"type":"note","desc":"","links":[{"type":"wiki","from":{"fname":"dendron.topic.hooks","id":"12551d19-04c2-4d26-ac1e-d23ff3181a9c","vaultName":"dendron.dendron-site"},"value":"dendron.topic.hooks.api","alias":"API","position":{"start":{"line":3,"column":3,"offset":14},"end":{"line":3,"column":44,"offset":55},"indent":[]},"xvault":false,"to":{"fname":"dendron.topic.hooks.api","anchorHeader":"^bPnv52_x"}},{"type":"wiki","from":{"fname":"dendron.topic.hooks","id":"12551d19-04c2-4d26-ac1e-d23ff3181a9c","vaultName":"dendron.dendron-site"},"value":"dendron.ref.status","alias":"Experimental 🧪","position":{"start":{"line":4,"column":3,"offset":58},"end":{"line":4,"column":57,"offset":112},"indent":[]},"xvault":false,"to":{"fname":"dendron.ref.status","anchorHeader":"experimental-🧪"}},{"type":"wiki","from":{"fname":"dendron.topic.hooks","id":"12551d19-04c2-4d26-ac1e-d23ff3181a9c","vaultName":"dendron.dendron-site"},"value":"dendron.rfc.9-note-lifecycle-hooks","alias":"9 Note Lifecycle Hooks","position":{"start":{"line":14,"column":3,"offset":410},"end":{"line":14,"column":64,"offset":471},"indent":[]},"xvault":false,"to":{"fname":"dendron.rfc.9-note-lifecycle-hooks"}},{"from":{"fname":"dendron.faq","vaultName":"dendron.dendron-site"},"type":"backlink","position":{"start":{"line":330,"column":70,"offset":22831},"end":{"line":330,"column":99,"offset":22860},"indent":[]},"value":"dendron.topic.hooks"},{"from":{"fname":"dendron.features","vaultName":"dendron.dendron-site"},"type":"backlink","position":{"start":{"line":138,"column":276,"offset":8209},"end":{"line":138,"column":299,"offset":8232},"indent":[]},"value":"dendron.topic.hooks"},{"from":{"fname":"dendron.release.changelog","vaultName":"dendron.dendron-site"},"type":"backlink","position":{"start":{"line":612,"column":1,"offset":17304},"end":{"line":612,"column":25,"offset":17328},"indent":[]},"value":"dendron.topic.hooks"},{"from":{"fname":"dendron.topic.commands","vaultName":"dendron.dendron-site"},"type":"backlink","position":{"start":{"line":299,"column":17,"offset":10116},"end":{"line":299,"column":45,"offset":10144},"indent":[]},"value":"dendron.topic.hooks"},{"from":{"fname":"dendron.topic.commands","vaultName":"dendron.dendron-site"},"type":"backlink","position":{"start":{"line":310,"column":17,"offset":10571},"end":{"line":310,"column":45,"offset":10599},"indent":[]},"value":"dendron.topic.hooks"},{"from":{"fname":"dendron.topic.hooks.config","vaultName":"dendron.dendron-site"},"type":"backlink","position":{"start":{"line":2,"column":31,"offset":31},"end":{"line":2,"column":60,"offset":60},"indent":[]},"value":"dendron.topic.hooks"}],"anchors":{"summary":{"type":"header","value":"summary","line":8,"column":0},"use-cases":{"type":"header","value":"use-cases","line":14,"column":0},"related":{"type":"header","value":"related","line":19,"column":0}},"fname":"dendron.topic.hooks","updated":1623706759532,"created":1620426131596,"parent":"7a7af2fa-b9d0-4adc-81e6-f03186123539","children":["94131f34-a7bf-4075-9da4-c853f0c5eca6","fcadb1e1-57eb-49fa-a5f8-df11c2a8c685","61055b5f-6216-4fd3-b9a1-82f79017b59e","070f5adf-3ea3-4e83-b468-75d1b4b6094a","be12c6a8-14d4-4a10-ae28-d8e0bb78397d"],"data":{},"contentHash":"f89e35a194a6f343a523b56e13687c63","custom":{},"schema":{"schemaId":"topic","moduleId":"dendron"}}
