{"id":"125c990b-6fe7-4ada-a65f-44cbde8b33f0","title":"Contribute","vault":{"fsPath":"vault","name":"dendron.dendron-site"},"type":"note","desc":"","links":[{"type":"ref","from":{"fname":"dendron.contribute","id":"125c990b-6fe7-4ada-a65f-44cbde8b33f0","vaultName":"dendron.dendron-site"},"value":"dendron.contribute.dev","position":{"start":{"line":6,"column":1,"offset":39},"end":{"line":6,"column":41,"offset":79},"indent":[]},"xvault":false,"to":{"fname":"dendron.contribute.dev","anchorHeader":"summary,1:#*"}},{"type":"ref","from":{"fname":"dendron.contribute","id":"125c990b-6fe7-4ada-a65f-44cbde8b33f0","vaultName":"dendron.dendron-site"},"value":"dendron.contribute.first-dev","position":{"start":{"line":10,"column":1,"offset":108},"end":{"line":10,"column":34,"offset":141},"indent":[]},"xvault":false,"to":{"fname":"dendron.contribute.first-dev"}},{"type":"ref","from":{"fname":"dendron.contribute","id":"125c990b-6fe7-4ada-a65f-44cbde8b33f0","vaultName":"dendron.dendron-site"},"value":"dendron.contribute.documentation","position":{"start":{"line":14,"column":1,"offset":161},"end":{"line":14,"column":51,"offset":211},"indent":[]},"xvault":false,"to":{"fname":"dendron.contribute.documentation","anchorHeader":"summary,1:#*"}},{"type":"ref","from":{"fname":"dendron.contribute","id":"125c990b-6fe7-4ada-a65f-44cbde8b33f0","vaultName":"dendron.dendron-site"},"value":"dendron.contribute.financial","position":{"start":{"line":18,"column":1,"offset":229},"end":{"line":18,"column":34,"offset":262},"indent":[]},"xvault":false,"to":{"fname":"dendron.contribute.financial"}},{"type":"ref","from":{"fname":"dendron.contribute","id":"125c990b-6fe7-4ada-a65f-44cbde8b33f0","vaultName":"dendron.dendron-site"},"value":"dendron.contribute.spread-the-word","position":{"start":{"line":22,"column":1,"offset":286},"end":{"line":22,"column":40,"offset":325},"indent":[]},"xvault":false,"to":{"fname":"dendron.contribute.spread-the-word"}}],"anchors":{"table-of-contents":{"type":"header","value":"table-of-contents","line":10,"column":0},"development":{"type":"header","value":"development","line":12,"column":0},"first-time-developers":{"type":"header","value":"first-time-developers","line":17,"column":0},"documentation":{"type":"header","value":"documentation","line":21,"column":0},"financially":{"type":"header","value":"financially","line":25,"column":0},"spread-the-word":{"type":"header","value":"spread-the-word","line":29,"column":0}},"fname":"dendron.contribute","updated":1624382448407,"created":1596817278150,"parent":"b0fe6ef7-1553-4280-bc45-a71824c2ce36","children":["81da87be-2d4e-47b5-a1d6-c0d647e1ab00","b58801fc-43a9-4d42-a58b-eabc3e8538cb","abda4d2a-d8a2-4dd6-8ea0-4a5661fa13c1","70b4a93a-c7e0-4e1c-a873-3a9a291f5248","QbSG6cxvmNoqHWt4_76Q8"],"data":{},"contentHash":"43ae0962ca4a675f243381c09fc55062","custom":{"stub":false,"nav_order":9.5,"toc":true}}
