{"id":"132698b3-cfe0-457f-b7d6-7ddba5cfe096","title":"Quickstart","vault":{"fsPath":"vault","name":"dendron.dendron-site"},"type":"note","desc":"getting started with a project","links":[{"type":"wiki","from":{"fname":"pkg.dendron-11ty.quickstart","id":"132698b3-cfe0-457f-b7d6-7ddba5cfe096","vaultName":"dendron.dendron-site"},"value":"dendron.concepts","alias":"workspace root","position":{"start":{"line":13,"column":14,"offset":182},"end":{"line":13,"column":59,"offset":227},"indent":[]},"xvault":false,"to":{"fname":"dendron.concepts","anchorHeader":"workspace"}},{"from":{"fname":"pkg.dendron-11ty.qa","vaultName":"dendron.dendron-site"},"type":"backlink","position":{"start":{"line":16,"column":3,"offset":248},"end":{"line":16,"column":68,"offset":313},"indent":[]},"value":"pkg.dendron-11ty.quickstart"},{"from":{"fname":"pkg.dendron-11ty.setup","vaultName":"dendron.dendron-site"},"type":"backlink","position":{"start":{"line":17,"column":1,"offset":221},"end":{"line":17,"column":61,"offset":281},"indent":[]},"value":"pkg.dendron-11ty.quickstart"},{"from":{"fname":"pkg.dendron-11ty.setup","vaultName":"dendron.dendron-site"},"type":"backlink","position":{"start":{"line":51,"column":1,"offset":1147},"end":{"line":51,"column":66,"offset":1212},"indent":[]},"value":"pkg.dendron-11ty.quickstart"}],"anchors":{"install-dendron-11ty":{"type":"header","value":"install-dendron-11ty","line":9,"column":0},"start-the-server-in-preview":{"type":"header","value":"start-the-server-in-preview","line":17,"column":0},"build-notes-for-production":{"type":"header","value":"build-notes-for-production","line":25,"column":0}},"fname":"pkg.dendron-11ty.quickstart","updated":1611515835789,"created":1611515667674,"parent":"a54ec55b-7624-46af-9d50-5ad734e3a80f","children":[],"data":{},"contentHash":"901dd18fe8d47374c42be97fa3a9e022","custom":{}}
