{"id":"137008c9-29ca-436c-a94c-dc378a942b1f","title":"Markdown Integration","vault":{"fsPath":"vault","name":"dendron.dendron-site"},"type":"note","desc":"","links":[{"from":{"fname":"dendron.rfc.10-blocks","vaultName":"dendron.dendron-site"},"type":"backlink","position":{"start":{"line":106,"column":7,"offset":3048},"end":{"line":106,"column":74,"offset":3115},"indent":[]},"value":"dendron.rfc.10-blocks.markdown-integration"}],"anchors":{"design":{"type":"header","value":"design","line":9,"column":0},"tasks":{"type":"header","value":"tasks","line":13,"column":0},"compiling-block-links":{"type":"header","value":"compiling-block-links","line":18,"column":0}},"fname":"dendron.rfc.10-blocks.markdown-integration","updated":1621066575066,"created":1619807298632,"parent":"95f7193b-9940-42ba-841f-3e2a4d937ba3","children":[],"data":{},"contentHash":"0c6001e57bbcb21dc0d3d81c5a5e0219","custom":{}}
