{"id":"1399b5d2-28fb-4077-aa5f-c8edbe52bc5d","title":"Preview Your Site","vault":{"fsPath":"vault","name":"dendron.dendron-site"},"type":"note","desc":"","links":[{"type":"wiki","from":{"fname":"dendron.topic.publishing.quickstart.preview-your-site","id":"1399b5d2-28fb-4077-aa5f-c8edbe52bc5d","vaultName":"dendron.dendron-site"},"value":"dendron.topic.cli","alias":"Dendron CLI","position":{"start":{"line":5,"column":73,"offset":82},"end":{"line":5,"column":106,"offset":115},"indent":[]},"xvault":false,"to":{"fname":"dendron.topic.cli"}},{"type":"wiki","from":{"fname":"dendron.topic.publishing.quickstart.preview-your-site","id":"1399b5d2-28fb-4077-aa5f-c8edbe52bc5d","vaultName":"dendron.dendron-site"},"value":"dendron.guides.install-node","alias":"here","position":{"start":{"line":9,"column":53,"offset":190},"end":{"line":9,"column":89,"offset":226},"indent":[]},"xvault":false,"to":{"fname":"dendron.guides.install-node"}},{"type":"wiki","from":{"fname":"dendron.topic.publishing.quickstart.preview-your-site","id":"1399b5d2-28fb-4077-aa5f-c8edbe52bc5d","vaultName":"dendron.dendron-site"},"value":"dendron.guides.install-node","alias":"here Node","position":{"start":{"line":14,"column":55,"offset":319},"end":{"line":14,"column":96,"offset":360},"indent":[]},"xvault":false,"to":{"fname":"dendron.guides.install-node"}},{"type":"wiki","from":{"fname":"dendron.topic.publishing.quickstart.preview-your-site","id":"1399b5d2-28fb-4077-aa5f-c8edbe52bc5d","vaultName":"dendron.dendron-site"},"value":"dendron.topic.publishing.configuration","alias":"siteRootDir","position":{"start":{"line":80,"column":52,"offset":1970},"end":{"line":80,"column":127,"offset":2045},"indent":[]},"xvault":false,"to":{"fname":"dendron.topic.publishing.configuration","anchorHeader":"siterootdir-required"}},{"type":"wiki","from":{"fname":"dendron.topic.publishing.quickstart.preview-your-site","id":"1399b5d2-28fb-4077-aa5f-c8edbe52bc5d","vaultName":"dendron.dendron-site"},"value":"dendron.topic.publishing.quickstart.publishing-your-site","alias":"publishing your site","position":{"start":{"line":84,"column":35,"offset":2174},"end":{"line":84,"column":116,"offset":2255},"indent":[]},"xvault":false,"to":{"fname":"dendron.topic.publishing.quickstart.publishing-your-site"}},{"from":{"fname":"dendron.topic.publishing.misc","vaultName":"dendron.dendron-site"},"type":"backlink","position":{"start":{"line":12,"column":3,"offset":337},"end":{"line":12,"column":78,"offset":412},"indent":[]},"value":"dendron.topic.publishing.quickstart.preview-your-site"}],"anchors":{"cli":{"type":"header","value":"cli","line":10,"column":0},"pre-requisites":{"type":"header","value":"pre-requisites","line":14,"column":0},"requirements":{"type":"header","value":"requirements","line":18,"column":0},"setup":{"type":"header","value":"setup","line":23,"column":0},"local-preview":{"type":"header","value":"local-preview","line":33,"column":0},"build-for-deployment":{"type":"header","value":"build-for-deployment","line":79,"column":0},"get-ready-to-publish":{"type":"header","value":"get-ready-to-publish","line":89,"column":0}},"fname":"dendron.topic.publishing.quickstart.preview-your-site","updated":1622954640267,"created":1610844309611,"parent":"861e4e48-dcc5-4813-a695-8940ba6e64d3","children":[],"data":{},"contentHash":"89294b5ecd4e7f7be26e97c29ecd4aa4","custom":{"nav_order":1}}
