{"id":"13c4a608-0a32-4c62-9c7e-2b7f9f2d18bf","title":"Markdown Pod","vault":{"fsPath":"vault","name":"dendron.dendron-site"},"type":"note","desc":"","links":[{"type":"ref","from":{"fname":"dendron.topic.pod.builtin.markdown","id":"13c4a608-0a32-4c62-9c7e-2b7f9f2d18bf","vaultName":"dendron.dendron-site"},"value":"dendron.topic.pod.builtin.markdown.export","position":{"start":{"line":12,"column":1,"offset":113},"end":{"line":12,"column":60,"offset":172},"indent":[]},"xvault":false,"to":{"fname":"dendron.topic.pod.builtin.markdown.export","anchorHeader":"summary,1:#*"}},{"type":"ref","from":{"fname":"dendron.topic.pod.builtin.markdown","id":"13c4a608-0a32-4c62-9c7e-2b7f9f2d18bf","vaultName":"dendron.dendron-site"},"value":"dendron.topic.pod.builtin.markdown.import","position":{"start":{"line":17,"column":1,"offset":187},"end":{"line":17,"column":60,"offset":246},"indent":[]},"xvault":false,"to":{"fname":"dendron.topic.pod.builtin.markdown.import","anchorHeader":"summary,1:#*"}},{"type":"ref","from":{"fname":"dendron.topic.pod.builtin.markdown","id":"13c4a608-0a32-4c62-9c7e-2b7f9f2d18bf","vaultName":"dendron.dendron-site"},"value":"dendron.topic.pod.builtin.markdown.publish","position":{"start":{"line":21,"column":1,"offset":261},"end":{"line":21,"column":58,"offset":318},"indent":[]},"xvault":false,"to":{"fname":"dendron.topic.pod.builtin.markdown.publish","anchorHeader":"summary,1"}},{"from":{"fname":"dendron.guides.migration","vaultName":"dendron.dendron-site"},"type":"backlink","position":{"start":{"line":5,"column":12,"offset":80},"end":{"line":5,"column":63,"offset":131},"indent":[]},"value":"dendron.topic.pod.builtin.markdown"},{"from":{"fname":"dendron.guides.migration","vaultName":"dendron.dendron-site"},"type":"backlink","position":{"start":{"line":15,"column":12,"offset":971},"end":{"line":15,"column":63,"offset":1022},"indent":[]},"value":"dendron.topic.pod.builtin.markdown"},{"from":{"fname":"dendron.guides.migration","vaultName":"dendron.dendron-site"},"type":"backlink","position":{"start":{"line":20,"column":12,"offset":1208},"end":{"line":20,"column":70,"offset":1266},"indent":[]},"value":"dendron.topic.pod.builtin.markdown"},{"from":{"fname":"dendron.topic.markdown","vaultName":"dendron.dendron-site"},"type":"backlink","position":{"start":{"line":327,"column":17,"offset":7129},"end":{"line":327,"column":68,"offset":7180},"indent":[]},"value":"dendron.topic.pod.builtin.markdown"},{"from":{"fname":"dendron.topic.pod","vaultName":"dendron.dendron-site"},"type":"backlink","position":{"start":{"line":35,"column":40,"offset":1497},"end":{"line":35,"column":91,"offset":1548},"indent":[]},"value":"dendron.topic.pod.builtin.markdown"},{"from":{"fname":"dendron.release.changelog.0-3-x","vaultName":"dendron.dendron-site"},"type":"backlink","position":{"start":{"line":263,"column":58,"offset":7938},"end":{"line":263,"column":123,"offset":8003},"indent":[]},"value":"dendron.topic.pod.builtin.markdown"},{"from":{"fname":"dendron.release.changelog.0-3-x","vaultName":"dendron.dendron-site"},"type":"backlink","position":{"start":{"line":225,"column":1,"offset":6171},"end":{"line":225,"column":52,"offset":6222},"indent":[]},"value":"dendron.topic.pod.builtin.markdown"},{"from":{"fname":"dendron.topic.pod.builtin","vaultName":"dendron.dendron-site"},"type":"backlink","position":{"start":{"line":11,"column":1,"offset":308},"end":{"line":11,"column":53,"offset":360},"indent":[]},"value":"dendron.topic.pod.builtin.markdown"}],"anchors":{"summary":{"type":"header","value":"summary","line":8,"column":0},"export":{"type":"header","value":"export","line":16,"column":0},"import":{"type":"header","value":"import","line":21,"column":0},"publish":{"type":"header","value":"publish","line":25,"column":0}},"fname":"dendron.topic.pod.builtin.markdown","updated":1617328011663,"created":1603306941128,"parent":"3e519113-5820-4a84-bef8-85103a7b296b","children":["ccab31c4-e9ca-4ee8-b754-f786a3f3be6e","f23a6290-2dec-45dc-b616-c218ee53db6b","31d1e024-fe37-477b-b525-d94b0c136aeb"],"data":{},"contentHash":"a16a0be5c2524bbde6cdb23e21ac5dd8","custom":{}}
