{"id":"1572fad1-a971-4802-81d9-ac678cee84a6","title":"Release Notes (version 0.43)","vault":{"fsPath":"vault","name":"dendron.dendron-site"},"type":"note","desc":"","links":[{"type":"wiki","from":{"fname":"dendron.release.2021-05-24","id":"1572fad1-a971-4802-81d9-ac678cee84a6","vaultName":"dendron.dendron-site"},"value":"dendron.community.office-hours.2021.05.23","alias":"here","position":{"start":{"line":15,"column":49,"offset":297},"end":{"line":15,"column":99,"offset":347},"indent":[]},"xvault":false,"to":{"fname":"dendron.community.office-hours.2021.05.23"}},{"type":"wiki","from":{"fname":"dendron.release.2021-05-24","id":"1572fad1-a971-4802-81d9-ac678cee84a6","vaultName":"dendron.dendron-site"},"value":"dendron.community.roles","alias":"here","position":{"start":{"line":20,"column":38,"offset":542},"end":{"line":20,"column":70,"offset":574},"indent":[]},"xvault":false,"to":{"fname":"dendron.community.roles"}},{"type":"ref","from":{"fname":"dendron.release.2021-05-24","id":"1572fad1-a971-4802-81d9-ac678cee84a6","vaultName":"dendron.dendron-site"},"value":"dendron.release.changelog","position":{"start":{"line":45,"column":1,"offset":1465},"end":{"line":45,"column":40,"offset":1504},"indent":[]},"xvault":false,"to":{"fname":"dendron.release.changelog","anchorHeader":"043:#042"}}],"anchors":{"highlights":{"type":"header","value":"highlights","line":10,"column":0},"community":{"type":"header","value":"community","line":17,"column":0},"office-hours":{"type":"header","value":"office-hours","line":19,"column":0},"thank-yous":{"type":"header","value":"thank-yous","line":23,"column":0},"changelog":{"type":"header","value":"changelog","line":50,"column":0}},"fname":"dendron.release.2021-05-24","updated":1621897400162,"created":1621888251389,"parent":"932534e7-e788-4fdb-bc8c-eaf761992a8d","children":[],"data":{},"contentHash":"21943478cd5c30d667ef81b0f7bb0c4d","custom":{}}
