{"id":"1698aef0-efd4-4c92-a3b0-5ca702b228a3","title":"Cook","vault":{"fsPath":"vault","name":"dendron.dendron-site"},"type":"note","desc":"","links":[{"type":"wiki","from":{"fname":"pkg.dendron-next-server.cook","id":"1698aef0-efd4-4c92-a3b0-5ca702b228a3","vaultName":"dendron.dendron-site"},"value":"scratch.2021.05.21.121558.scrollbar","alias":"Overflow","position":{"start":{"line":64,"column":7,"offset":1692},"end":{"line":64,"column":55,"offset":1740},"indent":[]},"xvault":false,"to":{"fname":"scratch.2021.05.21.121558.scrollbar"}},{"type":"wiki","from":{"fname":"pkg.dendron-next-server.cook","id":"1698aef0-efd4-4c92-a3b0-5ca702b228a3","vaultName":"dendron.dendron-site"},"value":"pkg.dendron-next-server.dev","alias":"instructions","position":{"start":{"line":101,"column":5,"offset":3535},"end":{"line":101,"column":59,"offset":3589},"indent":[]},"xvault":false,"to":{"fname":"pkg.dendron-next-server.dev","anchorHeader":"^MgEdJdyD"}}],"anchors":{"updating-the-theme":{"type":"header","value":"updating-the-theme","line":9,"column":0},"integrating-a-view-with-the-plugin":{"type":"header","value":"integrating-a-view-with-the-plugin","line":17,"column":0},"integrating-a-tree-view-with-the-plugin":{"type":"header","value":"integrating-a-tree-view-with-the-plugin","line":20,"column":0},"adding-a-vscode-webview":{"type":"header","value":"adding-a-vscode-webview","line":24,"column":0},"send-a-message":{"type":"header","value":"send-a-message","line":35,"column":0},"find-a-specific-view":{"type":"header","value":"find-a-specific-view","line":68,"column":0},"using-a-custom-workspace":{"type":"header","value":"using-a-custom-workspace","line":78,"column":0},"use-redux-dev-tools":{"type":"header","value":"use-redux-dev-tools","line":103,"column":0},"passing-query-parameters":{"type":"header","value":"passing-query-parameters","line":110,"column":0}},"fname":"pkg.dendron-next-server.cook","updated":1624320975618,"created":1621376746723,"parent":"7cdd9a74-8b8f-4564-906b-c963bed34273","children":[],"data":{},"contentHash":"848621eae6feea11a5c55d76c73b00d8","custom":{}}
