{"id":"16qtgkcY-tgiYZWafX9Sp","title":"Release Notes (version 0.50)","vault":{"fsPath":"vault","name":"dendron.dendron-site"},"type":"note","desc":"","links":[{"type":"wiki","from":{"fname":"dendron.release.2021-07-12","id":"16qtgkcY-tgiYZWafX9Sp","vaultName":"dendron.dendron-site"},"value":"dendron.ref.intellisense","alias":"here","position":{"start":{"line":10,"column":226,"offset":550},"end":{"line":10,"column":259,"offset":583},"indent":[]},"xvault":false,"to":{"fname":"dendron.ref.intellisense"}},{"type":"wiki","from":{"fname":"dendron.release.2021-07-12","id":"16qtgkcY-tgiYZWafX9Sp","vaultName":"dendron.dendron-site"},"value":"dendron.topic.pod.builtin.github","alias":"here","position":{"start":{"line":13,"column":117,"offset":871},"end":{"line":13,"column":158,"offset":912},"indent":[]},"xvault":false,"to":{"fname":"dendron.topic.pod.builtin.github"}},{"type":"wiki","from":{"fname":"dendron.release.2021-07-12","id":"16qtgkcY-tgiYZWafX9Sp","vaultName":"dendron.dendron-site"},"value":"dendron.tutorial","alias":"dendron.tutorial","position":{"start":{"line":21,"column":16,"offset":1269},"end":{"line":21,"column":36,"offset":1289},"indent":[]},"xvault":false,"to":{"fname":"dendron.tutorial"}},{"type":"wiki","from":{"fname":"dendron.release.2021-07-12","id":"16qtgkcY-tgiYZWafX9Sp","vaultName":"dendron.dendron-site"},"value":"dendron.guides.best-practices","alias":"dendron.guides.best-practices","position":{"start":{"line":22,"column":9,"offset":1419},"end":{"line":22,"column":42,"offset":1452},"indent":[]},"xvault":false,"to":{"fname":"dendron.guides.best-practices"}},{"type":"wiki","from":{"fname":"dendron.release.2021-07-12","id":"16qtgkcY-tgiYZWafX9Sp","vaultName":"dendron.dendron-site"},"value":"dendron.ref.intellisense","alias":"dendron.ref.intellisense","position":{"start":{"line":23,"column":12,"offset":1528},"end":{"line":23,"column":40,"offset":1556},"indent":[]},"xvault":false,"to":{"fname":"dendron.ref.intellisense"}},{"type":"wiki","from":{"fname":"dendron.release.2021-07-12","id":"16qtgkcY-tgiYZWafX9Sp","vaultName":"dendron.dendron-site"},"value":"dendron.topic.pod.builtin.github.import","alias":"Github Pod","position":{"start":{"line":24,"column":18,"offset":1576},"end":{"line":24,"column":72,"offset":1630},"indent":[]},"xvault":false,"to":{"fname":"dendron.topic.pod.builtin.github.import"}},{"type":"wiki","from":{"fname":"dendron.release.2021-07-12","id":"16qtgkcY-tgiYZWafX9Sp","vaultName":"dendron.dendron-site"},"value":"dendron.topic.publishing.configuration","alias":"hide block anchors config","position":{"start":{"line":28,"column":3,"offset":1647},"end":{"line":28,"column":71,"offset":1715},"indent":[]},"xvault":false,"to":{"fname":"dendron.topic.publishing.configuration"}},{"type":"wiki","from":{"fname":"dendron.release.2021-07-12","id":"16qtgkcY-tgiYZWafX9Sp","vaultName":"dendron.dendron-site"},"value":"dendron.community.office-hours.2021.07.11","alias":"here","position":{"start":{"line":41,"column":49,"offset":2329},"end":{"line":41,"column":99,"offset":2379},"indent":[]},"xvault":false,"to":{"fname":"dendron.community.office-hours.2021.07.11"}},{"type":"wiki","from":{"fname":"dendron.release.2021-07-12","id":"16qtgkcY-tgiYZWafX9Sp","vaultName":"dendron.dendron-site"},"value":"dendron.community.roles","alias":"here","position":{"start":{"line":54,"column":38,"offset":2997},"end":{"line":54,"column":70,"offset":3029},"indent":[]},"xvault":false,"to":{"fname":"dendron.community.roles"}},{"type":"ref","from":{"fname":"dendron.release.2021-07-12","id":"16qtgkcY-tgiYZWafX9Sp","vaultName":"dendron.dendron-site"},"value":"dendron.release.changelog","position":{"start":{"line":57,"column":1,"offset":3045},"end":{"line":57,"column":42,"offset":3086},"indent":[]},"xvault":false,"to":{"fname":"dendron.release.changelog","anchorHeader":"050,1:#049"}}],"anchors":{"highlights":{"type":"header","value":"highlights","line":12,"column":0},"docs":{"type":"header","value":"docs","line":23,"column":0},"pruning":{"type":"header","value":"pruning","line":33,"column":0},"ongoing":{"type":"header","value":"ongoing","line":37,"column":0},"community":{"type":"header","value":"community","line":43,"column":0},"office-hours":{"type":"header","value":"office-hours","line":45,"column":0},"thank-yous":{"type":"header","value":"thank-yous","line":49,"column":0},"changelog":{"type":"header","value":"changelog","line":62,"column":0}},"fname":"dendron.release.2021-07-12","updated":1626731345926,"created":1626100738632,"parent":"932534e7-e788-4fdb-bc8c-eaf761992a8d","children":[],"data":{},"contentHash":"f90927fe8b5e9f292e83a6b091548e8b","custom":{}}
