{"id":"17c61d62-f92e-4002-b8fe-9c05686e4bf9","title":"1 Dendron: Next Edition","vault":{"fsPath":"vault","name":"dendron.dendron-site"},"type":"note","desc":"","links":[],"anchors":{"why":{"type":"header","value":"why","line":8,"column":0},"goals-with-v1":{"type":"header","value":"goals-with-v1","line":21,"column":0},"stretch-goals":{"type":"header","value":"stretch-goals","line":24,"column":0},"additional-features":{"type":"header","value":"additional-features","line":29,"column":0},"future-goals":{"type":"header","value":"future-goals","line":32,"column":0},"considerations":{"type":"header","value":"considerations","line":36,"column":0},"tasks":{"type":"header","value":"tasks","line":47,"column":0},"related":{"type":"header","value":"related","line":52,"column":0}},"fname":"dendron.rfc.1-dendron-nextjs","updated":1615160650280,"created":1610911846754,"parent":"f143ca38-dcc6-4cd3-b84b-997aec1160ef","children":[],"data":{},"contentHash":"d1c0917c592e7c02732a14990cc471b2","custom":{}}
