{"id":"1b1aef8e-c9d5-42de-b850-d1b1467cf88b","title":"Release Notes(version 0.13)","vault":{"fsPath":"vault","name":"dendron.dendron-site"},"type":"note","desc":"","links":[{"type":"wiki","from":{"fname":"dendron.release.2020-10-19","id":"1b1aef8e-c9d5-42de-b850-d1b1467cf88b","vaultName":"dendron.dendron-site"},"value":"dendron.roadmap.project.n.2020.server-migration","alias":"server migration","position":{"start":{"line":7,"column":34,"offset":329},"end":{"line":7,"column":102,"offset":397},"indent":[]},"xvault":false,"to":{"fname":"dendron.roadmap.project.n.2020.server-migration"}},{"type":"wiki","from":{"fname":"dendron.release.2020-10-19","id":"1b1aef8e-c9d5-42de-b850-d1b1467cf88b","vaultName":"dendron.dendron-site"},"value":"dendron.roadmap.project.n.2020.multi-vault","alias":"multi vault support","position":{"start":{"line":10,"column":65,"offset":662},"end":{"line":10,"column":131,"offset":728},"indent":[]},"xvault":false,"to":{"fname":"dendron.roadmap.project.n.2020.multi-vault"}},{"type":"wiki","from":{"fname":"dendron.release.2020-10-19","id":"1b1aef8e-c9d5-42de-b850-d1b1467cf88b","vaultName":"dendron.dendron-site"},"value":"dendron.topic.seeds","alias":"seeds","position":{"start":{"line":34,"column":46,"offset":2169},"end":{"line":34,"column":75,"offset":2198},"indent":[]},"xvault":false,"to":{"fname":"dendron.topic.seeds"}},{"type":"ref","from":{"fname":"dendron.release.2020-10-19","id":"1b1aef8e-c9d5-42de-b850-d1b1467cf88b","vaultName":"dendron.dendron-site"},"value":"dendron.community.showcase","position":{"start":{"line":36,"column":1,"offset":2454},"end":{"line":36,"column":56,"offset":2509},"indent":[]},"xvault":false,"to":{"fname":"dendron.community.showcase","anchorHeader":"open-pkm-catalogue,1:#*"}},{"type":"ref","from":{"fname":"dendron.release.2020-10-19","id":"1b1aef8e-c9d5-42de-b850-d1b1467cf88b","vaultName":"dendron.dendron-site"},"value":"dendron.community.showcase","position":{"start":{"line":37,"column":1,"offset":2510},"end":{"line":37,"column":56,"offset":2565},"indent":[]},"xvault":false,"to":{"fname":"dendron.community.showcase","anchorHeader":"open-aws-catalogue,1:#*"}}],"anchors":{"highlights":{"type":"header","value":"highlights","line":11,"column":0},"seeds":{"type":"header","value":"seeds","line":38,"column":0},"sustainability":{"type":"header","value":"sustainability","line":45,"column":0},"thank-you":{"type":"header","value":"thank-you","line":49,"column":0}},"fname":"dendron.release.2020-10-19","updated":1616949985965,"created":1603123991664,"parent":"932534e7-e788-4fdb-bc8c-eaf761992a8d","children":[],"data":{},"contentHash":"eb5e5cdb58d76b4aa97996d0367f2632","custom":{}}
