{"id":"1bb018db-8f8e-46c8-ac4a-4baf4813b0c8","title":"6 Design System","vault":{"fsPath":"vault","name":"dendron.dendron-site"},"type":"note","desc":"","links":[{"from":{"fname":"dendron.release.2021-05-31","vaultName":"dendron.dendron-site"},"type":"backlink","position":{"start":{"line":19,"column":7,"offset":560},"end":{"line":19,"column":54,"offset":607},"indent":[]},"value":"dendron.rfc.6-design-system"}],"anchors":{"goals":{"type":"header","value":"goals","line":8,"column":0},"use-cases":{"type":"header","value":"use-cases","line":13,"column":0},"proposal":{"type":"header","value":"proposal","line":25,"column":0},"ant-design":{"type":"header","value":"ant-design","line":40,"column":0},"theming":{"type":"header","value":"theming","line":50,"column":0},"customize-in-webpack":{"type":"header","value":"customize-in-webpack","line":59,"column":0},"customize-in-umi":{"type":"header","value":"customize-in-umi","line":66,"column":0},"customize-in-create-react-app":{"type":"header","value":"customize-in-create-react-app","line":70,"column":0},"customize-in-less-file":{"type":"header","value":"customize-in-less-file","line":74,"column":0},"usage":{"type":"header","value":"usage","line":81,"column":0},"example":{"type":"header","value":"example","line":119,"column":0}},"fname":"dendron.rfc.6-design-system","updated":1617385687519,"created":1617383758295,"parent":"f143ca38-dcc6-4cd3-b84b-997aec1160ef","children":[],"data":{},"contentHash":"e2a264581416db1846b4574a6819816a","custom":{}}
