{"id":"1bce1c33-c14b-4e5e-b493-45683c8cf54f","title":"Cook","vault":{"fsPath":"vault","name":"dendron.dendron-site"},"type":"note","desc":"","links":[{"type":"wiki","from":{"fname":"pkg.dendron-engine.cook","id":"1bce1c33-c14b-4e5e-b493-45683c8cf54f","vaultName":"dendron.dendron-site"},"value":"dendron.dev.cook","alias":"here","position":{"start":{"line":22,"column":39,"offset":990},"end":{"line":22,"column":86,"offset":1037},"indent":[]},"xvault":false,"to":{"fname":"dendron.dev.cook","anchorHeader":"install-a-new-package"}},{"type":"wiki","from":{"fname":"pkg.dendron-engine.cook","id":"1bce1c33-c14b-4e5e-b493-45683c8cf54f","vaultName":"dendron.dendron-site"},"value":"pkg.dendron-engine.arch","alias":"Initialization","position":{"start":{"line":112,"column":5,"offset":4071},"end":{"line":112,"column":62,"offset":4128},"indent":[]},"xvault":false,"to":{"fname":"pkg.dendron-engine.arch","anchorHeader":"initialization"}},{"type":"ref","from":{"fname":"pkg.dendron-engine.cook","id":"1bce1c33-c14b-4e5e-b493-45683c8cf54f","vaultName":"dendron.dendron-site"},"value":"pkg.dendron-engine.ref.note-response","position":{"start":{"line":105,"column":1,"offset":3957},"end":{"line":105,"column":42,"offset":3998},"indent":[]},"xvault":false,"to":{"fname":"pkg.dendron-engine.ref.note-response"}}],"anchors":{"adding-a-new-unified-plugin":{"type":"header","value":"adding-a-new-unified-plugin","line":7,"column":0},"connecting-to-the-engine":{"type":"header","value":"connecting-to-the-engine","line":54,"column":0},"querying-notes-by-id":{"type":"header","value":"querying-notes-by-id","line":72,"column":0},"query-notes-by-file-name":{"type":"header","value":"query-notes-by-file-name","line":82,"column":0},"note-response":{"type":"header","value":"note-response","line":109,"column":0},"adding-a-new-engine-api":{"type":"header","value":"adding-a-new-engine-api","line":114,"column":0}},"fname":"pkg.dendron-engine.cook","updated":1624243102369,"created":1610469139531,"parent":"5a7103be-eb92-4380-8207-598e9f10724c","children":[],"data":{},"contentHash":"a14d6c4ea50be3526894a3c986357384","custom":{}}
