{"id":"1c1a3eac-9937-4e76-b086-bbb1d911517b","title":"Exports","vault":{"fsPath":"vault","name":"dendron.dendron-site"},"type":"note","desc":"","links":[{"type":"wiki","from":{"fname":"dendron.topic.exports","id":"1c1a3eac-9937-4e76-b086-bbb1d911517b","vaultName":"dendron.dendron-site"},"value":"dendron.topic.pod","alias":"Dendron Export Pods","position":{"start":{"line":3,"column":96,"offset":278},"end":{"line":3,"column":137,"offset":319},"indent":[]},"xvault":false,"to":{"fname":"dendron.topic.pod"}}],"anchors":{},"fname":"dendron.topic.exports","updated":1599574474272,"created":1599574474272,"parent":"7a7af2fa-b9d0-4adc-81e6-f03186123539","children":[],"data":{},"contentHash":"9fdcfd9348952302f7a9d4477559a1d7","custom":{"stub":false},"schema":{"schemaId":"topic","moduleId":"dendron"}}
