{"id":"1d9c4d11-1536-449b-af6b-a4a1acb203e4","title":"Cook","vault":{"fsPath":"vault","name":"dendron.dendron-site"},"type":"note","desc":"","links":[],"anchors":{"publishing-on-vercel":{"type":"header","value":"publishing-on-vercel","line":9,"column":0},"custom-domain-on-github-pages":{"type":"header","value":"custom-domain-on-github-pages","line":23,"column":0}},"fname":"dendron.topic.publishing.cook","updated":1611351277601,"created":1611351130281,"parent":"579e379b-3eca-4676-b51c-c66eb26a11b8","children":[],"data":{},"contentHash":"366315f373b57b5a8b180a1e29c24b57","custom":{}}
