{"id":"1dad9378-8fcf-4859-bede-cc44279ba12d","title":"Release Notes (version 0.31)","vault":{"fsPath":"vault","name":"dendron.dendron-site"},"type":"note","desc":"","links":[{"type":"wiki","from":{"fname":"dendron.release.2021-03-01","id":"1dad9378-8fcf-4859-bede-cc44279ba12d","vaultName":"dendron.dendron-site"},"value":"dendron.topic.vaults.multi-vault","alias":"multi vault","position":{"start":{"line":5,"column":37,"offset":124},"end":{"line":5,"column":85,"offset":172},"indent":[]},"xvault":false,"to":{"fname":"dendron.topic.vaults.multi-vault"}},{"type":"wiki","from":{"fname":"dendron.release.2021-03-01","id":"1dad9378-8fcf-4859-bede-cc44279ba12d","vaultName":"dendron.dendron-site"},"value":"dendron.topic.links","alias":"cross vault links","position":{"start":{"line":8,"column":3,"offset":228},"end":{"line":8,"column":62,"offset":287},"indent":[]},"xvault":false,"to":{"fname":"dendron.topic.links","anchorHeader":"cross-vault-links"}},{"type":"wiki","from":{"fname":"dendron.release.2021-03-01","id":"1dad9378-8fcf-4859-bede-cc44279ba12d","vaultName":"dendron.dendron-site"},"value":"dendron.topic.pod.custom","alias":"custom pods","position":{"start":{"line":11,"column":35,"offset":469},"end":{"line":11,"column":75,"offset":509},"indent":[]},"xvault":false,"to":{"fname":"dendron.topic.pod.custom"}},{"type":"wiki","from":{"fname":"dendron.release.2021-03-01","id":"1dad9378-8fcf-4859-bede-cc44279ba12d","vaultName":"dendron.dendron-site"},"value":"dendron.community.roles","alias":"here","position":{"start":{"line":17,"column":38,"offset":805},"end":{"line":17,"column":70,"offset":837},"indent":[]},"xvault":false,"to":{"fname":"dendron.community.roles"}},{"type":"ref","from":{"fname":"dendron.release.2021-03-01","id":"1dad9378-8fcf-4859-bede-cc44279ba12d","vaultName":"dendron.dendron-site"},"value":"dendron.release.changelog","position":{"start":{"line":34,"column":1,"offset":1780},"end":{"line":34,"column":73,"offset":1852},"indent":[]},"xvault":true,"to":{"fname":"dendron.release.changelog","anchorHeader":"0302:#0292","vaultName":"dendron.dendron-site"}}],"anchors":{"highlights":{"type":"header","value":"highlights","line":13,"column":0},"community":{"type":"header","value":"community","line":20,"column":0}},"fname":"dendron.release.2021-03-01","updated":1614640820802,"created":1614636249937,"parent":"932534e7-e788-4fdb-bc8c-eaf761992a8d","children":[],"data":{},"contentHash":"b487298fe27896220d9efe533da369ef","custom":{}}
