{"id":"1e6c8b49-ef88-4e79-b2df-e9d614c38a53","title":"Triage","vault":{"fsPath":"vault","name":"dendron.dendron-site"},"type":"note","desc":"","links":[{"from":{"fname":"dendron.release.2021-05-31","vaultName":"dendron.dendron-site"},"type":"backlink","position":{"start":{"line":16,"column":7,"offset":391},"end":{"line":16,"column":59,"offset":443},"indent":[]},"value":"dendron.dev.triage"}],"anchors":{"area":{"type":"header","value":"area","line":10,"column":0},"onboard":{"type":"header","value":"onboard","line":14,"column":0},"create":{"type":"header","value":"create","line":18,"column":0},"retrieve":{"type":"header","value":"retrieve","line":22,"column":0},"structure":{"type":"header","value":"structure","line":26,"column":0},"publish":{"type":"header","value":"publish","line":30,"column":0},"flavor":{"type":"header","value":"flavor","line":34,"column":0},"happy":{"type":"header","value":"happy","line":36,"column":0},"size":{"type":"header","value":"size","line":39,"column":0},"small":{"type":"header","value":"small","line":41,"column":0},"medium":{"type":"header","value":"medium","line":45,"column":0},"large":{"type":"header","value":"large","line":49,"column":0},"status":{"type":"header","value":"status","line":53,"column":0},"help-wanted":{"type":"header","value":"help-wanted","line":55,"column":0},"pending":{"type":"header","value":"pending","line":59,"column":0},"triage-needed":{"type":"header","value":"triage-needed","line":63,"column":0},"up-next":{"type":"header","value":"up-next","line":67,"column":0},"type":{"type":"header","value":"type","line":71,"column":0},"epic":{"type":"header","value":"epic","line":73,"column":0},"bug":{"type":"header","value":"bug","line":77,"column":0},"enhancement":{"type":"header","value":"enhancement","line":81,"column":0},"feature":{"type":"header","value":"feature","line":85,"column":0}},"fname":"dendron.dev.triage","updated":1628097363798,"created":1610468038819,"parent":"3489b652-cd0e-4ac8-a734-08094dc043eb","children":["4e14f66f-4df2-4414-8e99-f37159de0f61","06751374-7982-4df2-b30b-92b10aba733a"],"data":{},"contentHash":"03049410b65d84ccf7342e6a7fdf9e2d","custom":{}}
