{"id":"1ef1b15e-b61d-4901-9a41-5244e5e602ba","title":"2021","vault":{"fsPath":"vault","name":"dendron.dendron-site"},"type":"note","desc":"","links":[],"anchors":{},"fname":"dendron.community.office-hours.2021","updated":1620495912524,"created":1620495912524,"parent":"1eec6c7b-242e-4102-93f1-fc285702ecd2","children":["8fade289-92bf-4f8b-a58a-74d91c3d6655","dac1cd55-5186-4c53-9af9-b24b68d2c48b","YaBuagTIefevWITM"],"data":{},"contentHash":"27c06d6a8be9116da1d4b4e587065baf","stub":false,"custom":{"stub":true}}
