{"id":"20b23165-d803-4eb2-98aa-0f0934dd3bd9","title":"Terms","vault":{"fsPath":"vault","name":"dendron.dendron-site"},"type":"note","desc":"","links":[{"type":"wiki","from":{"fname":"dendron.ref.terms","id":"20b23165-d803-4eb2-98aa-0f0934dd3bd9","vaultName":"dendron.dendron-site"},"value":"dendron.community.roles","alias":"Environmentalist","position":{"start":{"line":8,"column":43,"offset":339},"end":{"line":8,"column":104,"offset":400},"indent":[]},"xvault":false,"to":{"fname":"dendron.community.roles","anchorHeader":"environmentalist"}},{"type":"wiki","from":{"fname":"dendron.ref.terms","id":"20b23165-d803-4eb2-98aa-0f0934dd3bd9","vaultName":"dendron.dendron-site"},"value":"dendron.topic.references","alias":"note ref","position":{"start":{"line":19,"column":19,"offset":656},"end":{"line":19,"column":56,"offset":693},"indent":[]},"xvault":false,"to":{"fname":"dendron.topic.references"}},{"from":{"fname":"dendron.guides.cook","vaultName":"dendron.dendron-site"},"type":"backlink","position":{"start":{"line":327,"column":75,"offset":13088},"end":{"line":327,"column":128,"offset":13141},"indent":[]},"value":"dendron.ref.terms"},{"from":{"fname":"dendron.ref.status","vaultName":"dendron.dendron-site"},"type":"backlink","position":{"start":{"line":19,"column":83,"offset":615},"end":{"line":19,"column":142,"offset":674},"indent":[]},"value":"dendron.ref.terms"},{"from":{"fname":"dendron.topic.references","vaultName":"dendron.dendron-site"},"type":"backlink","position":{"start":{"line":227,"column":68,"offset":7378},"end":{"line":227,"column":112,"offset":7422},"indent":[]},"value":"dendron.ref.terms"},{"from":{"fname":"dendron.release.changelog.0-2-x","vaultName":"dendron.dendron-site"},"type":"backlink","position":{"start":{"line":243,"column":40,"offset":7308},"end":{"line":243,"column":77,"offset":7345},"indent":[]},"value":"dendron.ref.terms"},{"from":{"fname":"dendron.topic.config.dendron","vaultName":"dendron.dendron-site"},"type":"backlink","position":{"start":{"line":95,"column":28,"offset":2359},"end":{"line":95,"column":72,"offset":2403},"indent":[]},"value":"dendron.ref.terms"}],"anchors":{"command-palette":{"type":"header","value":"command-palette","line":8,"column":0},"early-seed-release":{"type":"header","value":"early-seed-release","line":12,"column":0},"slug":{"type":"header","value":"slug","line":16,"column":0},"pretty-ref":{"type":"header","value":"pretty-ref","line":23,"column":0}},"fname":"dendron.ref.terms","updated":1617212531464,"created":1610064859384,"parent":"f308164e-faff-43a1-8d34-72ed060275b0","children":[],"data":{},"contentHash":"65ffc67a7a937f1b52e4e3137c27dce7","custom":{}}
