{"id":"21b2e152-95f7-4904-8a8e-8d4d0b8c950c","title":"5 Publishing Registry","vault":{"fsPath":"vault","name":"dendron.dendron-site"},"type":"note","desc":"","links":[{"type":"wiki","from":{"fname":"dendron.rfc.5-publishing-registry","id":"21b2e152-95f7-4904-8a8e-8d4d0b8c950c","vaultName":"dendron.dendron-site"},"value":"dendron.topic.schema","alias":"Schemas","position":{"start":{"line":27,"column":24,"offset":775},"end":{"line":27,"column":56,"offset":807},"indent":[]},"xvault":false,"to":{"fname":"dendron.topic.schema"}},{"from":{"fname":"dendron.rfc.7-graph-rework","vaultName":"dendron.dendron-site"},"type":"backlink","position":{"start":{"line":16,"column":55,"offset":355},"end":{"line":16,"column":98,"offset":398},"indent":[]},"value":"dendron.rfc.5-publishing-registry"},{"from":{"fname":"dendron.rfc.7-graph-rework.plan","vaultName":"dendron.dendron-site"},"type":"backlink","position":{"start":{"line":30,"column":67,"offset":704},"end":{"line":30,"column":110,"offset":747},"indent":[]},"value":"dendron.rfc.5-publishing-registry"}],"anchors":{"goals":{"type":"header","value":"goals","line":8,"column":0},"tenets":{"type":"header","value":"tenets","line":12,"column":0},"use-cases":{"type":"header","value":"use-cases","line":17,"column":0},"proposal":{"type":"header","value":"proposal","line":21,"column":0},"example":{"type":"header","value":"example","line":41,"column":0},"tradeoffs":{"type":"header","value":"tradeoffs","line":63,"column":0}},"fname":"dendron.rfc.5-publishing-registry","updated":1614550954834,"created":1614183727211,"parent":"f143ca38-dcc6-4cd3-b84b-997aec1160ef","children":[],"data":{},"contentHash":"da0087cc551a4cfd570886984fdfc451","custom":{}}
