{"id":"21c1288a-6fb8-42f5-90c0-9b3cc7d872ad","title":"Upgrading","vault":{"fsPath":"vault","name":"dendron.dendron-site"},"type":"note","desc":"","links":[{"type":"wiki","from":{"fname":"dendron.guides.upgrading","id":"21c1288a-6fb8-42f5-90c0-9b3cc7d872ad","vaultName":"dendron.dendron-site"},"value":"dendron.topic.extensions","alias":"here","position":{"start":{"line":13,"column":49,"offset":800},"end":{"line":13,"column":82,"offset":833},"indent":[]},"xvault":false,"to":{"fname":"dendron.topic.extensions"}},{"from":{"fname":"dendron.release.2021-01-04","vaultName":"dendron.dendron-site"},"type":"backlink","position":{"start":{"line":3,"column":30,"offset":69},"end":{"line":3,"column":92,"offset":131},"indent":[]},"value":"dendron.guides.upgrading"},{"from":{"fname":"dendron.release.2021-01-11","vaultName":"dendron.dendron-site"},"type":"backlink","position":{"start":{"line":39,"column":32,"offset":1846},"end":{"line":39,"column":127,"offset":1941},"indent":[]},"value":"dendron.guides.upgrading"},{"from":{"fname":"dendron.release.2021-01-18","vaultName":"dendron.dendron-site"},"type":"backlink","position":{"start":{"line":55,"column":32,"offset":2262},"end":{"line":55,"column":127,"offset":2357},"indent":[]},"value":"dendron.guides.upgrading"},{"from":{"fname":"dendron.release.2021-01-25","vaultName":"dendron.dendron-site"},"type":"backlink","position":{"start":{"line":38,"column":32,"offset":1396},"end":{"line":38,"column":127,"offset":1491},"indent":[]},"value":"dendron.guides.upgrading"},{"from":{"fname":"dendron.release.2021-02-01","vaultName":"dendron.dendron-site"},"type":"backlink","position":{"start":{"line":33,"column":32,"offset":1070},"end":{"line":33,"column":127,"offset":1165},"indent":[]},"value":"dendron.guides.upgrading"},{"from":{"fname":"dendron.release.2021-02-08","vaultName":"dendron.dendron-site"},"type":"backlink","position":{"start":{"line":32,"column":32,"offset":1354},"end":{"line":32,"column":127,"offset":1449},"indent":[]},"value":"dendron.guides.upgrading"}],"anchors":{"bundled-extensions":{"type":"header","value":"bundled-extensions","line":17,"column":0},"dendron-cli-and-dendron-11ty":{"type":"header","value":"dendron-cli-and-dendron-11ty","line":23,"column":0}},"fname":"dendron.guides.upgrading","updated":1610601370405,"created":1595010631247,"parent":"02c2d7b6-2ea2-4e15-9894-9dead50d5ca2","children":[],"data":{},"contentHash":"f542ed691fa997bd30c9e52b1c0bcca9","custom":{"stub":false,"nav_order":1.2}}
