{"id":"230d0ccf-5758-4a8f-b39b-3b68e1482e2b","title":"Publishing Your Site","vault":{"fsPath":"vault","name":"dendron.dendron-site"},"type":"note","desc":"","links":[{"type":"wiki","from":{"fname":"dendron.topic.publishing.quickstart.publishing-your-site","id":"230d0ccf-5758-4a8f-b39b-3b68e1482e2b","vaultName":"dendron.dendron-site"},"value":"dendron.topic.commands","alias":"Workspace: Sync","position":{"start":{"line":89,"column":58,"offset":2959},"end":{"line":89,"column":115,"offset":3016},"indent":[]},"xvault":false,"to":{"fname":"dendron.topic.commands","anchorHeader":"workspace-sync"}},{"from":{"fname":"dendron.topic.publishing.github","vaultName":"dendron.dendron-site"},"type":"backlink","position":{"start":{"line":7,"column":14,"offset":203},"end":{"line":7,"column":122,"offset":311},"indent":[]},"value":"dendron.topic.publishing.quickstart.publishing-your-site"},{"from":{"fname":"dendron.topic.publishing.quickstart.preview-your-site","vaultName":"dendron.dendron-site"},"type":"backlink","position":{"start":{"line":84,"column":35,"offset":2174},"end":{"line":84,"column":116,"offset":2255},"indent":[]},"value":"dendron.topic.publishing.quickstart.publishing-your-site"}],"anchors":{"vscode":{"type":"header","value":"vscode","line":8,"column":0},"pre-requisites":{"type":"header","value":"pre-requisites","line":10,"column":0},"create-a-github-repo":{"type":"header","value":"create-a-github-repo","line":14,"column":0},"add-your-notes":{"type":"header","value":"add-your-notes","line":17,"column":0},"turn-on-github-pages":{"type":"header","value":"turn-on-github-pages","line":22,"column":0},"configure-your-notes-for-publication":{"type":"header","value":"configure-your-notes-for-publication","line":36,"column":0},"examples":{"type":"header","value":"examples","line":73,"column":0},"build-your-notes-for-publication":{"type":"header","value":"build-your-notes-for-publication","line":89,"column":0},"publish-your-notes":{"type":"header","value":"publish-your-notes","line":93,"column":0},"congratulations-you-just-published-your-first-note-":{"type":"header","value":"congratulations-you-just-published-your-first-note-","line":111,"column":0}},"fname":"dendron.topic.publishing.quickstart.publishing-your-site","updated":1626553341209,"created":1610844337503,"parent":"861e4e48-dcc5-4813-a695-8940ba6e64d3","children":[],"data":{},"contentHash":"bd264be9e0d14759dccdefdd2b09e1ea","custom":{}}
