{"id":"23a1b942-99af-45c8-8116-4f4bb7dccd21","title":"Dendron CLI","vault":{"fsPath":"vault","name":"dendron.dendron-site"},"type":"note","desc":"","links":[{"type":"wiki","from":{"fname":"dendron.topic.cli","id":"23a1b942-99af-45c8-8116-4f4bb7dccd21","vaultName":"dendron.dendron-site"},"value":"dendron.concepts","alias":"workspace","position":{"start":{"line":21,"column":89,"offset":337},"end":{"line":21,"column":129,"offset":377},"indent":[]},"xvault":false,"to":{"fname":"dendron.concepts","anchorHeader":"workspace"}},{"type":"wiki","from":{"fname":"dendron.topic.cli","id":"23a1b942-99af-45c8-8116-4f4bb7dccd21","vaultName":"dendron.dendron-site"},"value":"dendron.concepts","alias":"vaults","position":{"start":{"line":25,"column":11,"offset":446},"end":{"line":25,"column":45,"offset":480},"indent":[]},"xvault":false,"to":{"fname":"dendron.concepts","anchorHeader":"vaults"}},{"type":"wiki","from":{"fname":"dendron.topic.cli","id":"23a1b942-99af-45c8-8116-4f4bb7dccd21","vaultName":"dendron.dendron-site"},"value":"dendron.topic.vaults.multi-vault","alias":"multi vault","position":{"start":{"line":25,"column":70,"offset":505},"end":{"line":25,"column":118,"offset":553},"indent":[]},"xvault":false,"to":{"fname":"dendron.topic.vaults.multi-vault"}},{"type":"wiki","from":{"fname":"dendron.topic.cli","id":"23a1b942-99af-45c8-8116-4f4bb7dccd21","vaultName":"dendron.dendron-site"},"value":"dendron.roadmap.project.n.2020.server-migration","alias":"dendron server","position":{"start":{"line":71,"column":12,"offset":2006},"end":{"line":71,"column":78,"offset":2072},"indent":[]},"xvault":false,"to":{"fname":"dendron.roadmap.project.n.2020.server-migration"}},{"type":"wiki","from":{"fname":"dendron.topic.cli","id":"23a1b942-99af-45c8-8116-4f4bb7dccd21","vaultName":"dendron.dendron-site"},"value":"dendron.ref.layout","alias":"metadata files","position":{"start":{"line":73,"column":42,"offset":2192},"end":{"line":73,"column":89,"offset":2239},"indent":[]},"xvault":false,"to":{"fname":"dendron.ref.layout","anchorHeader":"file-tree"}},{"type":"wiki","from":{"fname":"dendron.topic.cli","id":"23a1b942-99af-45c8-8116-4f4bb7dccd21","vaultName":"dendron.dendron-site"},"value":"dendron.topic.pod","alias":"pods","position":{"start":{"line":194,"column":37,"offset":5757},"end":{"line":194,"column":63,"offset":5783},"indent":[]},"xvault":false,"to":{"fname":"dendron.topic.pod"}},{"type":"wiki","from":{"fname":"dendron.topic.cli","id":"23a1b942-99af-45c8-8116-4f4bb7dccd21","vaultName":"dendron.dendron-site"},"value":"dendron.concepts","alias":"workspace vaults","position":{"start":{"line":289,"column":30,"offset":8304},"end":{"line":289,"column":83,"offset":8357},"indent":[]},"xvault":false,"to":{"fname":"dendron.concepts","anchorHeader":"workspace-vault"}},{"type":"wiki","from":{"fname":"dendron.topic.cli","id":"23a1b942-99af-45c8-8116-4f4bb7dccd21","vaultName":"dendron.dendron-site"},"value":"dendron.ref.workspace","alias":"Workspace Sync","position":{"start":{"line":297,"column":167,"offset":8621},"end":{"line":297,"column":223,"offset":8677},"indent":[]},"xvault":false,"to":{"fname":"dendron.ref.workspace","anchorHeader":"Workspace: Sync"}},{"type":"ref","from":{"fname":"dendron.topic.cli","id":"23a1b942-99af-45c8-8116-4f4bb7dccd21","vaultName":"dendron.dendron-site"},"value":"dendron.topic.commands","position":{"start":{"line":53,"column":1,"offset":1629},"end":{"line":53,"column":41,"offset":1669},"indent":[]},"xvault":false,"to":{"fname":"dendron.topic.commands","anchorHeader":"actions,1:#*"}},{"type":"ref","from":{"fname":"dendron.topic.cli","id":"23a1b942-99af-45c8-8116-4f4bb7dccd21","vaultName":"dendron.dendron-site"},"value":"dendron.topic.cli","position":{"start":{"line":122,"column":1,"offset":3723},"end":{"line":122,"column":57,"offset":3779},"indent":[]},"xvault":false,"to":{"fname":"dendron.topic.cli","anchorHeader":"common-options,1:#engine-commands"}},{"type":"ref","from":{"fname":"dendron.topic.cli","id":"23a1b942-99af-45c8-8116-4f4bb7dccd21","vaultName":"dendron.dendron-site"},"value":"dendron.topic.publishing.configuration","position":{"start":{"line":175,"column":1,"offset":5080},"end":{"line":175,"column":61,"offset":5140},"indent":[]},"xvault":false,"to":{"fname":"dendron.topic.publishing.configuration","anchorHeader":"previewport,1:#*"}},{"from":{"fname":"dendron.dev.design","vaultName":"dendron.dendron-site"},"type":"backlink","position":{"start":{"line":9,"column":15,"offset":250},"end":{"line":9,"column":40,"offset":275},"indent":[]},"value":"dendron.topic.cli"},{"from":{"fname":"dendron.dev.design","vaultName":"dendron.dendron-site"},"type":"backlink","position":{"start":{"line":11,"column":59,"offset":599},"end":{"line":11,"column":118,"offset":658},"indent":[]},"value":"dendron.topic.cli"},{"from":{"fname":"dendron.guides.cook","vaultName":"dendron.dendron-site"},"type":"backlink","position":{"start":{"line":256,"column":5,"offset":10348},"end":{"line":256,"column":45,"offset":10388},"indent":[]},"value":"dendron.topic.cli"},{"from":{"fname":"dendron.release.2020-09-13","vaultName":"dendron.dendron-site"},"type":"backlink","position":{"start":{"line":25,"column":1,"offset":1214},"end":{"line":25,"column":34,"offset":1247},"indent":[]},"value":"dendron.topic.cli"},{"from":{"fname":"dendron.release.2021-01-18","vaultName":"dendron.dendron-site"},"type":"backlink","position":{"start":{"line":19,"column":7,"offset":784},"end":{"line":19,"column":52,"offset":829},"indent":[]},"value":"dendron.topic.cli"},{"from":{"fname":"dendron.release.2021-01-18","vaultName":"dendron.dendron-site"},"type":"backlink","position":{"start":{"line":20,"column":7,"offset":836},"end":{"line":20,"column":58,"offset":887},"indent":[]},"value":"dendron.topic.cli"},{"from":{"fname":"dendron.release.changelog","vaultName":"dendron.dendron-site"},"type":"backlink","position":{"start":{"line":465,"column":99,"offset":14403},"end":{"line":465,"column":136,"offset":14440},"indent":[]},"value":"dendron.topic.cli"},{"from":{"fname":"dendron.release.changelog","vaultName":"dendron.dendron-site"},"type":"backlink","position":{"start":{"line":668,"column":27,"offset":18492},"end":{"line":668,"column":72,"offset":18537},"indent":[]},"value":"dendron.topic.cli"},{"from":{"fname":"dendron.rfc.14-seed-bank","vaultName":"dendron.dendron-site"},"type":"backlink","position":{"start":{"line":46,"column":46,"offset":1764},"end":{"line":46,"column":79,"offset":1797},"indent":[]},"value":"dendron.topic.cli"},{"from":{"fname":"dendron.rfc.14-seed-bank","vaultName":"dendron.dendron-site"},"type":"backlink","position":{"start":{"line":48,"column":44,"offset":1895},"end":{"line":48,"column":101,"offset":1952},"indent":[]},"value":"dendron.topic.cli"},{"from":{"fname":"dendron.topic.cli","vaultName":"dendron.dendron-site"},"type":"backlink","position":{"start":{"line":122,"column":1,"offset":3723},"end":{"line":122,"column":57,"offset":3779},"indent":[]},"value":"dendron.topic.cli"},{"from":{"fname":"dendron.topic.seeds","vaultName":"dendron.dendron-site"},"type":"backlink","position":{"start":{"line":29,"column":1,"offset":1180},"end":{"line":29,"column":41,"offset":1220},"indent":[]},"value":"dendron.topic.cli"},{"from":{"fname":"pkg.markdown-links.setup","vaultName":"dendron.dendron-site"},"type":"backlink","position":{"start":{"line":24,"column":4,"offset":1014},"end":{"line":24,"column":50,"offset":1060},"indent":[]},"value":"dendron.topic.cli"},{"from":{"fname":"dendron.release.changelog.0-1-x","vaultName":"dendron.dendron-site"},"type":"backlink","position":{"start":{"line":368,"column":1,"offset":18878},"end":{"line":368,"column":45,"offset":18922},"indent":[]},"value":"dendron.topic.cli"},{"from":{"fname":"dendron.release.changelog.0-2-x","vaultName":"dendron.dendron-site"},"type":"backlink","position":{"start":{"line":97,"column":43,"offset":2909},"end":{"line":97,"column":81,"offset":2947},"indent":[]},"value":"dendron.topic.cli"},{"from":{"fname":"dendron.release.changelog.0-2-x","vaultName":"dendron.dendron-site"},"type":"backlink","position":{"start":{"line":295,"column":23,"offset":9425},"end":{"line":295,"column":56,"offset":9458},"indent":[]},"value":"dendron.topic.cli"},{"from":{"fname":"dendron.release.changelog.0-2-x","vaultName":"dendron.dendron-site"},"type":"backlink","position":{"start":{"line":306,"column":24,"offset":9979},"end":{"line":306,"column":64,"offset":10019},"indent":[]},"value":"dendron.topic.cli"},{"from":{"fname":"dendron.release.changelog.0-2-x","vaultName":"dendron.dendron-site"},"type":"backlink","position":{"start":{"line":318,"column":66,"offset":10360},"end":{"line":318,"column":118,"offset":10412},"indent":[]},"value":"dendron.topic.cli"},{"from":{"fname":"dendron.release.changelog.0-2-x","vaultName":"dendron.dendron-site"},"type":"backlink","position":{"start":{"line":362,"column":155,"offset":11717},"end":{"line":362,"column":200,"offset":11762},"indent":[]},"value":"dendron.topic.cli"},{"from":{"fname":"dendron.release.changelog.0-2-x","vaultName":"dendron.dendron-site"},"type":"backlink","position":{"start":{"line":388,"column":153,"offset":13596},"end":{"line":388,"column":186,"offset":13629},"indent":[]},"value":"dendron.topic.cli"},{"from":{"fname":"dendron.release.changelog.0-3-x","vaultName":"dendron.dendron-site"},"type":"backlink","position":{"start":{"line":51,"column":1,"offset":1449},"end":{"line":51,"column":46,"offset":1494},"indent":[]},"value":"dendron.topic.cli"},{"from":{"fname":"dendron.release.changelog.0-3-x","vaultName":"dendron.dendron-site"},"type":"backlink","position":{"start":{"line":71,"column":1,"offset":1760},"end":{"line":71,"column":43,"offset":1802},"indent":[]},"value":"dendron.topic.cli"},{"from":{"fname":"dendron.release.changelog.0-3-x","vaultName":"dendron.dendron-site"},"type":"backlink","position":{"start":{"line":83,"column":1,"offset":1911},"end":{"line":83,"column":42,"offset":1952},"indent":[]},"value":"dendron.topic.cli"},{"from":{"fname":"dendron.topic.pod.dev","vaultName":"dendron.dendron-site"},"type":"backlink","position":{"start":{"line":10,"column":3,"offset":221},"end":{"line":10,"column":43,"offset":261},"indent":[]},"value":"dendron.topic.cli"},{"from":{"fname":"dendron.topic.publishing.configuration","vaultName":"dendron.dendron-site"},"type":"backlink","position":{"start":{"line":95,"column":37,"offset":2609},"end":{"line":95,"column":78,"offset":2650},"indent":[]},"value":"dendron.topic.cli"},{"from":{"fname":"dendron.topic.publishing.quickstart.preview-your-site","vaultName":"dendron.dendron-site"},"type":"backlink","position":{"start":{"line":5,"column":73,"offset":82},"end":{"line":5,"column":106,"offset":115},"indent":[]},"value":"dendron.topic.cli"}],"anchors":{"summary":{"type":"header","value":"summary","line":8,"column":0},"installation":{"type":"header","value":"installation","line":11,"column":0},"upgrade":{"type":"header","value":"upgrade","line":17,"column":0},"common-options":{"type":"header","value":"common-options","line":23,"column":0},"wsroot":{"type":"header","value":"wsroot","line":25,"column":0},"vault":{"type":"header","value":"vault","line":29,"column":0},"engine-commands":{"type":"header","value":"engine-commands","line":33,"column":0},"doctor":{"type":"header","value":"doctor","line":35,"column":0},"available-actions":{"type":"header","value":"available-actions","line":57,"column":0},"examples":{"type":"header","value":"examples","line":61,"column":0},"launchengineserver":{"type":"header","value":"launchengineserver","line":75,"column":0},"example":{"type":"header","value":"example","line":96,"column":0},"note-commands":{"type":"header","value":"note-commands","line":102,"column":0},"common-parameters":{"type":"header","value":"common-parameters","line":126,"column":0},"examples-1":{"type":"header","value":"examples-1","line":130,"column":0},"creating-a-note":{"type":"header","value":"creating-a-note","line":132,"column":0},"querying-a-note":{"type":"header","value":"querying-a-note","line":140,"column":0},"deleting-a-note":{"type":"header","value":"deleting-a-note","line":147,"column":0},"deleting-a-note-within-a-multi-vault-workspace":{"type":"header","value":"deleting-a-note-within-a-multi-vault-workspace","line":152,"column":0},"publishing-commands":{"type":"header","value":"publishing-commands","line":157,"column":0},"buildsite":{"type":"header","value":"buildsite","line":159,"column":0},"using-a-different-port":{"type":"header","value":"using-a-different-port","line":179,"column":0},"connect-to-open-workspace":{"type":"header","value":"connect-to-open-workspace","line":183,"column":0},"using-a-custom-port":{"type":"header","value":"using-a-custom-port","line":195,"column":0},"pod-commands":{"type":"header","value":"pod-commands","line":198,"column":0},"export-pod":{"type":"header","value":"export-pod","line":202,"column":0},"import-pod":{"type":"header","value":"import-pod","line":212,"column":0},"publish-pod":{"type":"header","value":"publish-pod","line":220,"column":0},"vault-commands":{"type":"header","value":"vault-commands","line":228,"column":0},"actions":{"type":"header","value":"actions","line":252,"column":0},"create":{"type":"header","value":"create","line":254,"column":0},"workspace-command":{"type":"header","value":"workspace-command","line":262,"column":0},"actions-1":{"type":"header","value":"actions-1","line":285,"column":0},"pull":{"type":"header","value":"pull","line":287,"column":0},"push":{"type":"header","value":"push","line":291,"column":0},"addandcommit":{"type":"header","value":"addandcommit","line":297,"column":0},"sync":{"type":"header","value":"sync","line":301,"column":0}},"fname":"dendron.topic.cli","updated":1624553601575,"created":1600033791071,"parent":"7a7af2fa-b9d0-4adc-81e6-f03186123539","children":[],"data":{},"contentHash":"f4ac154810da58249c3a6b06a4386416","custom":{},"schema":{"schemaId":"topic","moduleId":"dendron"}}
