{"id":"24b176f1-685d-44e1-a1b0-1704b1a92ca0","title":"Multi Vault","vault":{"fsPath":"vault","name":"dendron.dendron-site"},"type":"note","desc":"","links":[{"type":"wiki","from":{"fname":"dendron.topic.vaults.multi-vault","id":"24b176f1-685d-44e1-a1b0-1704b1a92ca0","vaultName":"dendron.dendron-site"},"value":"dendron.concepts","alias":"vaults","position":{"start":{"line":4,"column":41,"offset":53},"end":{"line":4,"column":75,"offset":87},"indent":[]},"xvault":false,"to":{"fname":"dendron.concepts","anchorHeader":"vaults"}},{"type":"wiki","from":{"fname":"dendron.topic.vaults.multi-vault","id":"24b176f1-685d-44e1-a1b0-1704b1a92ca0","vaultName":"dendron.dendron-site"},"value":"dendron.topic.links","alias":"cross vault links","position":{"start":{"line":55,"column":145,"offset":2442},"end":{"line":55,"column":204,"offset":2501},"indent":[]},"xvault":false,"to":{"fname":"dendron.topic.links","anchorHeader":"cross-vault-links"}},{"type":"wiki","from":{"fname":"dendron.topic.vaults.multi-vault","id":"24b176f1-685d-44e1-a1b0-1704b1a92ca0","vaultName":"dendron.dendron-site"},"value":"pkg.dendron-publishing","alias":"dendron-11ty","position":{"start":{"line":59,"column":71,"offset":2590},"end":{"line":59,"column":110,"offset":2629},"indent":[]},"xvault":false,"to":{"fname":"pkg.dendron-publishing"}},{"type":"wiki","from":{"fname":"dendron.topic.vaults.multi-vault","id":"24b176f1-685d-44e1-a1b0-1704b1a92ca0","vaultName":"dendron.dendron-site"},"value":"dendron.topic.publishing.configuration","alias":"controls","position":{"start":{"line":61,"column":67,"offset":2710},"end":{"line":61,"column":149,"offset":2792},"indent":[]},"xvault":false,"to":{"fname":"dendron.topic.publishing.configuration","anchorHeader":"duplicatenotebehavior-optional"}},{"type":"wiki","from":{"fname":"dendron.topic.vaults.multi-vault","id":"24b176f1-685d-44e1-a1b0-1704b1a92ca0","vaultName":"dendron.dendron-site"},"value":"dendron.guides.cook","alias":"here","position":{"start":{"line":73,"column":89,"offset":3466},"end":{"line":73,"column":155,"offset":3532},"indent":[]},"xvault":false,"to":{"fname":"dendron.guides.cook","anchorHeader":"convert-local-vault-to-a-remote-vault"}},{"type":"wiki","from":{"fname":"dendron.topic.vaults.multi-vault","id":"24b176f1-685d-44e1-a1b0-1704b1a92ca0","vaultName":"dendron.dendron-site"},"value":"dendron.topic.links","alias":"Cross Vault Links","position":{"start":{"line":100,"column":3,"offset":3873},"end":{"line":100,"column":62,"offset":3932},"indent":[]},"xvault":false,"to":{"fname":"dendron.topic.links","anchorHeader":"cross-vault-links"}},{"type":"wiki","from":{"fname":"dendron.topic.vaults.multi-vault","id":"24b176f1-685d-44e1-a1b0-1704b1a92ca0","vaultName":"dendron.dendron-site"},"value":"dendron.guides.best-practices","alias":"Using Dendron Across Machines","position":{"start":{"line":101,"column":3,"offset":3935},"end":{"line":101,"column":96,"offset":4028},"indent":[]},"xvault":false,"to":{"fname":"dendron.guides.best-practices","anchorHeader":"using-dendron-across-machines"}},{"type":"ref","from":{"fname":"dendron.topic.vaults.multi-vault","id":"24b176f1-685d-44e1-a1b0-1704b1a92ca0","vaultName":"dendron.dendron-site"},"value":"dendron.topic.config.dendron","position":{"start":{"line":29,"column":1,"offset":1446},"end":{"line":29,"column":64,"offset":1509},"indent":[]},"xvault":false,"to":{"fname":"dendron.topic.config.dendron","anchorHeader":"lookupconfirmvaultoncreate:#*"}},{"type":"ref","from":{"fname":"dendron.topic.vaults.multi-vault","id":"24b176f1-685d-44e1-a1b0-1704b1a92ca0","vaultName":"dendron.dendron-site"},"value":"dendron.roadmap.project.n.2020.multi-vault","position":{"start":{"line":46,"column":1,"offset":1846},"end":{"line":46,"column":91,"offset":1936},"indent":[]},"xvault":false,"to":{"fname":"dendron.roadmap.project.n.2020.multi-vault","anchorHeader":"file-layout-for-multi-vault-workspace,1:#*"}},{"type":"ref","from":{"fname":"dendron.topic.vaults.multi-vault","id":"24b176f1-685d-44e1-a1b0-1704b1a92ca0","vaultName":"dendron.dendron-site"},"value":"dendron.topic.vaults","position":{"start":{"line":69,"column":1,"offset":3234},"end":{"line":69,"column":51,"offset":3284},"indent":[]},"xvault":false,"to":{"fname":"dendron.topic.vaults","anchorHeader":"remote-workspace-vault,1"}},{"from":{"fname":"dendron.faq","vaultName":"dendron.dendron-site"},"type":"backlink","position":{"start":{"line":124,"column":103,"offset":8567},"end":{"line":124,"column":151,"offset":8615},"indent":[]},"value":"dendron.topic.vaults.multi-vault"},{"from":{"fname":"dendron.guides.best-practices","vaultName":"dendron.dendron-site"},"type":"backlink","position":{"start":{"line":41,"column":44,"offset":1780},"end":{"line":41,"column":92,"offset":1828},"indent":[]},"value":"dendron.topic.vaults.multi-vault"},{"from":{"fname":"dendron.ref.intellisense","vaultName":"dendron.dendron-site"},"type":"backlink","position":{"start":{"line":36,"column":6,"offset":1466},"end":{"line":36,"column":42,"offset":1502},"indent":[]},"value":"dendron.topic.vaults.multi-vault"},{"from":{"fname":"dendron.release.2020-12-07","vaultName":"dendron.dendron-site"},"type":"backlink","position":{"start":{"line":24,"column":50,"offset":1002},"end":{"line":24,"column":104,"offset":1056},"indent":[]},"value":"dendron.topic.vaults.multi-vault"},{"from":{"fname":"dendron.release.2020-12-14","vaultName":"dendron.dendron-site"},"type":"backlink","position":{"start":{"line":27,"column":50,"offset":981},"end":{"line":27,"column":104,"offset":1035},"indent":[]},"value":"dendron.topic.vaults.multi-vault"},{"from":{"fname":"dendron.release.2020-12-21","vaultName":"dendron.dendron-site"},"type":"backlink","position":{"start":{"line":3,"column":130,"offset":154},"end":{"line":3,"column":171,"offset":195},"indent":[]},"value":"dendron.topic.vaults.multi-vault"},{"from":{"fname":"dendron.release.2021-03-01","vaultName":"dendron.dendron-site"},"type":"backlink","position":{"start":{"line":5,"column":37,"offset":124},"end":{"line":5,"column":85,"offset":172},"indent":[]},"value":"dendron.topic.vaults.multi-vault"},{"from":{"fname":"dendron.release.changelog","vaultName":"dendron.dendron-site"},"type":"backlink","position":{"start":{"line":189,"column":1,"offset":6132},"end":{"line":189,"column":128,"offset":6259},"indent":[]},"value":"dendron.topic.vaults.multi-vault"},{"from":{"fname":"dendron.topic.cli","vaultName":"dendron.dendron-site"},"type":"backlink","position":{"start":{"line":25,"column":70,"offset":505},"end":{"line":25,"column":118,"offset":553},"indent":[]},"value":"dendron.topic.vaults.multi-vault"},{"from":{"fname":"dendron.topic.commands","vaultName":"dendron.dendron-site"},"type":"backlink","position":{"start":{"line":8,"column":78,"offset":124},"end":{"line":8,"column":126,"offset":172},"indent":[]},"value":"dendron.topic.vaults.multi-vault"},{"from":{"fname":"dendron.topic.commands","vaultName":"dendron.dendron-site"},"type":"backlink","position":{"start":{"line":34,"column":30,"offset":1148},"end":{"line":34,"column":78,"offset":1196},"indent":[]},"value":"dendron.topic.vaults.multi-vault"},{"from":{"fname":"dendron.topic.commands","vaultName":"dendron.dendron-site"},"type":"backlink","position":{"start":{"line":64,"column":30,"offset":2963},"end":{"line":64,"column":78,"offset":3011},"indent":[]},"value":"dendron.topic.vaults.multi-vault"},{"from":{"fname":"dendron.topic.links","vaultName":"dendron.dendron-site"},"type":"backlink","position":{"start":{"line":69,"column":63,"offset":3560},"end":{"line":69,"column":111,"offset":3608},"indent":[]},"value":"dendron.topic.vaults.multi-vault"},{"from":{"fname":"dendron.release.changelog.0-1-x","vaultName":"dendron.dendron-site"},"type":"backlink","position":{"start":{"line":43,"column":1,"offset":1417},"end":{"line":43,"column":87,"offset":1503},"indent":[]},"value":"dendron.topic.vaults.multi-vault"},{"from":{"fname":"dendron.release.changelog.0-2-x","vaultName":"dendron.dendron-site"},"type":"backlink","position":{"start":{"line":364,"column":13,"offset":11924},"end":{"line":364,"column":91,"offset":12002},"indent":[]},"value":"dendron.topic.vaults.multi-vault"},{"from":{"fname":"dendron.release.changelog.0-2-x","vaultName":"dendron.dendron-site"},"type":"backlink","position":{"start":{"line":358,"column":1,"offset":11492},"end":{"line":358,"column":52,"offset":11543},"indent":[]},"value":"dendron.topic.vaults.multi-vault"},{"from":{"fname":"dendron.release.changelog.0-3-x","vaultName":"dendron.dendron-site"},"type":"backlink","position":{"start":{"line":206,"column":32,"offset":5764},"end":{"line":206,"column":94,"offset":5826},"indent":[]},"value":"dendron.topic.vaults.multi-vault"},{"from":{"fname":"dendron.release.changelog.0-3-x","vaultName":"dendron.dendron-site"},"type":"backlink","position":{"start":{"line":237,"column":77,"offset":6786},"end":{"line":237,"column":139,"offset":6848},"indent":[]},"value":"dendron.topic.vaults.multi-vault"},{"from":{"fname":"dendron.topic.lookup.create","vaultName":"dendron.dendron-site"},"type":"backlink","position":{"start":{"line":31,"column":1,"offset":1527},"end":{"line":31,"column":128,"offset":1654},"indent":[]},"value":"dendron.topic.vaults.multi-vault"}],"anchors":{"summary":{"type":"header","value":"summary","line":8,"column":0},"use-cases":{"type":"header","value":"use-cases","line":12,"column":0},"topics":{"type":"header","value":"topics","line":19,"column":0},"lookup":{"type":"header","value":"lookup","line":21,"column":0},"vault-location-when-creating-a-note":{"type":"header","value":"vault-location-when-creating-a-note","line":27,"column":0},"prompt-for-vault-selection-each-time":{"type":"header","value":"prompt-for-vault-selection-each-time","line":33,"column":0},"navigating-links":{"type":"header","value":"navigating-links","line":48,"column":0},"note-references":{"type":"header","value":"note-references","line":59,"column":0},"publishing":{"type":"header","value":"publishing","line":63,"column":0},"version-control":{"type":"header","value":"version-control","line":69,"column":0},"file-layout-for-multi-vault-workspace":{"type":"header","value":"file-layout-for-multi-vault-workspace","line":81,"column":0},"examples":{"type":"header","value":"examples","line":100,"column":0},"related":{"type":"header","value":"related","line":104,"column":0}},"fname":"dendron.topic.vaults.multi-vault","updated":1627660465584,"created":1605630383515,"parent":"6682fca0-65ed-402c-8634-94cd51463cc4","children":[],"data":{},"contentHash":"1ed689fb4bd8735adc13d6ccbcc63062","custom":{}}
