{"id":"25287595-96bb-410b-ab46-eb9a26b0e259","title":"Web UI","vault":{"fsPath":"vault","name":"dendron.dendron-site"},"type":"note","desc":"","links":[{"type":"wiki","from":{"fname":"dendron.ref.web-ui","id":"25287595-96bb-410b-ab46-eb9a26b0e259","vaultName":"dendron.dendron-site"},"value":"dendron.ref.status","alias":"Experimental 🧪","position":{"start":{"line":3,"column":11,"offset":22},"end":{"line":3,"column":65,"offset":76},"indent":[]},"xvault":false,"sameFile":false,"to":{"fname":"dendron.ref.status","anchorHeader":"experimental-🧪"}},{"type":"wiki","from":{"fname":"dendron.ref.web-ui","id":"25287595-96bb-410b-ab46-eb9a26b0e259","vaultName":"dendron.dendron-site"},"value":"dendron.topic.config.dendron","alias":"enableWebUI","position":{"start":{"line":10,"column":21,"offset":352},"end":{"line":10,"column":77,"offset":408},"indent":[]},"xvault":false,"sameFile":false,"to":{"fname":"dendron.topic.config.dendron","anchorHeader":"enablewebui"}},{"type":"wiki","from":{"fname":"dendron.ref.web-ui","id":"25287595-96bb-410b-ab46-eb9a26b0e259","vaultName":"dendron.dendron-site"},"value":"dendron.topic.workbench","alias":"Dendron Tree View","position":{"start":{"line":16,"column":34,"offset":522},"end":{"line":16,"column":97,"offset":585},"indent":[]},"xvault":false,"sameFile":false,"to":{"fname":"dendron.topic.workbench","anchorHeader":"dendron-tree-view"}},{"type":"ref","from":{"fname":"dendron.ref.web-ui","id":"25287595-96bb-410b-ab46-eb9a26b0e259","vaultName":"dendron.dendron-site"},"value":"dendron.topic.preview-v2","position":{"start":{"line":45,"column":1,"offset":1584},"end":{"line":45,"column":71,"offset":1654},"indent":[]},"xvault":true,"to":{"fname":"dendron.topic.preview-v2","anchorHeader":"summary,1","vaultName":"dendron.dendron-site"}},{"from":{"fname":"dendron.ref.telemetry","vaultName":"dendron.dendron-site"},"type":"backlink","position":{"start":{"line":100,"column":50,"offset":5582},"end":{"line":100,"column":90,"offset":5622},"indent":[]},"value":"dendron.ref.web-ui"},{"from":{"fname":"dendron.release.2021-06-21","vaultName":"dendron.dendron-site"},"type":"backlink","position":{"start":{"line":7,"column":154,"offset":419},"end":{"line":7,"column":208,"offset":473},"indent":[]},"value":"dendron.ref.web-ui"},{"from":{"fname":"dendron.release.changelog","vaultName":"dendron.dendron-site"},"type":"backlink","position":{"start":{"line":268,"column":27,"offset":8535},"end":{"line":268,"column":62,"offset":8570},"indent":[]},"value":"dendron.ref.web-ui"},{"from":{"fname":"dendron.release.changelog","vaultName":"dendron.dendron-site"},"type":"backlink","position":{"start":{"line":350,"column":1,"offset":11081},"end":{"line":350,"column":74,"offset":11154},"indent":[]},"value":"dendron.ref.web-ui"},{"from":{"fname":"dendron.release.changelog","vaultName":"dendron.dendron-site"},"type":"backlink","position":{"start":{"line":540,"column":1,"offset":15576},"end":{"line":540,"column":68,"offset":15643},"indent":[]},"value":"dendron.ref.web-ui"},{"from":{"fname":"dendron.topic.commands","vaultName":"dendron.dendron-site"},"type":"backlink","position":{"start":{"line":142,"column":1,"offset":5415},"end":{"line":142,"column":76,"offset":5490},"indent":[]},"value":"dendron.ref.web-ui"},{"from":{"fname":"dendron.topic.workbench","vaultName":"dendron.dendron-site"},"type":"backlink","position":{"start":{"line":104,"column":1,"offset":5323},"end":{"line":104,"column":74,"offset":5396},"indent":[]},"value":"dendron.ref.web-ui"}],"anchors":{"summary":{"type":"header","value":"summary","line":8,"column":0},"quickstart":{"type":"header","value":"quickstart","line":14,"column":0},"components":{"type":"header","value":"components","line":18,"column":0},"treeview":{"type":"header","value":"treeview","line":20,"column":0},"calendar-view":{"type":"header","value":"calendar-view","line":24,"column":0},"configuration":{"type":"header","value":"configuration","line":47,"column":0},"preview":{"type":"header","value":"preview","line":49,"column":0},"methods":{"type":"header","value":"methods","line":53,"column":0},"show-preview-v2":{"type":"header","value":"show-preview-v2","line":55,"column":0},"theming":{"type":"header","value":"theming","line":58,"column":0}},"fname":"dendron.ref.web-ui","updated":1626382338591,"created":1621552722494,"parent":"f308164e-faff-43a1-8d34-72ed060275b0","children":[],"data":{},"contentHash":"d9b94b0ad8193f8c528fe88987edb65e","custom":{}}
