{"id":"25a3a1cc-d8bf-4bee-8d89-cd0c2b5dc25b","title":"06","vault":{"fsPath":"vault","name":"dendron.dendron-site"},"type":"note","desc":"","links":[{"from":{"fname":"dendron.release.2021-06-07","vaultName":"dendron.dendron-site"},"type":"backlink","position":{"start":{"line":16,"column":49,"offset":397},"end":{"line":16,"column":99,"offset":447},"indent":[]},"value":"dendron.community.office-hours.2021.06.06"}],"anchors":{"company-updates":{"type":"header","value":"company-updates","line":8,"column":0},"questions":{"type":"header","value":"questions","line":52,"column":0},"minutes":{"type":"header","value":"minutes","line":63,"column":0}},"fname":"dendron.community.office-hours.2021.06.06","updated":1623006806684,"created":1623006800621,"parent":"dac1cd55-5186-4c53-9af9-b24b68d2c48b","children":[],"data":{},"contentHash":"615b58b7066fd909061259327568533e","custom":{}}
