{"id":"26be950a-eaf3-4684-bddd-64be52273b73","title":"Internal","vault":{"fsPath":"vault","name":"dendron.dendron-site"},"type":"note","desc":"","links":[{"type":"wiki","from":{"fname":"pkg.dendron-engine.internal","id":"26be950a-eaf3-4684-bddd-64be52273b73","vaultName":"dendron.dendron-site"},"value":"dendron.dev.design.remark","alias":"Remark","position":{"start":{"line":53,"column":7,"offset":805},"end":{"line":53,"column":43,"offset":841},"indent":[]},"xvault":false,"to":{"fname":"dendron.dev.design.remark"}}],"anchors":{"initializing-a-new-workspace":{"type":"header","value":"initializing-a-new-workspace","line":8,"column":0},"initializing-dendronyml":{"type":"header","value":"initializing-dendronyml","line":15,"column":0},"renaming-a-note":{"type":"header","value":"renaming-a-note","line":17,"column":0},"flow":{"type":"header","value":"flow","line":19,"column":0},"misc":{"type":"header","value":"misc","line":61,"column":0},"does-dendron-use-parentchildren-metadata-inside-notes-during-initialization":{"type":"header","value":"does-dendron-use-parentchildren-metadata-inside-notes-during-initialization","line":63,"column":0},"workspaceservice-add-vault":{"type":"header","value":"workspaceservice-add-vault","line":67,"column":0},"sync-vault":{"type":"header","value":"sync-vault","line":81,"column":0}},"fname":"pkg.dendron-engine.internal","updated":1620440064777,"created":1608527496774,"parent":"5a7103be-eb92-4380-8207-598e9f10724c","children":["cc302bfb-bf82-4ec7-9956-b989d2d68338","d77cc114-5c4b-4185-a353-47888e5a8976","a379c9fe-6cb4-43a0-863e-5200fbce4181","af17fd9e-d7d7-4e6c-a2c2-a3bd9ee3be18"],"data":{},"contentHash":"60be584ca0b48553090ceefca1cc5432","custom":{}}
