{"id":"26d66e84-6e4f-4688-bf6e-af070def7c38","title":"Settings","vault":{"fsPath":"vault","name":"dendron.dendron-site"},"type":"note","desc":"","links":[{"from":{"fname":"dendron.guides.cook","vaultName":"dendron.dendron-site"},"type":"backlink","position":{"start":{"line":161,"column":110,"offset":6478},"end":{"line":161,"column":146,"offset":6514},"indent":[]},"value":"dendron.guides.settings"},{"from":{"fname":"dendron.guides.troubleshooting","vaultName":"dendron.dendron-site"},"type":"backlink","position":{"start":{"line":258,"column":20,"offset":9286},"end":{"line":258,"column":66,"offset":9332},"indent":[]},"value":"dendron.guides.settings"}],"anchors":{},"fname":"dendron.guides.settings","updated":1604238328894,"created":1600729806764,"parent":"02c2d7b6-2ea2-4e15-9894-9dead50d5ca2","children":[],"data":{},"contentHash":"7db323c020feadfdd9f96667dc40cf03","custom":{}}
