{"id":"28acd3e7-2102-4b8d-8d69-0d7b2f83bb54","title":"Template","vault":{"fsPath":"vault","name":"dendron.dendron-site"},"type":"note","desc":"","links":[],"anchors":{"goal":{"type":"header","value":"goal","line":11,"column":0},"details-and-discussion":{"type":"header","value":"details-and-discussion","line":13,"column":0},"release-notes":{"type":"header","value":"release-notes","line":15,"column":0},"tasks":{"type":"header","value":"tasks","line":17,"column":0}},"fname":"dendron.roadmap.project.template","updated":1600842066371,"created":1600842066371,"parent":"8cf880da-6402-47fb-8e9a-9d5fa38e31d0","children":[],"data":{},"contentHash":"b4bdee5329c998609e1e81bcd8645121","custom":{"stub":false,"start":null,"end":null,"status":null}}
