{"id":"28bc72c6-5d4f-4d7a-abb2-6c1d72f3438a","title":"Release Notes (version 0.45)","vault":{"fsPath":"vault","name":"dendron.dendron-site"},"type":"note","desc":"","links":[{"type":"wiki","from":{"fname":"dendron.release.2021-06-07","id":"28bc72c6-5d4f-4d7a-abb2-6c1d72f3438a","vaultName":"dendron.dendron-site"},"value":"dendron.community.office-hours.2021.06.06","alias":"here","position":{"start":{"line":16,"column":49,"offset":397},"end":{"line":16,"column":99,"offset":447},"indent":[]},"xvault":false,"to":{"fname":"dendron.community.office-hours.2021.06.06"}},{"type":"wiki","from":{"fname":"dendron.release.2021-06-07","id":"28bc72c6-5d4f-4d7a-abb2-6c1d72f3438a","vaultName":"dendron.dendron-site"},"value":"dendron.community.roles","alias":"here","position":{"start":{"line":39,"column":38,"offset":1524},"end":{"line":39,"column":70,"offset":1556},"indent":[]},"xvault":false,"to":{"fname":"dendron.community.roles"}},{"type":"wiki","from":{"fname":"dendron.release.2021-06-07","id":"28bc72c6-5d4f-4d7a-abb2-6c1d72f3438a","vaultName":"dendron.dendron-site"},"value":"dendron.rfc.14-seed-bank","alias":"Seed bank RFC","position":{"start":{"line":50,"column":9,"offset":1752},"end":{"line":50,"column":51,"offset":1794},"indent":[]},"xvault":false,"to":{"fname":"dendron.rfc.14-seed-bank"}},{"type":"wiki","from":{"fname":"dendron.release.2021-06-07","id":"28bc72c6-5d4f-4d7a-abb2-6c1d72f3438a","vaultName":"dendron.dendron-site"},"value":"dendron.alternatives","alias":"Updated alternatives list","position":{"start":{"line":51,"column":9,"offset":1803},"end":{"line":51,"column":59,"offset":1853},"indent":[]},"xvault":false,"to":{"fname":"dendron.alternatives"}},{"type":"wiki","from":{"fname":"dendron.release.2021-06-07","id":"28bc72c6-5d4f-4d7a-abb2-6c1d72f3438a","vaultName":"dendron.dendron-site"},"value":"dendron.topic.publishing.configuration","alias":"Hide Block Anchors config","position":{"start":{"line":53,"column":9,"offset":1870},"end":{"line":53,"column":77,"offset":1938},"indent":[]},"xvault":false,"to":{"fname":"dendron.topic.publishing.configuration"}},{"type":"wiki","from":{"fname":"dendron.release.2021-06-07","id":"28bc72c6-5d4f-4d7a-abb2-6c1d72f3438a","vaultName":"dendron.dendron-site"},"value":"dendron.topic.vaults","alias":"Workspace Sync Config","position":{"start":{"line":54,"column":9,"offset":1947},"end":{"line":54,"column":55,"offset":1993},"indent":[]},"xvault":false,"to":{"fname":"dendron.topic.vaults"}},{"type":"wiki","from":{"fname":"dendron.release.2021-06-07","id":"28bc72c6-5d4f-4d7a-abb2-6c1d72f3438a","vaultName":"dendron.dendron-site"},"value":"dendron.guides.cook","alias":"Added Noteless to mobile support","position":{"start":{"line":55,"column":9,"offset":2002},"end":{"line":55,"column":65,"offset":2058},"indent":[]},"xvault":false,"to":{"fname":"dendron.guides.cook"}},{"type":"ref","from":{"fname":"dendron.release.2021-06-07","id":"28bc72c6-5d4f-4d7a-abb2-6c1d72f3438a","vaultName":"dendron.dendron-site"},"value":"dendron.release.changelog","position":{"start":{"line":43,"column":1,"offset":1573},"end":{"line":43,"column":42,"offset":1614},"indent":[]},"xvault":false,"to":{"fname":"dendron.release.changelog","anchorHeader":"045,1:#044"}}],"anchors":{"highlights":{"type":"header","value":"highlights","line":10,"column":0},"community":{"type":"header","value":"community","line":18,"column":0},"office-hours":{"type":"header","value":"office-hours","line":20,"column":0},"ongoing-community-request-crop":{"type":"header","value":"ongoing-community-request-crop","line":24,"column":0},"thank-yous":{"type":"header","value":"thank-yous","line":28,"column":0},"changelog":{"type":"header","value":"changelog","line":47,"column":0},"docs":{"type":"header","value":"docs","line":51,"column":0}},"fname":"dendron.release.2021-06-07","updated":1623095482213,"created":1622949548271,"parent":"932534e7-e788-4fdb-bc8c-eaf761992a8d","children":[],"data":{},"contentHash":"a6cc280889beb5a851186ede24c99645","custom":{}}
