{"id":"28dfaaf8-4944-447c-be30-39c514a80bb0","title":"JSON Pod","vault":{"fsPath":"vault","name":"dendron.dendron-site"},"type":"note","desc":"","links":[{"from":{"fname":"dendron.release.2020-09-20","vaultName":"dendron.dendron-site"},"type":"backlink","position":{"start":{"line":61,"column":1,"offset":2610},"end":{"line":61,"column":36,"offset":2645},"indent":[]},"value":"dendron.topic.pod.builtin.json"},{"from":{"fname":"dendron.topic.pod.builtin","vaultName":"dendron.dendron-site"},"type":"backlink","position":{"start":{"line":7,"column":1,"offset":243},"end":{"line":7,"column":47,"offset":289},"indent":[]},"value":"dendron.topic.pod.builtin.json"}],"anchors":{"summary":{"type":"header","value":"summary","line":8,"column":0},"import":{"type":"header","value":"import","line":15,"column":0},"export":{"type":"header","value":"export","line":35,"column":0},"publish-pod":{"type":"header","value":"publish-pod","line":114,"column":0}},"fname":"dendron.topic.pod.builtin.json","updated":1619797790889,"created":1603306959022,"parent":"3e519113-5820-4a84-bef8-85103a7b296b","children":[],"data":{},"contentHash":"a6e69366fff1c680d02f44e3fe636e0c","custom":{}}
