{"id":"2979e42c-a945-4483-912a-ad4f9560fdb7","title":"Release Notes (version 0.40)","vault":{"fsPath":"vault","name":"dendron.dendron-site"},"type":"note","desc":"","links":[{"type":"wiki","from":{"fname":"dendron.release.2021-05-03","id":"2979e42c-a945-4483-912a-ad4f9560fdb7","vaultName":"dendron.dendron-site"},"value":"dendron.rfc.7-graph-rework","alias":"7 Graph Rework","position":{"start":{"line":18,"column":3,"offset":705},"end":{"line":18,"column":48,"offset":750},"indent":[]},"xvault":false,"to":{"fname":"dendron.rfc.7-graph-rework"}},{"type":"wiki","from":{"fname":"dendron.release.2021-05-03","id":"2979e42c-a945-4483-912a-ad4f9560fdb7","vaultName":"dendron.dendron-site"},"value":"dendron.rfc.9-note-lifecycle-hooks","alias":"9 Note Lifecycle Plugins","position":{"start":{"line":19,"column":3,"offset":753},"end":{"line":19,"column":66,"offset":816},"indent":[]},"xvault":false,"to":{"fname":"dendron.rfc.9-note-lifecycle-hooks"}},{"type":"wiki","from":{"fname":"dendron.release.2021-05-03","id":"2979e42c-a945-4483-912a-ad4f9560fdb7","vaultName":"dendron.dendron-site"},"value":"dendron.rfc.10-blocks","alias":"10 Blocks","position":{"start":{"line":20,"column":3,"offset":819},"end":{"line":20,"column":38,"offset":854},"indent":[]},"xvault":false,"to":{"fname":"dendron.rfc.10-blocks"}},{"type":"wiki","from":{"fname":"dendron.release.2021-05-03","id":"2979e42c-a945-4483-912a-ad4f9560fdb7","vaultName":"dendron.dendron-site"},"value":"dendron.community.roles","alias":"here","position":{"start":{"line":25,"column":38,"offset":1046},"end":{"line":25,"column":70,"offset":1078},"indent":[]},"xvault":false,"to":{"fname":"dendron.community.roles"}},{"type":"ref","from":{"fname":"dendron.release.2021-05-03","id":"2979e42c-a945-4483-912a-ad4f9560fdb7","vaultName":"dendron.dendron-site"},"value":"dendron.release.changelog","position":{"start":{"line":33,"column":1,"offset":1463},"end":{"line":33,"column":40,"offset":1502},"indent":[]},"xvault":false,"to":{"fname":"dendron.release.changelog","anchorHeader":"040:#039"}}],"anchors":{"highlights":{"type":"header","value":"highlights","line":9,"column":0},"office-hours":{"type":"header","value":"office-hours","line":15,"column":0},"rfcs":{"type":"header","value":"rfcs","line":20,"column":0},"community":{"type":"header","value":"community","line":28,"column":0}},"fname":"dendron.release.2021-05-03","updated":1620073760783,"created":1620073147992,"parent":"932534e7-e788-4fdb-bc8c-eaf761992a8d","children":[],"data":{},"contentHash":"66620f07403e49d4bb602bd173130778","custom":{}}
