{"id":"2b87ceb3-2a90-4dee-ab8e-980172ecaef1","title":"Errors","vault":{"fsPath":"vault","name":"dendron.dendron-site"},"type":"note","desc":"","links":[],"anchors":{"summary":{"type":"header","value":"summary","line":9,"column":0},"details":{"type":"header","value":"details","line":15,"column":0},"api":{"type":"header","value":"api","line":22,"column":0},"error_status":{"type":"header","value":"error_status","line":24,"column":0},"error_severity":{"type":"header","value":"error_severity","line":28,"column":0}},"fname":"dendron.dev.errors","updated":1620880732981,"created":1620879891784,"parent":"3489b652-cd0e-4ac8-a734-08094dc043eb","children":[],"data":{},"contentHash":"6cccea816224e8acc94be64876664c33","custom":{}}
