{"id":"2b9fd89c-6af5-4d12-b5d3-71529105be61","title":"Qa","vault":{"fsPath":"vault","name":"dendron.dendron-site"},"type":"note","desc":"","links":[],"anchors":{"debug":{"type":"header","value":"debug","line":9,"column":0},"testunit":{"type":"header","value":"testunit","line":11,"column":0},"writing":{"type":"header","value":"writing","line":13,"column":0},"testintegration":{"type":"header","value":"testintegration","line":19,"column":0}},"fname":"pkg.dendron-markdown.qa","updated":1622050970336,"created":1622050918662,"parent":"69746008-2fa0-4036-b443-b15076a3d6bf","children":[],"data":{},"contentHash":"48417337434acd09b8b6c76c4b7db813","custom":{}}
