{"id":"2d59d6d0-5752-4de6-9027-f6bf9ab63aca","title":"Release Notes (version 0.34)","vault":{"fsPath":"vault","name":"dendron.dendron-site"},"type":"note","desc":"","links":[{"type":"wiki","from":{"fname":"dendron.release.2021-03-22","id":"2d59d6d0-5752-4de6-9027-f6bf9ab63aca","vaultName":"dendron.dendron-site"},"value":"dendron.community.roles","alias":"here","position":{"start":{"line":14,"column":38,"offset":421},"end":{"line":14,"column":70,"offset":453},"indent":[]},"xvault":false,"to":{"fname":"dendron.community.roles"}},{"type":"ref","from":{"fname":"dendron.release.2021-03-22","id":"2d59d6d0-5752-4de6-9027-f6bf9ab63aca","vaultName":"dendron.dendron-site"},"value":"dendron.release.changelog","position":{"start":{"line":39,"column":1,"offset":1684},"end":{"line":39,"column":42,"offset":1725},"indent":[]},"xvault":false,"to":{"fname":"dendron.release.changelog","anchorHeader":"0331:#0330"}}],"anchors":{"highlights":{"type":"header","value":"highlights","line":11,"column":0},"community":{"type":"header","value":"community","line":17,"column":0}},"fname":"dendron.release.2021-03-22","updated":1617044418611,"created":1616447140240,"parent":"932534e7-e788-4fdb-bc8c-eaf761992a8d","children":[],"data":{},"contentHash":"00af9ec21a1a347e147e595a214e325b","custom":{}}
