{"id":"2d8ae0e1-514a-4058-b394-d671b0296a74","title":"Developing for the API Server","vault":{"fsPath":"vault","name":"dendron.dendron-site"},"type":"note","desc":"Development related\n","links":[{"from":{"fname":"pkg.dendron-api-server","vaultName":"dendron.dendron-site"},"type":"backlink","position":{"start":{"line":6,"column":1,"offset":194},"end":{"line":6,"column":35,"offset":228},"indent":[]},"value":"pkg.dendron-api-server.dev"}],"anchors":{"tips":{"type":"header","value":"tips","line":9,"column":0},"cook":{"type":"header","value":"cook","line":12,"column":0},"adding-a-new-api":{"type":"header","value":"adding-a-new-api","line":14,"column":0},"faq":{"type":"header","value":"faq","line":17,"column":0},"where-is--being-served-from":{"type":"header","value":"where-is--being-served-from","line":19,"column":0}},"fname":"pkg.dendron-api-server.dev","updated":1627169950549,"created":1623085002339,"parent":"554d3c62-29da-4c86-9d16-f910e36ad7b1","children":[],"data":{},"contentHash":"b611f97416c410f53839626c98da07b2","custom":{}}
