{"id":"2fe96d3a-dcf9-409b-8a09-fdaa5a664433","title":"Features","vault":{"fsPath":"vault","name":"dendron.dendron-site"},"type":"note","desc":"","links":[{"type":"wiki","from":{"fname":"dendron.topic.publishing.features","id":"2fe96d3a-dcf9-409b-8a09-fdaa5a664433","vaultName":"dendron.dendron-site"},"value":"dendron.topic.references","alias":"note references","position":{"start":{"line":46,"column":13,"offset":2094},"end":{"line":46,"column":57,"offset":2138},"indent":[]},"xvault":false,"to":{"fname":"dendron.topic.references"}},{"type":"wiki","from":{"fname":"dendron.topic.publishing.features","id":"2fe96d3a-dcf9-409b-8a09-fdaa5a664433","vaultName":"dendron.dendron-site"},"value":"dendron.topic.workbench","alias":"backlinks panel","position":{"start":{"line":52,"column":31,"offset":2532},"end":{"line":52,"column":84,"offset":2585},"indent":[]},"xvault":false,"to":{"fname":"dendron.topic.workbench","anchorHeader":"backlinks"}},{"from":{"fname":"dendron.topic.references","vaultName":"dendron.dendron-site"},"type":"backlink","position":{"start":{"line":223,"column":487,"offset":7222},"end":{"line":223,"column":555,"offset":7290},"indent":[]},"value":"dendron.topic.publishing.features"},{"from":{"fname":"dendron.release.changelog.0-3-x","vaultName":"dendron.dendron-site"},"type":"backlink","position":{"start":{"line":373,"column":1,"offset":10896},"end":{"line":373,"column":51,"offset":10946},"indent":[]},"value":"dendron.topic.publishing.features"},{"from":{"fname":"dendron.topic.publishing.configuration","vaultName":"dendron.dendron-site"},"type":"backlink","position":{"start":{"line":410,"column":52,"offset":9664},"end":{"line":410,"column":119,"offset":9731},"indent":[]},"value":"dendron.topic.publishing.features"}],"anchors":{"nested-hierarchies":{"type":"header","value":"nested-hierarchies","line":9,"column":0},"nav-based-hierarchy-hints":{"type":"header","value":"nav-based-hierarchy-hints","line":15,"column":0},"edit-on-github":{"type":"header","value":"edit-on-github","line":21,"column":0},"lookup":{"type":"header","value":"lookup","line":31,"column":0},"permanent-ids":{"type":"header","value":"permanent-ids","line":37,"column":0},"selective-publication":{"type":"header","value":"selective-publication","line":47,"column":0},"note-references":{"type":"header","value":"note-references","line":51,"column":0},"backlinks":{"type":"header","value":"backlinks","line":57,"column":0}},"fname":"dendron.topic.publishing.features","updated":1623882260851,"created":1608528227846,"parent":"579e379b-3eca-4676-b51c-c66eb26a11b8","children":[],"data":{},"contentHash":"6013262b0552f1f400d98b68a81ca338","custom":{"nav_order":1}}
