{"id":"2H9FBzagX9wf4b0V0ADGG","title":"Import","vault":{"fsPath":"vault","name":"dendron.dendron-site"},"type":"note","desc":"","links":[{"type":"ref","from":{"fname":"dendron.topic.pod.builtin.github.import","id":"2H9FBzagX9wf4b0V0ADGG","vaultName":"dendron.dendron-site"},"value":"dendron.topic.pod.import","position":{"start":{"line":63,"column":1,"offset":1577},"end":{"line":63,"column":46,"offset":1622},"indent":[]},"xvault":false,"to":{"fname":"dendron.topic.pod.import","anchorHeader":"configuration,1"}},{"from":{"fname":"dendron.release.2021-07-12","vaultName":"dendron.dendron-site"},"type":"backlink","position":{"start":{"line":24,"column":18,"offset":1576},"end":{"line":24,"column":72,"offset":1630},"indent":[]},"value":"dendron.topic.pod.builtin.github.import"},{"from":{"fname":"dendron.topic.pod.builtin.github","vaultName":"dendron.dendron-site"},"type":"backlink","position":{"start":{"line":10,"column":1,"offset":100},"end":{"line":10,"column":58,"offset":157},"indent":[]},"value":"dendron.topic.pod.builtin.github.import"}],"anchors":{"summary":{"type":"header","value":"summary","line":8,"column":0},"authentication":{"type":"header","value":"authentication","line":13,"column":0},"example":{"type":"header","value":"example","line":21,"column":0},"configuration":{"type":"header","value":"configuration","line":67,"column":0},"owner":{"type":"header","value":"owner","line":71,"column":0},"repository":{"type":"header","value":"repository","line":76,"column":0},"status":{"type":"header","value":"status","line":81,"column":0},"enddate":{"type":"header","value":"enddate","line":86,"column":0},"startdate":{"type":"header","value":"startdate","line":92,"column":0},"token":{"type":"header","value":"token","line":97,"column":0},"fname":{"type":"header","value":"fname","line":102,"column":0}},"fname":"dendron.topic.pod.builtin.github.import","updated":1627633776543,"created":1625747404839,"parent":"PuDUEyUAPmvpBvaFWHDOS","children":[],"data":{},"contentHash":"24b87f40d62c8e3983d249ce5b4fc55f","custom":{}}
