{"id":"301e4129-6933-4be7-a4bd-8125171360d8","title":"Extensions","vault":{"fsPath":"vault","name":"dendron.dendron-site"},"type":"note","desc":"","links":[{"type":"ref","from":{"fname":"dendron.topic.extensions","id":"301e4129-6933-4be7-a4bd-8125171360d8","vaultName":"dendron.dendron-site"},"value":"dendron.guides.tips","position":{"start":{"line":21,"column":1,"offset":1080},"end":{"line":21,"column":75,"offset":1154},"indent":[]},"xvault":false,"to":{"fname":"dendron.guides.tips","anchorHeader":"other-vscode-extensions:#other-browser-extensions"}},{"from":{"fname":"dendron.guides.upgrading","vaultName":"dendron.dendron-site"},"type":"backlink","position":{"start":{"line":13,"column":49,"offset":800},"end":{"line":13,"column":82,"offset":833},"indent":[]},"value":"dendron.topic.extensions"},{"from":{"fname":"dendron.release.changelog.0-1-x","vaultName":"dendron.dendron-site"},"type":"backlink","position":{"start":{"line":706,"column":1,"offset":35799},"end":{"line":706,"column":48,"offset":35846},"indent":[]},"value":"dendron.topic.extensions"}],"anchors":{"bundled":{"type":"header","value":"bundled","line":8,"column":0}},"fname":"dendron.topic.extensions","updated":1618930601980,"created":1596643515473,"parent":"7a7af2fa-b9d0-4adc-81e6-f03186123539","children":[],"data":{},"contentHash":"f5031dbf206abeb8aaaccabebfeb0ffc","custom":{"stub":false},"schema":{"schemaId":"topic","moduleId":"dendron"}}
