{"id":"31cb97b5-4ac7-48dd-abcf-107ce78ea8ae","title":"Quickstart","vault":{"fsPath":"vault","name":"dendron.dendron-site"},"type":"note","desc":"","links":[{"type":"wiki","from":{"fname":"dendron.topic.teams.quickstart","id":"31cb97b5-4ac7-48dd-abcf-107ce78ea8ae","vaultName":"dendron.dendron-site"},"value":"dendron.topic.commands","alias":"Initialize Workspace","position":{"start":{"line":5,"column":8,"offset":71},"end":{"line":5,"column":76,"offset":139},"indent":[]},"xvault":false,"to":{"fname":"dendron.topic.commands","anchorHeader":"initialize-workspace"}},{"type":"wiki","from":{"fname":"dendron.topic.teams.quickstart","id":"31cb97b5-4ac7-48dd-abcf-107ce78ea8ae","vaultName":"dendron.dendron-site"},"value":"dendron.topic.commands","alias":"Vault Add","position":{"start":{"line":6,"column":8,"offset":181},"end":{"line":6,"column":54,"offset":227},"indent":[]},"xvault":false,"to":{"fname":"dendron.topic.commands","anchorHeader":"vault-add"}},{"type":"wiki","from":{"fname":"dendron.topic.teams.quickstart","id":"31cb97b5-4ac7-48dd-abcf-107ce78ea8ae","vaultName":"dendron.dendron-site"},"value":"dendron.topic.commands","alias":"Vault Remove","position":{"start":{"line":7,"column":8,"offset":278},"end":{"line":7,"column":60,"offset":330},"indent":[]},"xvault":false,"to":{"fname":"dendron.topic.commands","anchorHeader":"vault-remove"}},{"type":"wiki","from":{"fname":"dendron.topic.teams.quickstart","id":"31cb97b5-4ac7-48dd-abcf-107ce78ea8ae","vaultName":"dendron.dendron-site"},"value":"dendron.guides.cook","alias":"here","position":{"start":{"line":8,"column":120,"offset":528},"end":{"line":8,"column":191,"offset":599},"indent":[]},"xvault":false,"to":{"fname":"dendron.guides.cook","anchorHeader":"converting-a-local-vault-to-a-remote-vault"}},{"type":"wiki","from":{"fname":"dendron.topic.teams.quickstart","id":"31cb97b5-4ac7-48dd-abcf-107ce78ea8ae","vaultName":"dendron.dendron-site"},"value":"dendron.topic.commands","alias":"Change Workspace","position":{"start":{"line":18,"column":81,"offset":1021},"end":{"line":18,"column":141,"offset":1081},"indent":[]},"xvault":false,"to":{"fname":"dendron.topic.commands","anchorHeader":"change-workspace"}},{"type":"wiki","from":{"fname":"dendron.topic.teams.quickstart","id":"31cb97b5-4ac7-48dd-abcf-107ce78ea8ae","vaultName":"dendron.dendron-site"},"value":"dendron.topic.vaults","alias":"remote vault","position":{"start":{"line":19,"column":82,"offset":1272},"end":{"line":19,"column":126,"offset":1316},"indent":[]},"xvault":false,"to":{"fname":"dendron.topic.vaults","anchorHeader":"remote"}}],"anchors":{},"fname":"dendron.topic.teams.quickstart","updated":1622841508212,"created":1617296496891,"parent":"98f6d928-3f61-49fb-9c9e-70c27d25f838","children":[],"data":{},"contentHash":"c6c2a5bad336767f45ac11be95e468b6","custom":{}}
