{"id":"31d1e024-fe37-477b-b525-d94b0c136aeb","title":"Publish","vault":{"fsPath":"vault","name":"dendron.dendron-site"},"type":"note","desc":"","links":[{"from":{"fname":"dendron.topic.pod.builtin.markdown","vaultName":"dendron.dendron-site"},"type":"backlink","position":{"start":{"line":21,"column":1,"offset":261},"end":{"line":21,"column":58,"offset":318},"indent":[]},"value":"dendron.topic.pod.builtin.markdown.publish"}],"anchors":{"summary":{"type":"header","value":"summary","line":8,"column":0}},"fname":"dendron.topic.pod.builtin.markdown.publish","updated":1617328005327,"created":1617328001523,"parent":"13c4a608-0a32-4c62-9c7e-2b7f9f2d18bf","children":[],"data":{},"contentHash":"e57d2e2d5cb5f3060dc9fe3e10db8f04","custom":{}}
