{"id":"31f745c3-73e0-4264-9858-099a826e4fd1","title":"Ops","vault":{"fsPath":"vault","name":"dendron.dendron-site"},"type":"note","desc":"Diagnose issues\n","links":[{"type":"wiki","from":{"fname":"pkg.dendron-plugin.ops","id":"31f745c3-73e0-4264-9858-099a826e4fd1","vaultName":"dendron.dendron-site"},"value":"pkg.dendron-plugin.ops.logs","alias":"logs","position":{"start":{"line":17,"column":34,"offset":294},"end":{"line":17,"column":91,"offset":351},"indent":[]},"xvault":false,"sameFile":false,"to":{"fname":"pkg.dendron-plugin.ops.logs","anchorHeader":"start-engine-process"}},{"type":"wiki","from":{"fname":"pkg.dendron-plugin.ops","id":"31f745c3-73e0-4264-9858-099a826e4fd1","vaultName":"dendron.dendron-site"},"value":"pkg.dendron-plugin.ops.logs","alias":"logs","position":{"start":{"line":18,"column":46,"offset":397},"end":{"line":18,"column":104,"offset":455},"indent":[]},"xvault":false,"sameFile":false,"to":{"fname":"pkg.dendron-plugin.ops.logs","anchorHeader":"finish-indexing-notes"}}],"anchors":{"inspect-bundles":{"type":"header","value":"inspect-bundles","line":10,"column":0},"push-to-integ":{"type":"header","value":"push-to-integ","line":17,"column":0},"diagnostics":{"type":"header","value":"diagnostics","line":23,"column":0}},"fname":"pkg.dendron-plugin.ops","updated":1628346722823,"created":1621830830888,"parent":"87d90002-f480-45eb-a8c4-d00df4d61557","children":["dpCnjhyzVVjYZqKQ3wPA4"],"data":{},"contentHash":"a321d561a6c751bbfd0223a8241de264","custom":{}}
