{"id":"32cdd4aa-d9f6-4582-8d0c-07f64a00299b","title":"Related Projects","vault":{"fsPath":"vault","name":"dendron.dendron-site"},"type":"note","desc":"","links":[{"type":"wiki","from":{"fname":"pkg","id":"32cdd4aa-d9f6-4582-8d0c-07f64a00299b","vaultName":"dendron.dendron-site"},"value":"pkg.dendron-frontend","alias":"Dendron Frontend","position":{"start":{"line":6,"column":3,"offset":68},"end":{"line":6,"column":44,"offset":109},"indent":[]},"xvault":false,"to":{"fname":"pkg.dendron-frontend"}},{"type":"wiki","from":{"fname":"pkg","id":"32cdd4aa-d9f6-4582-8d0c-07f64a00299b","vaultName":"dendron.dendron-site"},"value":"pkg.11ty","alias":"11ty","position":{"start":{"line":7,"column":5,"offset":114},"end":{"line":7,"column":22,"offset":131},"indent":[]},"xvault":false,"to":{"fname":"pkg.11ty"}},{"type":"wiki","from":{"fname":"pkg","id":"32cdd4aa-d9f6-4582-8d0c-07f64a00299b","vaultName":"dendron.dendron-site"},"value":"pkg.dendron-cli","alias":"Dendron CLI","position":{"start":{"line":8,"column":5,"offset":136},"end":{"line":8,"column":36,"offset":167},"indent":[]},"xvault":false,"to":{"fname":"pkg.dendron-cli"}},{"type":"wiki","from":{"fname":"pkg","id":"32cdd4aa-d9f6-4582-8d0c-07f64a00299b","vaultName":"dendron.dendron-site"},"value":"pkg.dendron-engine","alias":"Dendron Engine","position":{"start":{"line":9,"column":5,"offset":172},"end":{"line":9,"column":42,"offset":209},"indent":[]},"xvault":false,"to":{"fname":"pkg.dendron-engine"}},{"type":"wiki","from":{"fname":"pkg","id":"32cdd4aa-d9f6-4582-8d0c-07f64a00299b","vaultName":"dendron.dendron-site"},"value":"pkg.dendron-markdown","alias":"Dendron Markdown","position":{"start":{"line":10,"column":7,"offset":216},"end":{"line":10,"column":48,"offset":257},"indent":[]},"xvault":false,"to":{"fname":"pkg.dendron-markdown"}},{"type":"wiki","from":{"fname":"pkg","id":"32cdd4aa-d9f6-4582-8d0c-07f64a00299b","vaultName":"dendron.dendron-site"},"value":"pkg.dendron-plugin","alias":"Dendron Plugin","position":{"start":{"line":11,"column":5,"offset":262},"end":{"line":11,"column":42,"offset":299},"indent":[]},"xvault":false,"to":{"fname":"pkg.dendron-plugin"}},{"type":"wiki","from":{"fname":"pkg","id":"32cdd4aa-d9f6-4582-8d0c-07f64a00299b","vaultName":"dendron.dendron-site"},"value":"pkg.dendron-next-server","alias":"Dendron Next Server","position":{"start":{"line":12,"column":5,"offset":304},"end":{"line":12,"column":52,"offset":351},"indent":[]},"xvault":false,"to":{"fname":"pkg.dendron-next-server"}},{"type":"wiki","from":{"fname":"pkg","id":"32cdd4aa-d9f6-4582-8d0c-07f64a00299b","vaultName":"dendron.dendron-site"},"value":"pkg.pods-core","alias":"pkg.pods-core","position":{"start":{"line":13,"column":5,"offset":356},"end":{"line":13,"column":22,"offset":373},"indent":[]},"xvault":false,"to":{"fname":"pkg.pods-core"}},{"type":"wiki","from":{"fname":"pkg","id":"32cdd4aa-d9f6-4582-8d0c-07f64a00299b","vaultName":"dendron.dendron-site"},"value":"pkg.dendron-api-server","alias":"Dendron API Server","position":{"start":{"line":14,"column":5,"offset":378},"end":{"line":14,"column":50,"offset":423},"indent":[]},"xvault":false,"to":{"fname":"pkg.dendron-api-server"}},{"type":"wiki","from":{"fname":"pkg","id":"32cdd4aa-d9f6-4582-8d0c-07f64a00299b","vaultName":"dendron.dendron-site"},"value":"pkg.dendron-preview","alias":"Dendron Preview","position":{"start":{"line":16,"column":5,"offset":447},"end":{"line":16,"column":44,"offset":486},"indent":[]},"xvault":false,"to":{"fname":"pkg.dendron-preview"}},{"type":"wiki","from":{"fname":"pkg","id":"32cdd4aa-d9f6-4582-8d0c-07f64a00299b","vaultName":"dendron.dendron-site"},"value":"pkg.dendron-snippet-maker","alias":"Dendron Snippet Maker","position":{"start":{"line":17,"column":5,"offset":491},"end":{"line":17,"column":56,"offset":542},"indent":[]},"xvault":false,"to":{"fname":"pkg.dendron-snippet-maker"}},{"type":"wiki","from":{"fname":"pkg","id":"32cdd4aa-d9f6-4582-8d0c-07f64a00299b","vaultName":"dendron.dendron-site"},"value":"pkg.dendron-markdown-links","alias":"Dendron Markdown Links","position":{"start":{"line":18,"column":5,"offset":547},"end":{"line":18,"column":58,"offset":600},"indent":[]},"xvault":false,"to":{"fname":"pkg.dendron-markdown-links"}},{"from":{"fname":"dendron.dev.design","vaultName":"dendron.dendron-site"},"type":"backlink","position":{"start":{"line":80,"column":75,"offset":2988},"end":{"line":80,"column":87,"offset":3000},"indent":[]},"value":"pkg"}],"anchors":{"summary":{"type":"header","value":"summary","line":9,"column":0}},"fname":"pkg","updated":1625786051413,"created":1596684856906,"parent":null,"children":["bd0ab316-7cf4-4a6a-b5d0-29c539642975","zq1kGHyQ9ZnrFGMn","5c71637f-d08f-4ce5-8160-c5ab90254dee","4ee3b7ab-a633-44bb-a797-60dbd046cd30","a54ec55b-7624-46af-9d50-5ad734e3a80f","554d3c62-29da-4c86-9d16-f910e36ad7b1","c968377f-56e5-470f-801e-c730a1c071d4","cb30703e-9378-4b7d-b223-418a587ec98a","5a7103be-eb92-4380-8207-598e9f10724c","843d155e-123d-4052-bbde-e4970ae02c80","4c0ef322-3006-405c-9a66-3134dd9649a5","9af9cf56-d2a0-47d1-b8bf-5a02c42ac2fd","69746008-2fa0-4036-b443-b15076a3d6bf","7cdd9a74-8b8f-4564-906b-c963bed34273","87d90002-f480-45eb-a8c4-d00df4d61557","92df74a7-39e7-453a-b940-013f3a48f513","53dd4b9b-d3a7-4398-9511-b7a281039f9d","89980f03-f5fd-4c9a-8325-c450c1108150","c6adf905-2f74-4235-a2dc-c85b4711ea4a","f041ed84-a842-4aed-93aa-cdf9e953826a","claxLRkCT1gCza2b","eQ5w4eqHrf4m1peq","c116cc0b-2c65-48d8-ac77-53502228d398","33f8e460-99dc-49b3-baf3-cadb54e4853b"],"data":{},"contentHash":"5a742cc106366486e297c0f2905300a9","custom":{"stub":false,"nav_order":1}}
