{"id":"3307c16e-69d9-48cd-b1cc-1dfe88274191","title":"Vscode","vault":{"fsPath":"vault","name":"dendron.dendron-site"},"type":"note","desc":"","links":[{"from":{"fname":"pkg.dendron-cli.qa","vaultName":"dendron.dendron-site"},"type":"backlink","position":{"start":{"line":3,"column":51,"offset":60},"end":{"line":3,"column":89,"offset":98},"indent":[]},"value":"dendron.dev.ref.vscode"},{"from":{"fname":"pkg.markdown-links.setup","vaultName":"dendron.dendron-site"},"type":"backlink","position":{"start":{"line":9,"column":33,"offset":191},"end":{"line":9,"column":81,"offset":239},"indent":[]},"value":"dendron.dev.ref.vscode"}],"anchors":{"tasks":{"type":"header","value":"tasks","line":8,"column":0},"debug-pane":{"type":"header","value":"debug-pane","line":12,"column":0}},"fname":"dendron.dev.ref.vscode","updated":1620879884811,"created":1608754262068,"parent":"b5736273-85ad-4d0c-bb30-89c92a3941da","children":[],"data":{},"contentHash":"78c4d4ee5755ebe04f5ead80500bac8c","custom":{}}
