{"id":"33f8e460-99dc-49b3-baf3-cadb54e4853b","title":"Utilities","vault":{"fsPath":"vault","name":"dendron.dendron-site"},"type":"note","desc":"","links":[{"type":"wiki","from":{"fname":"pkg.utilities","id":"33f8e460-99dc-49b3-baf3-cadb54e4853b","vaultName":"dendron.dendron-site"},"value":"pkg.engine-test-utils","alias":"Engine Test Utils","position":{"start":{"line":17,"column":5,"offset":335},"end":{"line":17,"column":48,"offset":378},"indent":[]},"xvault":false,"to":{"fname":"pkg.engine-test-utils"}},{"type":"ref","from":{"fname":"pkg.utilities","id":"33f8e460-99dc-49b3-baf3-cadb54e4853b","vaultName":"dendron.dendron-site"},"value":"pkg.common-all","position":{"start":{"line":23,"column":1,"offset":411},"end":{"line":23,"column":32,"offset":442},"indent":[]},"xvault":false,"to":{"fname":"pkg.common-all","anchorHeader":"Utilities,1"}},{"type":"ref","from":{"fname":"pkg.utilities","id":"33f8e460-99dc-49b3-baf3-cadb54e4853b","vaultName":"dendron.dendron-site"},"value":"pkg.common-server","position":{"start":{"line":27,"column":1,"offset":463},"end":{"line":27,"column":35,"offset":497},"indent":[]},"xvault":false,"to":{"fname":"pkg.common-server","anchorHeader":"utilities,1"}},{"type":"ref","from":{"fname":"pkg.utilities","id":"33f8e460-99dc-49b3-baf3-cadb54e4853b","vaultName":"dendron.dendron-site"},"value":"pkg.dendron-cli","position":{"start":{"line":31,"column":1,"offset":516},"end":{"line":31,"column":31,"offset":546},"indent":[]},"xvault":false,"to":{"fname":"pkg.dendron-cli","anchorHeader":"utilities"}},{"type":"ref","from":{"fname":"pkg.utilities","id":"33f8e460-99dc-49b3-baf3-cadb54e4853b","vaultName":"dendron.dendron-site"},"value":"pkg.dendron-engine","position":{"start":{"line":35,"column":1,"offset":560},"end":{"line":35,"column":70,"offset":629},"indent":[]},"xvault":true,"to":{"fname":"pkg.dendron-engine","anchorHeader":"utilities,1:#*","vaultName":"dendron.dendron-site"}},{"type":"ref","from":{"fname":"pkg.utilities","id":"33f8e460-99dc-49b3-baf3-cadb54e4853b","vaultName":"dendron.dendron-site"},"value":"pkg.dendron-plugin","position":{"start":{"line":39,"column":1,"offset":643},"end":{"line":39,"column":70,"offset":712},"indent":[]},"xvault":true,"to":{"fname":"pkg.dendron-plugin","anchorHeader":"utilities,1:#*","vaultName":"dendron.dendron-site"}},{"type":"ref","from":{"fname":"pkg.utilities","id":"33f8e460-99dc-49b3-baf3-cadb54e4853b","vaultName":"dendron.dendron-site"},"value":"pkg.engine-test-utils","position":{"start":{"line":43,"column":1,"offset":737},"end":{"line":43,"column":70,"offset":806},"indent":[]},"xvault":true,"to":{"fname":"pkg.engine-test-utils","anchorHeader":"utilities,1","vaultName":"dendron.dendron-site"}}],"anchors":{"summary":{"type":"header","value":"summary","line":7,"column":0},"by-library":{"type":"header","value":"by-library","line":25,"column":0},"common-all":{"type":"header","value":"common-all","line":27,"column":0},"common-server":{"type":"header","value":"common-server","line":31,"column":0},"dendron-cli":{"type":"header","value":"dendron-cli","line":35,"column":0},"engine":{"type":"header","value":"engine","line":39,"column":0},"plugin":{"type":"header","value":"plugin","line":43,"column":0},"engine-test-utils":{"type":"header","value":"engine-test-utils","line":47,"column":0},"git-utils":{"type":"header","value":"git-utils","line":51,"column":0}},"fname":"pkg.utilities","updated":1621875496030,"created":1619128756963,"parent":"32cdd4aa-d9f6-4582-8d0c-07f64a00299b","children":[],"data":{},"contentHash":"7b0d8704b8fb8ef30af858b2a655596e","custom":{}}
