{"id":"3472226a-ff3c-432d-bf5d-10926f39f6c2","title":"Links","vault":{"fsPath":"vault","name":"dendron.dendron-site"},"type":"note","desc":"","links":[{"type":"wiki","from":{"fname":"dendron.topic.links","id":"3472226a-ff3c-432d-bf5d-10926f39f6c2","vaultName":"dendron.dendron-site"},"value":"dendron.topic.publishing","alias":"publish","position":{"start":{"line":34,"column":10,"offset":1686},"end":{"line":34,"column":46,"offset":1722},"indent":[]},"xvault":false,"to":{"fname":"dendron.topic.publishing"}},{"type":"wiki","from":{"fname":"dendron.topic.links","id":"3472226a-ff3c-432d-bf5d-10926f39f6c2","vaultName":"dendron.dendron-site"},"value":"dendron.topic.links","alias":"wiki links","position":{"start":{"line":46,"column":32,"offset":2168},"end":{"line":46,"column":77,"offset":2213},"indent":[]},"xvault":false,"to":{"fname":"dendron.topic.links","anchorHeader":"wiki-links"}},{"type":"wiki","from":{"fname":"dendron.topic.links","id":"3472226a-ff3c-432d-bf5d-10926f39f6c2","vaultName":"dendron.dendron-site"},"value":"dendron.topic.workbench","alias":"backlinks panel","position":{"start":{"line":55,"column":15,"offset":2623},"end":{"line":55,"column":68,"offset":2676},"indent":[]},"xvault":false,"to":{"fname":"dendron.topic.workbench","anchorHeader":"backlinks"}},{"type":"wiki","from":{"fname":"dendron.topic.links","id":"3472226a-ff3c-432d-bf5d-10926f39f6c2","vaultName":"dendron.dendron-site"},"value":"dendron.topic.links","alias":"children Links","position":{"start":{"line":55,"column":157,"offset":2765},"end":{"line":55,"column":210,"offset":2818},"indent":[]},"xvault":false,"to":{"fname":"dendron.topic.links","anchorHeader":"children-links"}},{"type":"wiki","from":{"fname":"dendron.topic.links","id":"3472226a-ff3c-432d-bf5d-10926f39f6c2","vaultName":"dendron.dendron-site"},"value":"dendron.topic.workbench","alias":"here","position":{"start":{"line":59,"column":45,"offset":3008},"end":{"line":59,"column":92,"offset":3055},"indent":[]},"xvault":false,"to":{"fname":"dendron.topic.workbench","anchorHeader":"backlinks-view"}},{"type":"wiki","from":{"fname":"dendron.topic.links","id":"3472226a-ff3c-432d-bf5d-10926f39f6c2","vaultName":"dendron.dendron-site"},"value":"dendron.topic.vaults.multi-vault","alias":"multi vault","position":{"start":{"line":69,"column":63,"offset":3560},"end":{"line":69,"column":111,"offset":3608},"indent":[]},"xvault":false,"to":{"fname":"dendron.topic.vaults.multi-vault"}},{"type":"wiki","from":{"fname":"dendron.topic.links","id":"3472226a-ff3c-432d-bf5d-10926f39f6c2","vaultName":"dendron.dendron-site"},"value":"dendron.topic.config.dendron","alias":"name","position":{"start":{"line":69,"column":242,"offset":3739},"end":{"line":69,"column":284,"offset":3781},"indent":[]},"xvault":false,"to":{"fname":"dendron.topic.config.dendron","anchorHeader":"name"}},{"type":"wiki","from":{"fname":"dendron.topic.links","id":"3472226a-ff3c-432d-bf5d-10926f39f6c2","vaultName":"dendron.dendron-site"},"value":"dendron.topic.references","alias":"note references","position":{"start":{"line":77,"column":40,"offset":4020},"end":{"line":77,"column":84,"offset":4064},"indent":[]},"xvault":false,"to":{"fname":"dendron.topic.references"}},{"from":{"fname":"dendron.faq","vaultName":"dendron.dendron-site"},"type":"backlink","position":{"start":{"line":124,"column":22,"offset":8486},"end":{"line":124,"column":81,"offset":8545},"indent":[]},"value":"dendron.topic.links"},{"from":{"fname":"dendron.guides.cook","vaultName":"dendron.dendron-site"},"type":"backlink","position":{"start":{"line":357,"column":16,"offset":14794},"end":{"line":357,"column":75,"offset":14853},"indent":[]},"value":"dendron.topic.links"},{"from":{"fname":"dendron.guides.troubleshooting","vaultName":"dendron.dendron-site"},"type":"backlink","position":{"start":{"line":182,"column":105,"offset":5759},"end":{"line":182,"column":150,"offset":5804},"indent":[]},"value":"dendron.topic.links"},{"from":{"fname":"dendron.release.2021-03-01","vaultName":"dendron.dendron-site"},"type":"backlink","position":{"start":{"line":8,"column":3,"offset":228},"end":{"line":8,"column":62,"offset":287},"indent":[]},"value":"dendron.topic.links"},{"from":{"fname":"dendron.release.changelog","vaultName":"dendron.dendron-site"},"type":"backlink","position":{"start":{"line":206,"column":46,"offset":6847},"end":{"line":206,"column":84,"offset":6885},"indent":[]},"value":"dendron.topic.links"},{"from":{"fname":"dendron.release.changelog","vaultName":"dendron.dendron-site"},"type":"backlink","position":{"start":{"line":183,"column":1,"offset":5770},"end":{"line":183,"column":47,"offset":5816},"indent":[]},"value":"dendron.topic.links"},{"from":{"fname":"dendron.rfc.10-blocks","vaultName":"dendron.dendron-site"},"type":"backlink","position":{"start":{"line":95,"column":51,"offset":2644},"end":{"line":95,"column":95,"offset":2688},"indent":[]},"value":"dendron.topic.links"},{"from":{"fname":"dendron.topic.commands","vaultName":"dendron.dendron-site"},"type":"backlink","position":{"start":{"line":34,"column":112,"offset":1230},"end":{"line":34,"column":170,"offset":1288},"indent":[]},"value":"dendron.topic.links"},{"from":{"fname":"dendron.topic.commands","vaultName":"dendron.dendron-site"},"type":"backlink","position":{"start":{"line":64,"column":112,"offset":3045},"end":{"line":64,"column":170,"offset":3103},"indent":[]},"value":"dendron.topic.links"},{"from":{"fname":"dendron.topic.links","vaultName":"dendron.dendron-site"},"type":"backlink","position":{"start":{"line":46,"column":32,"offset":2168},"end":{"line":46,"column":77,"offset":2213},"indent":[]},"value":"dendron.topic.links"},{"from":{"fname":"dendron.topic.links","vaultName":"dendron.dendron-site"},"type":"backlink","position":{"start":{"line":55,"column":157,"offset":2765},"end":{"line":55,"column":210,"offset":2818},"indent":[]},"value":"dendron.topic.links"},{"from":{"fname":"dendron.topic.tags","vaultName":"dendron.dendron-site"},"type":"backlink","position":{"start":{"line":38,"column":1,"offset":1864},"end":{"line":38,"column":59,"offset":1922},"indent":[]},"value":"dendron.topic.links"},{"from":{"fname":"dendron.topic.workbench","vaultName":"dendron.dendron-site"},"type":"backlink","position":{"start":{"line":55,"column":28,"offset":2124},"end":{"line":55,"column":71,"offset":2167},"indent":[]},"value":"dendron.topic.links"},{"from":{"fname":"dendron.workflows.academics","vaultName":"dendron.dendron-site"},"type":"backlink","position":{"start":{"line":9,"column":1,"offset":306},"end":{"line":9,"column":39,"offset":344},"indent":[]},"value":"dendron.topic.links"},{"from":{"fname":"dendron.release.changelog.0-2-x","vaultName":"dendron.dendron-site"},"type":"backlink","position":{"start":{"line":365,"column":48,"offset":12050},"end":{"line":365,"column":87,"offset":12089},"indent":[]},"value":"dendron.topic.links"},{"from":{"fname":"dendron.release.changelog.0-3-x","vaultName":"dendron.dendron-site"},"type":"backlink","position":{"start":{"line":124,"column":20,"offset":3098},"end":{"line":124,"column":63,"offset":3141},"indent":[]},"value":"dendron.topic.links"},{"from":{"fname":"dendron.release.changelog.0-3-x","vaultName":"dendron.dendron-site"},"type":"backlink","position":{"start":{"line":328,"column":1,"offset":9470},"end":{"line":328,"column":76,"offset":9545},"indent":[]},"value":"dendron.topic.links"},{"from":{"fname":"dendron.topic.config.dendron","vaultName":"dendron.dendron-site"},"type":"backlink","position":{"start":{"line":25,"column":24,"offset":559},"end":{"line":25,"column":77,"offset":612},"indent":[]},"value":"dendron.topic.links"},{"from":{"fname":"dendron.topic.config.dendron","vaultName":"dendron.dendron-site"},"type":"backlink","position":{"start":{"line":66,"column":17,"offset":1490},"end":{"line":66,"column":76,"offset":1549},"indent":[]},"value":"dendron.topic.links"},{"from":{"fname":"dendron.topic.publishing.configuration","vaultName":"dendron.dendron-site"},"type":"backlink","position":{"start":{"line":453,"column":54,"offset":11082},"end":{"line":453,"column":107,"offset":11135},"indent":[]},"value":"dendron.topic.links"},{"from":{"fname":"dendron.topic.publishing.navigation","vaultName":"dendron.dendron-site"},"type":"backlink","position":{"start":{"line":33,"column":11,"offset":1348},"end":{"line":33,"column":54,"offset":1391},"indent":[]},"value":"dendron.topic.links"},{"from":{"fname":"dendron.topic.vaults.multi-vault","vaultName":"dendron.dendron-site"},"type":"backlink","position":{"start":{"line":55,"column":145,"offset":2442},"end":{"line":55,"column":204,"offset":2501},"indent":[]},"value":"dendron.topic.links"},{"from":{"fname":"dendron.topic.vaults.multi-vault","vaultName":"dendron.dendron-site"},"type":"backlink","position":{"start":{"line":100,"column":3,"offset":3873},"end":{"line":100,"column":62,"offset":3932},"indent":[]},"value":"dendron.topic.links"}],"anchors":{"markdown-links":{"type":"header","value":"markdown-links","line":17,"column":0},"wiki-links":{"type":"header","value":"wiki-links","line":21,"column":0},"highlghts":{"type":"header","value":"highlghts","line":33,"column":0},"children-links":{"type":"header","value":"children-links","line":39,"column":0},"backlinks":{"type":"header","value":"backlinks","line":45,"column":0},"types-of-backlinks":{"type":"header","value":"types-of-backlinks","line":49,"column":0},"linked-backlink":{"type":"header","value":"linked-backlink","line":52,"column":0},"candidate-backlink":{"type":"header","value":"candidate-backlink","line":57,"column":0},"backlink-view":{"type":"header","value":"backlink-view","line":60,"column":0},"other-links":{"type":"header","value":"other-links","line":68,"column":0},"cross-vault-links":{"type":"header","value":"cross-vault-links","line":74,"column":0}},"fname":"dendron.topic.links","updated":1626473393100,"created":1595003088839,"parent":"7a7af2fa-b9d0-4adc-81e6-f03186123539","children":[],"data":{},"contentHash":"a65c53430078899ba7a85d822149b90c","custom":{"stub":false},"schema":{"schemaId":"topic","moduleId":"dendron"}}
