{"id":"34893663-b1cc-4c4f-aea7-6f1728365b89","title":"Import","vault":{"fsPath":"vault","name":"dendron.dendron-site"},"type":"note","desc":"","links":[{"type":"wiki","from":{"fname":"dendron.topic.pod.import","id":"34893663-b1cc-4c4f-aea7-6f1728365b89","vaultName":"dendron.dendron-site"},"value":"dendron.topic.frontmatter","alias":"frontmatter","position":{"start":{"line":27,"column":20,"offset":620},"end":{"line":27,"column":61,"offset":661},"indent":[]},"xvault":false,"to":{"fname":"dendron.topic.frontmatter"}},{"type":"wiki","from":{"fname":"dendron.topic.pod.import","id":"34893663-b1cc-4c4f-aea7-6f1728365b89","vaultName":"dendron.dendron-site"},"value":"dendron.topic.publishing.configuration","alias":"publishing options","position":{"start":{"line":27,"column":147,"offset":747},"end":{"line":27,"column":227,"offset":827},"indent":[]},"xvault":false,"to":{"fname":"dendron.topic.publishing.configuration","anchorHeader":"note-configuration"}},{"from":{"fname":"dendron.release.changelog.0-3-x","vaultName":"dendron.dendron-site"},"type":"backlink","position":{"start":{"line":262,"column":50,"offset":7846},"end":{"line":262,"column":83,"offset":7879},"indent":[]},"value":"dendron.topic.pod.import"},{"from":{"fname":"dendron.topic.pod.builtin.github.import","vaultName":"dendron.dendron-site"},"type":"backlink","position":{"start":{"line":63,"column":1,"offset":1577},"end":{"line":63,"column":46,"offset":1622},"indent":[]},"value":"dendron.topic.pod.import"},{"from":{"fname":"dendron.topic.pod.builtin.google-docs.import","vaultName":"dendron.dendron-site"},"type":"backlink","position":{"start":{"line":81,"column":1,"offset":1999},"end":{"line":81,"column":46,"offset":2044},"indent":[]},"value":"dendron.topic.pod.import"},{"from":{"fname":"dendron.topic.pod.builtin.markdown.import","vaultName":"dendron.dendron-site"},"type":"backlink","position":{"start":{"line":50,"column":1,"offset":1232},"end":{"line":50,"column":46,"offset":1277},"indent":[]},"value":"dendron.topic.pod.import"}],"anchors":{"configuration":{"type":"header","value":"configuration","line":10,"column":0},"src":{"type":"header","value":"src","line":12,"column":0},"vaultname":{"type":"header","value":"vaultname","line":17,"column":0},"concatenate":{"type":"header","value":"concatenate","line":22,"column":0},"frontmatter":{"type":"header","value":"frontmatter","line":29,"column":0},"fnameasid":{"type":"header","value":"fnameasid","line":35,"column":0},"destname":{"type":"header","value":"destname","line":41,"column":0}},"fname":"dendron.topic.pod.import","updated":1624552540838,"created":1615607767935,"parent":"66727a39-d0a7-449b-a10d-f6c438185d7f","children":[],"data":{},"contentHash":"cd0f7a6079ebb048c82cd4a121bfdec6","custom":{}}
