{"id":"3489b652-cd0e-4ac8-a734-08094dc043eb","title":"Development","vault":{"fsPath":"vault","name":"dendron.dendron-site"},"type":"note","desc":"","links":[{"type":"ref","from":{"fname":"dendron.dev","id":"3489b652-cd0e-4ac8-a734-08094dc043eb","vaultName":"dendron.dendron-site"},"value":"dendron.dev.setup","position":{"start":{"line":6,"column":1,"offset":237},"end":{"line":6,"column":23,"offset":259},"indent":[]},"xvault":false,"to":{"fname":"dendron.dev.setup"}}],"anchors":{},"fname":"dendron.dev","updated":1621994567808,"created":1598645869692,"parent":"b0fe6ef7-1553-4280-bc45-a71824c2ce36","children":["348fc5c7-e1ba-4fa2-ab6d-a3c94628fa11","a80f36d9-01d0-4c5a-a228-867b093a4913","b239c77e-52f2-4cc3-8390-69e0bc776a72","c160ddce-edec-4f6e-841b-418d6030fa37","2b87ceb3-2a90-4dee-ab8e-980172ecaef1","af2ba46a-4dbc-4648-9d4c-f6d6d2e3bb50","adc39825-77a6-46cf-9c49-2642fcb4248e","cb22bd36-d45a-4ffd-a31e-96c4b39cb7fb","b5736273-85ad-4d0c-bb30-89c92a3941da","dc017e45-a3d5-4b29-9c4c-0f81d15becf8","64f0e2d5-2c83-43df-9144-40f2c68935aa","773e0b5a-510f-4c21-acf4-2d1ab3ed741e","cf0b09ca-e366-4406-9dd5-9035dc1d63ed","1e6c8b49-ef88-4e79-b2df-e9d614c38a53","dde0d05d-3e4c-498b-90bb-de4e902f02d6","d0f34b08-0725-4ec5-a600-a4d6309bb2ae"],"data":{},"contentHash":"bda0ac52b99ddf6b1177092db9688ed5","custom":{"stub":false,"nav_order":9.6},"schema":{"schemaId":"dev","moduleId":"dendron"}}
