{"id":"34eeba99-da18-4024-941a-cb7628840e90","title":"Registry","vault":{"fsPath":"vault","name":"dendron.dendron-site"},"type":"note","desc":"","links":[{"from":{"fname":"dendron.rfc.14-seed-bank","vaultName":"dendron.dendron-site"},"type":"backlink","position":{"start":{"line":42,"column":5,"offset":1638},"end":{"line":42,"column":51,"offset":1684},"indent":[]},"value":"dendron.rfc.14-seed-bank.registry"}],"anchors":{"summary":{"type":"header","value":"summary","line":8,"column":0}},"fname":"dendron.rfc.14-seed-bank.registry","updated":1623022591675,"created":1623022501464,"parent":"4039fc46-06b2-4f83-b817-fc490bafbcb3","children":[],"data":{},"contentHash":"2c275991a23898de2803d48691769c9b","custom":{}}
