{"id":"35d7d7bc-64a6-4850-9a54-7de7f43ad751","title":"Principles and Values","vault":{"fsPath":"vault","name":"dendron.dendron-site"},"type":"note","desc":"","links":[{"type":"wiki","from":{"fname":"dendron.roadmap.project.n.2020.principles-and-values","id":"35d7d7bc-64a6-4850-9a54-7de7f43ad751","vaultName":"dendron.dendron-site"},"value":"dendron.principles","alias":"dendron.principles","position":{"start":{"line":4,"column":140,"offset":150},"end":{"line":4,"column":162,"offset":172},"indent":[]},"xvault":false,"to":{"fname":"dendron.principles"}},{"type":"wiki","from":{"fname":"dendron.roadmap.project.n.2020.principles-and-values","id":"35d7d7bc-64a6-4850-9a54-7de7f43ad751","vaultName":"dendron.dendron-site"},"value":"dendron.principles","alias":"dendron.principles","position":{"start":{"line":41,"column":5,"offset":2372},"end":{"line":41,"column":27,"offset":2394},"indent":[]},"xvault":false,"to":{"fname":"dendron.principles"}},{"from":{"fname":"dendron.roadmap.project","vaultName":"dendron.dendron-site"},"type":"backlink","position":{"start":{"line":5,"column":3,"offset":90},"end":{"line":5,"column":81,"offset":168},"indent":[]},"value":"dendron.roadmap.project.n.2020.principles-and-values"}],"anchors":{"goals":{"type":"header","value":"goals","line":12,"column":0},"details":{"type":"header","value":"details","line":16,"column":0},"product-principles":{"type":"header","value":"product-principles","line":18,"column":0},"community-values":{"type":"header","value":"community-values","line":28,"column":0},"tradeoffs":{"type":"header","value":"tradeoffs","line":34,"column":0},"related":{"type":"header","value":"related","line":49,"column":0}},"fname":"dendron.roadmap.project.n.2020.principles-and-values","updated":1599499842665,"created":1599499842665,"parent":"58247dfb-55b4-4269-9b37-42a90a0045ef","children":[],"data":{},"contentHash":"179ad2f6f266b460325c1bcdbdde03d0","custom":{"stub":false,"start":"2020.09.07","end":"2020.09.20","status":"Done"}}
