{"id":"37df43ee-1c74-4def-af2c-72fe80c728f4","title":"6 Dendron Design System","vault":{"fsPath":"vault","name":"dendron.dendron-site"},"type":"note","desc":"","links":[],"anchors":{"goals":{"type":"header","value":"goals","line":9,"column":0},"use-cases":{"type":"header","value":"use-cases","line":14,"column":0},"proposal":{"type":"header","value":"proposal","line":25,"column":0},"example":{"type":"header","value":"example","line":39,"column":0}},"fname":"dendron.rfc.6-dendron-design-system","updated":1621865610083,"created":1605539111635,"parent":"f143ca38-dcc6-4cd3-b84b-997aec1160ef","children":[],"data":{},"contentHash":"bad916350bc43cc40fbc30f69c7c4f40","custom":{}}
