{"id":"37f3623c-d87e-4181-8531-2edb578d3391","title":"Git All the People","vault":{"fsPath":"vault","name":"dendron.dendron-site"},"type":"note","desc":"","links":[{"from":{"fname":"dendron.roadmap.project","vaultName":"dendron.dendron-site"},"type":"backlink","position":{"start":{"line":15,"column":3,"offset":787},"end":{"line":15,"column":60,"offset":844},"indent":[]},"value":"dendron.roadmap.project.n.2020.git"}],"anchors":{"goals":{"type":"header","value":"goals","line":11,"column":0},"details":{"type":"header","value":"details","line":15,"column":0},"tasks":{"type":"header","value":"tasks","line":19,"column":0},"next":{"type":"header","value":"next","line":23,"column":0},"links":{"type":"header","value":"links","line":27,"column":0}},"fname":"dendron.roadmap.project.n.2020.git","updated":1599577035289,"created":1599577035289,"parent":"58247dfb-55b4-4269-9b37-42a90a0045ef","children":[],"data":{},"contentHash":"9fc77e91802ebd6db219f353471af2cb","custom":{"stub":false,"start":"2020.12.07","end":"2020.12.16","status":"Next"}}
