{"id":"3a82c5ff-7945-46ae-8bf9-3b2275fc6642","title":"Showcase","vault":{"fsPath":"vault","name":"dendron.dendron-site"},"type":"note","desc":"","links":[{"from":{"fname":"dendron.release.2020-09-13","vaultName":"dendron.dendron-site"},"type":"backlink","position":{"start":{"line":107,"column":95,"offset":2544},"end":{"line":107,"column":134,"offset":2583},"indent":[]},"value":"dendron.community.showcase"},{"from":{"fname":"dendron.release.2020-10-19","vaultName":"dendron.dendron-site"},"type":"backlink","position":{"start":{"line":36,"column":1,"offset":2454},"end":{"line":36,"column":56,"offset":2509},"indent":[]},"value":"dendron.community.showcase"},{"from":{"fname":"dendron.release.2020-10-19","vaultName":"dendron.dendron-site"},"type":"backlink","position":{"start":{"line":37,"column":1,"offset":2510},"end":{"line":37,"column":56,"offset":2565},"indent":[]},"value":"dendron.community.showcase"},{"from":{"fname":"dendron.release.changelog.0-1-x","vaultName":"dendron.dendron-site"},"type":"backlink","position":{"start":{"line":828,"column":1,"offset":40568},"end":{"line":828,"column":56,"offset":40623},"indent":[]},"value":"dendron.community.showcase"},{"from":{"fname":"dendron.release.changelog.0-1-x","vaultName":"dendron.dendron-site"},"type":"backlink","position":{"start":{"line":830,"column":1,"offset":40625},"end":{"line":830,"column":56,"offset":40680},"indent":[]},"value":"dendron.community.showcase"},{"from":{"fname":"dendron.release.changelog.0-1-x","vaultName":"dendron.dendron-site"},"type":"backlink","position":{"start":{"line":875,"column":3,"offset":42760},"end":{"line":875,"column":53,"offset":42810},"indent":[]},"value":"dendron.community.showcase"},{"from":{"fname":"dendron.topic.publishing.faq","vaultName":"dendron.dendron-site"},"type":"backlink","position":{"start":{"line":8,"column":171,"offset":465},"end":{"line":8,"column":206,"offset":500},"indent":[]},"value":"dendron.community.showcase"}],"anchors":{"official":{"type":"header","value":"official","line":9,"column":0},"dendron-homepage":{"type":"header","value":"dendron-homepage","line":11,"column":0},"open-pkm-catalogue":{"type":"header","value":"open-pkm-catalogue","line":16,"column":0},"open-aws-catalogue":{"type":"header","value":"open-aws-catalogue","line":22,"column":0},"members":{"type":"header","value":"members","line":28,"column":0},"kevins-page":{"type":"header","value":"kevins-page","line":30,"column":0},"eds-page":{"type":"header","value":"eds-page","line":36,"column":0},"jacks-page":{"type":"header","value":"jacks-page","line":43,"column":0},"lukes-second-brain":{"type":"header","value":"lukes-second-brain","line":50,"column":0},"ians-digital-garden":{"type":"header","value":"ians-digital-garden","line":57,"column":0},"kevins-digital-garden-another-one":{"type":"header","value":"kevins-digital-garden-another-one","line":64,"column":0},"camerons-digital-garden":{"type":"header","value":"camerons-digital-garden","line":72,"column":0}},"fname":"dendron.community.showcase","updated":1614059886015,"created":1600010740851,"parent":"6f4cd441-f883-4e75-871b-b7f93895c91b","children":[],"data":{},"contentHash":"82619ed763f478a6a5b9aa024b17799c","custom":{}}
