{"id":"3abd00eb-1c1e-4253-aaf5-dcbe20c21850","title":"Early Seed","vault":{"fsPath":"vault","name":"dendron.dendron-site"},"type":"note","desc":"","links":[{"type":"ref","from":{"fname":"dendron.release.changelog.early-seed","id":"3abd00eb-1c1e-4253-aaf5-dcbe20c21850","vaultName":"dendron.dendron-site"},"value":"dendron.release.changelog","position":{"start":{"line":2,"column":1,"offset":1},"end":{"line":2,"column":41,"offset":41},"indent":[]},"xvault":false,"to":{"fname":"dendron.release.changelog","anchorHeader":"0531:#053"}}],"anchors":{},"fname":"dendron.release.changelog.early-seed","updated":1628212874387,"created":1604539200840,"parent":"9bc92432-a24c-492b-b831-4d5378c1692b","children":[],"data":{},"contentHash":"c8a31ca02aa611321a2c86230c6ea567","custom":{"published":true,"nav_exclude":true}}
