{"id":"3b39c820-5250-48f4-935a-284f74a8930e","title":"Configuration","vault":{"fsPath":"vault","name":"dendron.dendron-site"},"type":"note","desc":"","links":[{"type":"wiki","from":{"fname":"dendron.rfc.14-seed-bank.configuration","id":"3b39c820-5250-48f4-935a-284f74a8930e","vaultName":"dendron.dendron-site"},"value":"dendron.ref.status","alias":"Next Phase ⏩","position":{"start":{"line":26,"column":3,"offset":359},"end":{"line":26,"column":50,"offset":406},"indent":[]},"xvault":false,"to":{"fname":"dendron.ref.status","anchorHeader":"next-phase-"}},{"from":{"fname":"dendron.rfc.14-seed-bank","vaultName":"dendron.dendron-site"},"type":"backlink","position":{"start":{"line":38,"column":5,"offset":1526},"end":{"line":38,"column":61,"offset":1582},"indent":[]},"value":"dendron.rfc.14-seed-bank.configuration"},{"from":{"fname":"dendron.rfc.14-seed-bank","vaultName":"dendron.dendron-site"},"type":"backlink","position":{"start":{"line":138,"column":94,"offset":4044},"end":{"line":138,"column":158,"offset":4108},"indent":[]},"value":"dendron.rfc.14-seed-bank.configuration"},{"from":{"fname":"dendron.rfc.14-seed-bank","vaultName":"dendron.dendron-site"},"type":"backlink","position":{"start":{"line":146,"column":42,"offset":4465},"end":{"line":146,"column":114,"offset":4537},"indent":[]},"value":"dendron.rfc.14-seed-bank.configuration"},{"from":{"fname":"dendron.rfc.14-seed-bank","vaultName":"dendron.dendron-site"},"type":"backlink","position":{"start":{"line":152,"column":20,"offset":4594},"end":{"line":152,"column":76,"offset":4650},"indent":[]},"value":"dendron.rfc.14-seed-bank.configuration"}],"anchors":{"seedsyml":{"type":"header","value":"seedsyml","line":9,"column":0},"name":{"type":"header","value":"name","line":13,"column":0},"description":{"type":"header","value":"description","line":18,"column":0},"publisher":{"type":"header","value":"publisher","line":22,"column":0},"root":{"type":"header","value":"root","line":26,"column":0},"version":{"type":"header","value":"version","line":31,"column":0},"contact":{"type":"header","value":"contact","line":36,"column":0},"name-1":{"type":"header","value":"name-1","line":38,"column":0},"email":{"type":"header","value":"email","line":40,"column":0},"url":{"type":"header","value":"url","line":42,"column":0},"license":{"type":"header","value":"license","line":44,"column":0},"schemas":{"type":"header","value":"schemas","line":48,"column":0},"repository":{"type":"header","value":"repository","line":56,"column":0},"type":{"type":"header","value":"type","line":58,"column":0},"url-1":{"type":"header","value":"url-1","line":61,"column":0},"directory":{"type":"header","value":"directory","line":64,"column":0},"dendronyml":{"type":"header","value":"dendronyml","line":68,"column":0},"seeds":{"type":"header","value":"seeds","line":72,"column":0},"seedconfig":{"type":"header","value":"seedconfig","line":81,"column":0},"registry":{"type":"header","value":"registry","line":83,"column":0},"addattribution":{"type":"header","value":"addattribution","line":88,"column":0},"examples":{"type":"header","value":"examples","line":94,"column":0},"simple":{"type":"header","value":"simple","line":96,"column":0},"workspace-with-two-seeds":{"type":"header","value":"workspace-with-two-seeds","line":101,"column":0}},"fname":"dendron.rfc.14-seed-bank.configuration","updated":1623342553640,"created":1623095865798,"parent":"4039fc46-06b2-4f83-b817-fc490bafbcb3","children":[],"data":{},"contentHash":"dc3797b7169224c36d2696406cfe7f71","custom":{}}
