{"id":"3b52d81b-f5c5-491c-bf9c-58bd0f5826be","title":"Vscode Integration","vault":{"fsPath":"vault","name":"dendron.dendron-site"},"type":"note","desc":"","links":[{"type":"wiki","from":{"fname":"dendron.rfc.10-blocks.vscode-integration","id":"3b52d81b-f5c5-491c-bf9c-58bd0f5826be","vaultName":"dendron.dendron-site"},"value":"pkg.dendron-engine","alias":"Dendron Engine","position":{"start":{"line":10,"column":45,"offset":230},"end":{"line":10,"column":82,"offset":267},"indent":[]},"xvault":false,"to":{"fname":"pkg.dendron-engine"}},{"type":"wiki","from":{"fname":"dendron.rfc.10-blocks.vscode-integration","id":"3b52d81b-f5c5-491c-bf9c-58bd0f5826be","vaultName":"dendron.dendron-site"},"value":"pkg.dendron-engine.ref.note-response","alias":"Note Response","position":{"start":{"line":17,"column":11,"offset":572},"end":{"line":17,"column":65,"offset":626},"indent":[]},"xvault":false,"to":{"fname":"pkg.dendron-engine.ref.note-response"}},{"from":{"fname":"dendron.rfc.10-blocks","vaultName":"dendron.dendron-site"},"type":"backlink","position":{"start":{"line":108,"column":7,"offset":3188},"end":{"line":108,"column":75,"offset":3256},"indent":[]},"value":"dendron.rfc.10-blocks.vscode-integration"}],"anchors":{"tasks":{"type":"header","value":"tasks","line":8,"column":0},"store-block-ids":{"type":"header","value":"store-block-ids","line":15,"column":0}},"fname":"dendron.rfc.10-blocks.vscode-integration","updated":1621656843373,"created":1619807895859,"parent":"95f7193b-9940-42ba-841f-3e2a4d937ba3","children":[],"data":{},"contentHash":"bff3c47490ab48a685cabdf09c06f623","custom":{}}
