{"id":"3be48b69-76e1-495e-9314-cae2fe22813d","title":"Status","vault":{"fsPath":"vault","name":"dendron.dendron-site"},"type":"note","desc":"","links":[{"type":"wiki","from":{"fname":"dendron.ref.status","id":"3be48b69-76e1-495e-9314-cae2fe22813d","vaultName":"dendron.dendron-site"},"value":"dendron.ref.status","alias":"Planning 🗺️","position":{"start":{"line":7,"column":4,"offset":163},"end":{"line":7,"column":50,"offset":209},"indent":[]},"xvault":false,"to":{"fname":"dendron.ref.status","anchorHeader":"planning-️"}},{"type":"wiki","from":{"fname":"dendron.ref.status","id":"3be48b69-76e1-495e-9314-cae2fe22813d","vaultName":"dendron.dendron-site"},"value":"dendron.ref.status","alias":"Work In Progress 🚧","position":{"start":{"line":8,"column":4,"offset":213},"end":{"line":8,"column":64,"offset":273},"indent":[]},"xvault":false,"to":{"fname":"dendron.ref.status","anchorHeader":"work-in-progress-"}},{"type":"wiki","from":{"fname":"dendron.ref.status","id":"3be48b69-76e1-495e-9314-cae2fe22813d","vaultName":"dendron.dendron-site"},"value":"dendron.ref.status","alias":"Early Seed 🌱","position":{"start":{"line":9,"column":4,"offset":277},"end":{"line":9,"column":52,"offset":325},"indent":[]},"xvault":false,"to":{"fname":"dendron.ref.status","anchorHeader":"early-seed-"}},{"type":"wiki","from":{"fname":"dendron.ref.status","id":"3be48b69-76e1-495e-9314-cae2fe22813d","vaultName":"dendron.dendron-site"},"value":"dendron.ref.status","alias":"Experimental 🧪","position":{"start":{"line":11,"column":4,"offset":349},"end":{"line":11,"column":58,"offset":403},"indent":[]},"xvault":false,"to":{"fname":"dendron.ref.status","anchorHeader":"experimental-🧪"}},{"type":"wiki","from":{"fname":"dendron.ref.status","id":"3be48b69-76e1-495e-9314-cae2fe22813d","vaultName":"dendron.dendron-site"},"value":"dendron.ref.status","alias":"Next Phase ⏩","position":{"start":{"line":12,"column":4,"offset":407},"end":{"line":12,"column":51,"offset":454},"indent":[]},"xvault":false,"to":{"fname":"dendron.ref.status","anchorHeader":"next-phase-"}},{"type":"wiki","from":{"fname":"dendron.ref.status","id":"3be48b69-76e1-495e-9314-cae2fe22813d","vaultName":"dendron.dendron-site"},"value":"dendron.ref.status","alias":"Pruning ✂️","position":{"start":{"line":13,"column":4,"offset":458},"end":{"line":13,"column":47,"offset":501},"indent":[]},"xvault":false,"to":{"fname":"dendron.ref.status","anchorHeader":"pruning-️"}},{"type":"wiki","from":{"fname":"dendron.ref.status","id":"3be48b69-76e1-495e-9314-cae2fe22813d","vaultName":"dendron.dendron-site"},"value":"dendron.ref.terms","alias":"early seed release","position":{"start":{"line":19,"column":83,"offset":615},"end":{"line":19,"column":142,"offset":674},"indent":[]},"xvault":false,"to":{"fname":"dendron.ref.terms","anchorHeader":"early-seed-release"}},{"from":{"fname":"pkg.11ty","vaultName":"dendron.dendron-site"},"type":"backlink","position":{"start":{"line":4,"column":11,"offset":23},"end":{"line":4,"column":71,"offset":83},"indent":[]},"value":"dendron.ref.status"},{"from":{"fname":"dendron.ref.status","vaultName":"dendron.dendron-site"},"type":"backlink","position":{"start":{"line":7,"column":4,"offset":163},"end":{"line":7,"column":50,"offset":209},"indent":[]},"value":"dendron.ref.status"},{"from":{"fname":"dendron.ref.status","vaultName":"dendron.dendron-site"},"type":"backlink","position":{"start":{"line":8,"column":4,"offset":213},"end":{"line":8,"column":64,"offset":273},"indent":[]},"value":"dendron.ref.status"},{"from":{"fname":"dendron.ref.status","vaultName":"dendron.dendron-site"},"type":"backlink","position":{"start":{"line":9,"column":4,"offset":277},"end":{"line":9,"column":52,"offset":325},"indent":[]},"value":"dendron.ref.status"},{"from":{"fname":"dendron.ref.status","vaultName":"dendron.dendron-site"},"type":"backlink","position":{"start":{"line":11,"column":4,"offset":349},"end":{"line":11,"column":58,"offset":403},"indent":[]},"value":"dendron.ref.status"},{"from":{"fname":"dendron.ref.status","vaultName":"dendron.dendron-site"},"type":"backlink","position":{"start":{"line":12,"column":4,"offset":407},"end":{"line":12,"column":51,"offset":454},"indent":[]},"value":"dendron.ref.status"},{"from":{"fname":"dendron.ref.status","vaultName":"dendron.dendron-site"},"type":"backlink","position":{"start":{"line":13,"column":4,"offset":458},"end":{"line":13,"column":47,"offset":501},"indent":[]},"value":"dendron.ref.status"},{"from":{"fname":"dendron.ref.web-ui","vaultName":"dendron.dendron-site"},"type":"backlink","position":{"start":{"line":3,"column":11,"offset":22},"end":{"line":3,"column":65,"offset":76},"indent":[]},"value":"dendron.ref.status"},{"from":{"fname":"dendron.release.2021-06-14","vaultName":"dendron.dendron-site"},"type":"backlink","position":{"start":{"line":16,"column":5,"offset":634},"end":{"line":16,"column":48,"offset":677},"indent":[]},"value":"dendron.ref.status"},{"from":{"fname":"dendron.rfc.14-seed-bank","vaultName":"dendron.dendron-site"},"type":"backlink","position":{"start":{"line":128,"column":3,"offset":3700},"end":{"line":128,"column":50,"offset":3747},"indent":[]},"value":"dendron.ref.status"},{"from":{"fname":"dendron.rfc.14-seed-bank","vaultName":"dendron.dendron-site"},"type":"backlink","position":{"start":{"line":136,"column":3,"offset":3902},"end":{"line":136,"column":50,"offset":3949},"indent":[]},"value":"dendron.ref.status"},{"from":{"fname":"dendron.topic.commands","vaultName":"dendron.dendron-site"},"type":"backlink","position":{"start":{"line":460,"column":3,"offset":14370},"end":{"line":460,"column":51,"offset":14418},"indent":[]},"value":"dendron.ref.status"},{"from":{"fname":"dendron.topic.commands","vaultName":"dendron.dendron-site"},"type":"backlink","position":{"start":{"line":465,"column":3,"offset":14501},"end":{"line":465,"column":51,"offset":14549},"indent":[]},"value":"dendron.ref.status"},{"from":{"fname":"dendron.topic.config","vaultName":"dendron.dendron-site"},"type":"backlink","position":{"start":{"line":12,"column":15,"offset":337},"end":{"line":12,"column":44,"offset":366},"indent":[]},"value":"dendron.ref.status"},{"from":{"fname":"dendron.topic.hooks","vaultName":"dendron.dendron-site"},"type":"backlink","position":{"start":{"line":4,"column":3,"offset":58},"end":{"line":4,"column":57,"offset":112},"indent":[]},"value":"dendron.ref.status"},{"from":{"fname":"dendron.topic.seed-bank","vaultName":"dendron.dendron-site"},"type":"backlink","position":{"start":{"line":38,"column":3,"offset":1507},"end":{"line":38,"column":63,"offset":1567},"indent":[]},"value":"dendron.ref.status"},{"from":{"fname":"pkg.dendron-markdown.cook","vaultName":"dendron.dendron-site"},"type":"backlink","position":{"start":{"line":4,"column":11,"offset":56},"end":{"line":4,"column":71,"offset":116},"indent":[]},"value":"dendron.ref.status"},{"from":{"fname":"pkg.dendron-next-server.arch","vaultName":"dendron.dendron-site"},"type":"backlink","position":{"start":{"line":7,"column":11,"offset":162},"end":{"line":7,"column":71,"offset":222},"indent":[]},"value":"dendron.ref.status"},{"from":{"fname":"pkg.dendron-next-server.arch","vaultName":"dendron.dendron-site"},"type":"backlink","position":{"start":{"line":39,"column":11,"offset":2178},"end":{"line":39,"column":57,"offset":2224},"indent":[]},"value":"dendron.ref.status"},{"from":{"fname":"pkg.dendron-next-server.arch","vaultName":"dendron.dendron-site"},"type":"backlink","position":{"start":{"line":59,"column":11,"offset":3923},"end":{"line":59,"column":57,"offset":3969},"indent":[]},"value":"dendron.ref.status"},{"from":{"fname":"dendron.rfc.14-seed-bank.configuration","vaultName":"dendron.dendron-site"},"type":"backlink","position":{"start":{"line":26,"column":3,"offset":359},"end":{"line":26,"column":50,"offset":406},"indent":[]},"value":"dendron.ref.status"},{"from":{"fname":"dendron.rfc.14-seed-bank.faq","vaultName":"dendron.dendron-site"},"type":"backlink","position":{"start":{"line":9,"column":3,"offset":195},"end":{"line":9,"column":50,"offset":242},"indent":[]},"value":"dendron.ref.status"},{"from":{"fname":"dendron.topic.config.dendron","vaultName":"dendron.dendron-site"},"type":"backlink","position":{"start":{"line":165,"column":51,"offset":4502},"end":{"line":165,"column":105,"offset":4556},"indent":[]},"value":"dendron.ref.status"},{"from":{"fname":"dendron.topic.hooks.api","vaultName":"dendron.dendron-site"},"type":"backlink","position":{"start":{"line":3,"column":3,"offset":14},"end":{"line":3,"column":57,"offset":68},"indent":[]},"value":"dendron.ref.status"},{"from":{"fname":"dendron.topic.schema.lib","vaultName":"dendron.dendron-site"},"type":"backlink","position":{"start":{"line":3,"column":3,"offset":14},"end":{"line":3,"column":57,"offset":68},"indent":[]},"value":"dendron.ref.status"},{"from":{"fname":"dendron.topic.pod.builtin.markdown.export","vaultName":"dendron.dendron-site"},"type":"backlink","position":{"start":{"line":3,"column":11,"offset":22},"end":{"line":3,"column":63,"offset":74},"indent":[]},"value":"dendron.ref.status"}],"anchors":{"lifecycle":{"type":"header","value":"lifecycle","line":11,"column":0},"status":{"type":"header","value":"status","line":21,"column":0},"early-seed-":{"type":"header","value":"early-seed-","line":23,"column":0},"experimental-🧪":{"type":"header","value":"experimental-🧪","line":27,"column":0},"work-in-progress-":{"type":"header","value":"work-in-progress-","line":31,"column":0},"planning-️":{"type":"header","value":"planning-️","line":35,"column":0},"next-phase-":{"type":"header","value":"next-phase-","line":39,"column":0},"pruning-️":{"type":"header","value":"pruning-️","line":43,"column":0}},"fname":"dendron.ref.status","updated":1623882588321,"created":1615522130919,"parent":"f308164e-faff-43a1-8d34-72ed060275b0","children":[],"data":{},"contentHash":"f78d68482966a374df8ae4676e00693e","custom":{}}
