{"id":"3bf95ba0-8d6e-4bfc-b46e-c0c66cdab2ee","title":"Mission Statement","vault":{"fsPath":"vault","name":"dendron.dendron-site"},"type":"note","desc":"","links":[{"from":{"fname":"dendron.roadmap","vaultName":"dendron.dendron-site"},"type":"backlink","position":{"start":{"line":10,"column":57,"offset":480},"end":{"line":10,"column":104,"offset":527},"indent":[]},"value":"dendron.mission-statement"},{"from":{"fname":"dendron.release.2021-05-31","vaultName":"dendron.dendron-site"},"type":"backlink","position":{"start":{"line":15,"column":7,"offset":322},"end":{"line":15,"column":69,"offset":384},"indent":[]},"value":"dendron.mission-statement"}],"anchors":{},"fname":"dendron.mission-statement","updated":1622202005092,"created":1602262532844,"parent":"b0fe6ef7-1553-4280-bc45-a71824c2ce36","children":[],"data":{},"contentHash":"5f0a7520a26da63be67a05ec2c1e15fc","custom":{"nav_exclude":true},"schema":{"schemaId":"mission","moduleId":"dendron"}}
