{"id":"3bff1195-1d13-4e7a-bc2f-7e4cc617109c","title":"Layout","vault":{"fsPath":"vault","name":"dendron.dendron-site"},"type":"note","desc":"","links":[{"type":"wiki","from":{"fname":"dendron.ref.layout","id":"3bff1195-1d13-4e7a-bc2f-7e4cc617109c","vaultName":"dendron.dendron-site"},"value":"pkg.dendron-engine","alias":"dendron engine","position":{"start":{"line":27,"column":30,"offset":418},"end":{"line":27,"column":67,"offset":455},"indent":[]},"xvault":false,"to":{"fname":"pkg.dendron-engine"}},{"type":"wiki","from":{"fname":"dendron.ref.layout","id":"3bff1195-1d13-4e7a-bc2f-7e4cc617109c","vaultName":"dendron.dendron-site"},"value":"dendron.topic.pod","alias":"pod","position":{"start":{"line":50,"column":9,"offset":991},"end":{"line":50,"column":34,"offset":1016},"indent":[]},"xvault":false,"to":{"fname":"dendron.topic.pod"}},{"type":"wiki","from":{"fname":"dendron.ref.layout","id":"3bff1195-1d13-4e7a-bc2f-7e4cc617109c","vaultName":"dendron.dendron-site"},"value":"dendron.topic.seeds","alias":"seeds","position":{"start":{"line":51,"column":10,"offset":1040},"end":{"line":51,"column":39,"offset":1069},"indent":[]},"xvault":false,"to":{"fname":"dendron.topic.seeds"}},{"type":"wiki","from":{"fname":"dendron.ref.layout","id":"3bff1195-1d13-4e7a-bc2f-7e4cc617109c","vaultName":"dendron.dendron-site"},"value":"dendron.topic.vaults","alias":"remote vaults","position":{"start":{"line":52,"column":35,"offset":1118},"end":{"line":52,"column":80,"offset":1163},"indent":[]},"xvault":false,"to":{"fname":"dendron.topic.vaults","anchorHeader":"remote"}},{"from":{"fname":"dendron.topic.cli","vaultName":"dendron.dendron-site"},"type":"backlink","position":{"start":{"line":73,"column":42,"offset":2192},"end":{"line":73,"column":89,"offset":2239},"indent":[]},"value":"dendron.ref.layout"},{"from":{"fname":"dendron.topic.hierarchies","vaultName":"dendron.dendron-site"},"type":"backlink","position":{"start":{"line":36,"column":1,"offset":778},"end":{"line":36,"column":56,"offset":833},"indent":[]},"value":"dendron.ref.layout"},{"from":{"fname":"dendron.topic.pod.dev","vaultName":"dendron.dendron-site"},"type":"backlink","position":{"start":{"line":53,"column":15,"offset":1121},"end":{"line":53,"column":67,"offset":1173},"indent":[]},"value":"dendron.ref.layout"}],"anchors":{"file-tree":{"type":"header","value":"file-tree","line":8,"column":0},"basic":{"type":"header","value":"basic","line":10,"column":0},"terms":{"type":"header","value":"terms","line":49,"column":0},"workspace-root":{"type":"header","value":"workspace-root","line":51,"column":0},"additional-folders":{"type":"header","value":"additional-folders","line":55,"column":0}},"fname":"dendron.ref.layout","updated":1622841508189,"created":1596740451789,"parent":"f308164e-faff-43a1-8d34-72ed060275b0","children":[],"data":{},"contentHash":"f2fdbd47f56781291abd9c5c3c45d3fd","custom":{"stub":false}}
