{"id":"3c80629b-4048-48f0-bdfd-352645bda2ec","title":"Dev","vault":{"fsPath":"vault","name":"dendron.dendron-site"},"type":"note","desc":"Development related\n","links":[{"type":"wiki","from":{"fname":"pkg.common-all.dev","id":"3c80629b-4048-48f0-bdfd-352645bda2ec","vaultName":"dendron.dendron-site"},"value":"pkg.common-server","alias":"Common Server","position":{"start":{"line":6,"column":41,"offset":275},"end":{"line":6,"column":76,"offset":310},"indent":[]},"xvault":false,"to":{"fname":"pkg.common-server"}}],"anchors":{"gotchas":{"type":"header","value":"gotchas","line":10,"column":0},"noteprops":{"type":"header","value":"noteprops","line":15,"column":0},"adding-a-new-frontmatter-property":{"type":"header","value":"adding-a-new-frontmatter-property","line":18,"column":0},"adding-a-new-property-to-dendron-config":{"type":"header","value":"adding-a-new-property-to-dendron-config","line":27,"column":0}},"fname":"pkg.common-all.dev","updated":1628200737311,"created":1622079130106,"parent":"5c71637f-d08f-4ce5-8160-c5ab90254dee","children":[],"data":{},"contentHash":"15a9c1fbd8400c8a39a272704bc3a50a","custom":{}}
