{"id":"3da0e9c2-c6cb-468c-a0bf-be2a267a1a41","title":"30","vault":{"fsPath":"vault","name":"dendron.dendron-site"},"type":"note","desc":"","links":[{"from":{"fname":"dendron.release.2021-05-31","vaultName":"dendron.dendron-site"},"type":"backlink","position":{"start":{"line":35,"column":49,"offset":1228},"end":{"line":35,"column":99,"offset":1278},"indent":[]},"value":"dendron.community.office-hours.2021.05.30"}],"anchors":{"company-updates":{"type":"header","value":"company-updates","line":8,"column":0},"questions":{"type":"header","value":"questions","line":30,"column":0},"minutes":{"type":"header","value":"minutes","line":35,"column":0}},"fname":"dendron.community.office-hours.2021.05.30","updated":1622468997290,"created":1622398067339,"parent":"8fade289-92bf-4f8b-a58a-74d91c3d6655","children":[],"data":{},"contentHash":"79db08d71ba2471a18ae4a8016a5d4fd","custom":{}}
