{"id":"3e519113-5820-4a84-bef8-85103a7b296b","title":"Builtin Pods","vault":{"fsPath":"vault","name":"dendron.dendron-site"},"type":"note","desc":"","links":[{"type":"ref","from":{"fname":"dendron.topic.pod.builtin","id":"3e519113-5820-4a84-bef8-85103a7b296b","vaultName":"dendron.dendron-site"},"value":"dendron.topic.pod.builtin.json","position":{"start":{"line":7,"column":1,"offset":243},"end":{"line":7,"column":47,"offset":289},"indent":[]},"xvault":false,"to":{"fname":"dendron.topic.pod.builtin.json","anchorHeader":"summary:#*"}},{"type":"ref","from":{"fname":"dendron.topic.pod.builtin","id":"3e519113-5820-4a84-bef8-85103a7b296b","vaultName":"dendron.dendron-site"},"value":"dendron.topic.pod.builtin.markdown","position":{"start":{"line":11,"column":1,"offset":308},"end":{"line":11,"column":53,"offset":360},"indent":[]},"xvault":false,"to":{"fname":"dendron.topic.pod.builtin.markdown","anchorHeader":"summary,1:#*"}},{"from":{"fname":"dendron.topic.pod","vaultName":"dendron.dendron-site"},"type":"backlink","position":{"start":{"line":46,"column":1,"offset":2023},"end":{"line":46,"column":42,"offset":2064},"indent":[]},"value":"dendron.topic.pod.builtin"},{"from":{"fname":"dendron.release.changelog.0-3-x","vaultName":"dendron.dendron-site"},"type":"backlink","position":{"start":{"line":176,"column":39,"offset":4832},"end":{"line":176,"column":80,"offset":4873},"indent":[]},"value":"dendron.topic.pod.builtin"},{"from":{"fname":"dendron.release.changelog.0-3-x","vaultName":"dendron.dendron-site"},"type":"backlink","position":{"start":{"line":229,"column":1,"offset":6237},"end":{"line":229,"column":52,"offset":6288},"indent":[]},"value":"dendron.topic.pod.builtin"}],"anchors":{"summary":{"type":"header","value":"summary","line":9,"column":0},"json-pod":{"type":"header","value":"json-pod","line":12,"column":0},"markdown-pod":{"type":"header","value":"markdown-pod","line":16,"column":0},"experimental-pods":{"type":"header","value":"experimental-pods","line":21,"column":0},"gitpod":{"type":"header","value":"gitpod","line":24,"column":0},"dendrongitpunchard":{"type":"header","value":"dendrongitpunchard","line":26,"column":0}},"fname":"dendron.topic.pod.builtin","updated":1615695471337,"created":1603306628504,"parent":"66727a39-d0a7-449b-a10d-f6c438185d7f","children":["c8ljkYY3eVkkmTNumc0C7","PuDUEyUAPmvpBvaFWHDOS","Mx7yEsdtZRcs1rHi","7e1693a0-ada4-4250-962c-c1fdf46a3a0f","0a1a3a44-8d83-4ba6-adde-64c34136ab75","28dfaaf8-4944-447c-be30-39c514a80bb0","13c4a608-0a32-4c62-9c7e-2b7f9f2d18bf"],"data":{},"contentHash":"2b47978f7491e429839cd295da8f6d17","custom":{"toc":true}}
