{"id":"3e7baac6-f120-4378-a667-92e7a0869dca","title":"Caching","vault":{"fsPath":"vault","name":"dendron.dendron-site"},"type":"note","desc":"","links":[{"type":"wiki","from":{"fname":"dendron.workflows.cache","id":"3e7baac6-f120-4378-a667-92e7a0869dca","vaultName":"dendron.dendron-site"},"value":"dendron.topic.lookup","alias":"Dendron lookups","position":{"start":{"line":11,"column":3,"offset":404},"end":{"line":11,"column":43,"offset":444},"indent":[]},"xvault":false,"to":{"fname":"dendron.topic.lookup"}},{"type":"wiki","from":{"fname":"dendron.workflows.cache","id":"3e7baac6-f120-4378-a667-92e7a0869dca","vaultName":"dendron.dendron-site"},"value":"dendron.topic.schema","alias":"Dendron schemas","position":{"start":{"line":12,"column":3,"offset":507},"end":{"line":12,"column":43,"offset":547},"indent":[]},"xvault":false,"to":{"fname":"dendron.topic.schema"}},{"type":"wiki","from":{"fname":"dendron.workflows.cache","id":"3e7baac6-f120-4378-a667-92e7a0869dca","vaultName":"dendron.dendron-site"},"value":"dendron.topic.publishing.advanced","alias":"Exclude from indexing","position":{"start":{"line":26,"column":3,"offset":1249},"end":{"line":26,"column":84,"offset":1330},"indent":[]},"xvault":false,"to":{"fname":"dendron.topic.publishing.advanced","anchorHeader":"exclude-from-indexing"}},{"type":"wiki","from":{"fname":"dendron.workflows.cache","id":"3e7baac6-f120-4378-a667-92e7a0869dca","vaultName":"dendron.dendron-site"},"value":"dendron.topic.publishing","alias":"noindexByDefault","position":{"start":{"line":30,"column":7,"offset":1371},"end":{"line":30,"column":52,"offset":1416},"indent":[]},"xvault":false,"to":{"fname":"dendron.topic.publishing"}},{"from":{"fname":"dendron.topic.publishing.configuration","vaultName":"dendron.dendron-site"},"type":"backlink","position":{"start":{"line":255,"column":149,"offset":6808},"end":{"line":255,"column":182,"offset":6841},"indent":[]},"value":"dendron.workflows.cache"}],"anchors":{"example":{"type":"header","value":"example","line":21,"column":0},"exclude-page-from-index":{"type":"header","value":"exclude-page-from-index","line":31,"column":0},"exclude-hierarchy-from-index":{"type":"header","value":"exclude-hierarchy-from-index","line":35,"column":0}},"fname":"dendron.workflows.cache","updated":1616950292464,"created":1599842689882,"parent":"9313b845-d9bf-42c9-aad1-0da34794ce26","children":[],"data":{},"contentHash":"606698e238d474cc26fbe0ed9a3f201a","custom":{"stub":false}}
