{"id":"3f63b02d-6385-45ad-b0b6-b797d221d714","title":"Cookbook","vault":{"fsPath":"vault","name":"dendron.dendron-site"},"type":"note","desc":"","links":[{"from":{"fname":"dendron.roadmap.project","vaultName":"dendron.dendron-site"},"type":"backlink","position":{"start":{"line":32,"column":3,"offset":1488},"end":{"line":32,"column":44,"offset":1529},"indent":[]},"value":"dendron.roadmap.project.cook"}],"anchors":{"access-dendron-repo-issues-inside-vscode-optional":{"type":"header","value":"access-dendron-repo-issues-inside-vscode-optional","line":8,"column":0},"access-dendron-template-issues-inside-vscode-optional":{"type":"header","value":"access-dendron-template-issues-inside-vscode-optional","line":18,"column":0}},"fname":"dendron.roadmap.project.cook","updated":1599504980338,"created":1599504980338,"parent":"8cf880da-6402-47fb-8e9a-9d5fa38e31d0","children":[],"data":{},"contentHash":"c8b39db31091d2483ce3c2c9ba15152c","custom":{"stub":false}}
