{"id":"3YXYkWdt5ZHNSjYD","title":"Schemas","vault":{"fsPath":"vault","name":"dendron.dendron-site"},"type":"note","desc":"","links":[{"type":"wiki","from":{"fname":"pkg.common-all.arch.schemas","id":"3YXYkWdt5ZHNSjYD","vaultName":"dendron.dendron-site"},"value":"pkg.common-all.arch.schemas","alias":"pkg.common-all.arch.schemas","position":{"start":{"line":5,"column":30,"offset":61},"end":{"line":5,"column":52,"offset":83},"indent":[]},"xvault":false,"to":{"fname":"pkg.common-all.arch.schemas","anchorHeader":"schema-definition"}},{"type":"wiki","from":{"fname":"pkg.common-all.arch.schemas","id":"3YXYkWdt5ZHNSjYD","vaultName":"dendron.dendron-site"},"value":"dendron.topic.schema","alias":"here","position":{"start":{"line":5,"column":157,"offset":188},"end":{"line":5,"column":197,"offset":228},"indent":[]},"xvault":false,"to":{"fname":"dendron.topic.schema","anchorHeader":"properties"}},{"type":"wiki","from":{"fname":"pkg.common-all.arch.schemas","id":"3YXYkWdt5ZHNSjYD","vaultName":"dendron.dendron-site"},"value":"dendron.topic.schema","alias":"here","position":{"start":{"line":8,"column":124,"offset":377},"end":{"line":8,"column":161,"offset":414},"indent":[]},"xvault":false,"to":{"fname":"dendron.topic.schema","anchorHeader":"schemas"}},{"from":{"fname":"pkg.common-all.arch.schemas","vaultName":"dendron.dendron-site"},"type":"backlink","position":{"start":{"line":5,"column":30,"offset":61},"end":{"line":5,"column":52,"offset":83},"indent":[]},"value":"pkg.common-all.arch.schemas"}],"anchors":{"concepts":{"type":"header","value":"concepts","line":8,"column":0},"schema-module":{"type":"header","value":"schema-module","line":10,"column":0},"schema-definition":{"type":"header","value":"schema-definition","line":13,"column":0}},"fname":"pkg.common-all.arch.schemas","updated":1628097194526,"created":1628096924817,"parent":"bBiURmX1XI2yRxhx","children":[],"data":{},"contentHash":"bdd70cf60f85c15b2bb7792add0668f7","custom":{}}
