{"id":"401c5889-20ae-4b3a-8468-269def4b4865","title":"Cookbook","vault":{"fsPath":"vault","name":"dendron.dendron-site"},"type":"note","desc":"","links":[{"type":"wiki","from":{"fname":"dendron.guides.cook","id":"401c5889-20ae-4b3a-8468-269def4b4865","vaultName":"dendron.dendron-site"},"value":"dendron.topic.commands","alias":"Open Logs Command","position":{"start":{"line":12,"column":86,"offset":480},"end":{"line":12,"column":151,"offset":545},"indent":[]},"xvault":false,"to":{"fname":"dendron.topic.commands","anchorHeader":"dendrondev-open-logs"}},{"type":"wiki","from":{"fname":"dendron.guides.cook","id":"401c5889-20ae-4b3a-8468-269def4b4865","vaultName":"dendron.dendron-site"},"value":"dendron.topic.pod","alias":"JSON Export Pod","position":{"start":{"line":42,"column":51,"offset":1591},"end":{"line":42,"column":88,"offset":1628},"indent":[]},"xvault":false,"to":{"fname":"dendron.topic.pod"}},{"type":"wiki","from":{"fname":"dendron.guides.cook","id":"401c5889-20ae-4b3a-8468-269def4b4865","vaultName":"dendron.dendron-site"},"value":"dendron.guides.settings","alias":"settings","position":{"start":{"line":161,"column":110,"offset":6478},"end":{"line":161,"column":146,"offset":6514},"indent":[]},"xvault":false,"to":{"fname":"dendron.guides.settings"}},{"type":"wiki","from":{"fname":"dendron.guides.cook","id":"401c5889-20ae-4b3a-8468-269def4b4865","vaultName":"dendron.dendron-site"},"value":"dendron.guides.install","alias":"here","position":{"start":{"line":325,"column":106,"offset":12980},"end":{"line":325,"column":137,"offset":13011},"indent":[]},"xvault":false,"to":{"fname":"dendron.guides.install"}},{"type":"wiki","from":{"fname":"dendron.guides.cook","id":"401c5889-20ae-4b3a-8468-269def4b4865","vaultName":"dendron.dendron-site"},"value":"dendron.topic.commands","alias":"Vault Add","position":{"start":{"line":327,"column":9,"offset":13022},"end":{"line":327,"column":58,"offset":13071},"indent":[]},"xvault":false,"to":{"fname":"dendron.topic.commands","anchorHeader":"remote-vault"}},{"type":"wiki","from":{"fname":"dendron.guides.cook","id":"401c5889-20ae-4b3a-8468-269def4b4865","vaultName":"dendron.dendron-site"},"value":"dendron.ref.terms","alias":"command palette","position":{"start":{"line":327,"column":75,"offset":13088},"end":{"line":327,"column":128,"offset":13141},"indent":[]},"xvault":false,"to":{"fname":"dendron.ref.terms","anchorHeader":"command-palette"}},{"type":"wiki","from":{"fname":"dendron.guides.cook","id":"401c5889-20ae-4b3a-8468-269def4b4865","vaultName":"dendron.dendron-site"},"value":"dendron.topic.commands","alias":"Configure (yaml)","position":{"start":{"line":341,"column":8,"offset":13686},"end":{"line":341,"column":66,"offset":13744},"indent":[]},"xvault":false,"to":{"fname":"dendron.topic.commands","anchorHeader":"configure-yaml"}},{"type":"wiki","from":{"fname":"dendron.guides.cook","id":"401c5889-20ae-4b3a-8468-269def4b4865","vaultName":"dendron.dendron-site"},"value":"dendron.topic.vaults","alias":"remote","position":{"start":{"line":341,"column":83,"offset":13761},"end":{"line":341,"column":121,"offset":13799},"indent":[]},"xvault":false,"to":{"fname":"dendron.topic.vaults","anchorHeader":"remote"}},{"type":"wiki","from":{"fname":"dendron.guides.cook","id":"401c5889-20ae-4b3a-8468-269def4b4865","vaultName":"dendron.dendron-site"},"value":"dendron.topic.config.dendron","alias":"name","position":{"start":{"line":355,"column":15,"offset":14596},"end":{"line":355,"column":57,"offset":14638},"indent":[]},"xvault":false,"to":{"fname":"dendron.topic.config.dendron","anchorHeader":"name"}},{"type":"wiki","from":{"fname":"dendron.guides.cook","id":"401c5889-20ae-4b3a-8468-269def4b4865","vaultName":"dendron.dendron-site"},"value":"dendron.topic.config.vscode-config","alias":"workspace folders","position":{"start":{"line":356,"column":50,"offset":14714},"end":{"line":356,"column":114,"offset":14778},"indent":[]},"xvault":false,"to":{"fname":"dendron.topic.config.vscode-config","anchorHeader":"folders"}},{"type":"wiki","from":{"fname":"dendron.guides.cook","id":"401c5889-20ae-4b3a-8468-269def4b4865","vaultName":"dendron.dendron-site"},"value":"dendron.topic.links","alias":"cross Vault Links","position":{"start":{"line":357,"column":16,"offset":14794},"end":{"line":357,"column":75,"offset":14853},"indent":[]},"xvault":false,"to":{"fname":"dendron.topic.links","anchorHeader":"cross-vault-links"}},{"type":"wiki","from":{"fname":"dendron.guides.cook","id":"401c5889-20ae-4b3a-8468-269def4b4865","vaultName":"dendron.dendron-site"},"value":"dendron.topic.commands","alias":"Vault Add","position":{"start":{"line":365,"column":119,"offset":15164},"end":{"line":365,"column":165,"offset":15210},"indent":[]},"xvault":false,"to":{"fname":"dendron.topic.commands","anchorHeader":"vault-add"}},{"type":"wiki","from":{"fname":"dendron.guides.cook","id":"401c5889-20ae-4b3a-8468-269def4b4865","vaultName":"dendron.dendron-site"},"value":"dendron.topic.commands","alias":"Configure (yaml)","position":{"start":{"line":365,"column":238,"offset":15283},"end":{"line":365,"column":296,"offset":15341},"indent":[]},"xvault":false,"to":{"fname":"dendron.topic.commands","anchorHeader":"configure-yaml"}},{"type":"wiki","from":{"fname":"dendron.guides.cook","id":"401c5889-20ae-4b3a-8468-269def4b4865","vaultName":"dendron.dendron-site"},"value":"dendron.topic.config.dendron","alias":"visibility","position":{"start":{"line":365,"column":309,"offset":15354},"end":{"line":365,"column":363,"offset":15408},"indent":[]},"xvault":false,"to":{"fname":"dendron.topic.config.dendron","anchorHeader":"visibility"}},{"type":"ref","from":{"fname":"dendron.guides.cook","id":"401c5889-20ae-4b3a-8468-269def4b4865","vaultName":"dendron.dendron-site"},"value":"dendron.topic.commands","position":{"start":{"line":159,"column":1,"offset":6316},"end":{"line":159,"column":52,"offset":6367},"indent":[]},"xvault":false,"to":{"fname":"dendron.topic.commands","anchorHeader":"initialize-workspace:#*"}},{"type":"ref","from":{"fname":"dendron.guides.cook","id":"401c5889-20ae-4b3a-8468-269def4b4865","vaultName":"dendron.dendron-site"},"value":"dendron.topic.workbench","position":{"start":{"line":231,"column":5,"offset":9664},"end":{"line":231,"column":51,"offset":9710},"indent":[]},"xvault":false,"to":{"fname":"dendron.topic.workbench","anchorHeader":"outline-view,1:#*"}},{"type":"ref","from":{"fname":"dendron.guides.cook","id":"401c5889-20ae-4b3a-8468-269def4b4865","vaultName":"dendron.dendron-site"},"value":"dendron.topic.cli","position":{"start":{"line":256,"column":5,"offset":10348},"end":{"line":256,"column":45,"offset":10388},"indent":[]},"xvault":false,"to":{"fname":"dendron.topic.cli","anchorHeader":"installation,1:#*"}},{"type":"ref","from":{"fname":"dendron.guides.cook","id":"401c5889-20ae-4b3a-8468-269def4b4865","vaultName":"dendron.dendron-site"},"value":"dendron.topic.vaults","position":{"start":{"line":343,"column":1,"offset":13867},"end":{"line":343,"column":78,"offset":13944},"indent":[]},"xvault":true,"to":{"fname":"dendron.topic.vaults","anchorHeader":"^NiCCqLjTG2nbM6Qi:#*","vaultName":"dendron.dendron-site"}},{"from":{"fname":"dendron.guides.best-practices","vaultName":"dendron.dendron-site"},"type":"backlink","position":{"start":{"line":53,"column":71,"offset":2373},"end":{"line":53,"column":142,"offset":2444},"indent":[]},"value":"dendron.guides.cook"},{"from":{"fname":"dendron.guides.install","vaultName":"dendron.dendron-site"},"type":"backlink","position":{"start":{"line":10,"column":1,"offset":400},"end":{"line":10,"column":57,"offset":456},"indent":[]},"value":"dendron.guides.cook"},{"from":{"fname":"dendron.guides.troubleshooting","vaultName":"dendron.dendron-site"},"type":"backlink","position":{"start":{"line":256,"column":3,"offset":9167},"end":{"line":256,"column":52,"offset":9216},"indent":[]},"value":"dendron.guides.cook"},{"from":{"fname":"dendron.guides.troubleshooting","vaultName":"dendron.dendron-site"},"type":"backlink","position":{"start":{"line":257,"column":3,"offset":9219},"end":{"line":257,"column":50,"offset":9266},"indent":[]},"value":"dendron.guides.cook"},{"from":{"fname":"dendron.release.2021-06-07","vaultName":"dendron.dendron-site"},"type":"backlink","position":{"start":{"line":55,"column":9,"offset":2002},"end":{"line":55,"column":65,"offset":2058},"indent":[]},"value":"dendron.guides.cook"},{"from":{"fname":"dendron.topic.graph-view","vaultName":"dendron.dendron-site"},"type":"backlink","position":{"start":{"line":34,"column":33,"offset":1052},"end":{"line":34,"column":88,"offset":1107},"indent":[]},"value":"dendron.guides.cook"},{"from":{"fname":"dendron.topic.graph-view","vaultName":"dendron.dendron-site"},"type":"backlink","position":{"start":{"line":42,"column":33,"offset":1407},"end":{"line":42,"column":88,"offset":1462},"indent":[]},"value":"dendron.guides.cook"},{"from":{"fname":"dendron.topic.graph-view","vaultName":"dendron.dendron-site"},"type":"backlink","position":{"start":{"line":123,"column":33,"offset":4728},"end":{"line":123,"column":88,"offset":4783},"indent":[]},"value":"dendron.guides.cook"},{"from":{"fname":"dendron.topic.teams","vaultName":"dendron.dendron-site"},"type":"backlink","position":{"start":{"line":21,"column":28,"offset":462},"end":{"line":21,"column":137,"offset":571},"indent":[]},"value":"dendron.guides.cook"},{"from":{"fname":"dendron.release.changelog.0-1-x","vaultName":"dendron.dendron-site"},"type":"backlink","position":{"start":{"line":710,"column":1,"offset":35917},"end":{"line":710,"column":43,"offset":35959},"indent":[]},"value":"dendron.guides.cook"},{"from":{"fname":"dendron.topic.teams.quickstart","vaultName":"dendron.dendron-site"},"type":"backlink","position":{"start":{"line":8,"column":120,"offset":528},"end":{"line":8,"column":191,"offset":599},"indent":[]},"value":"dendron.guides.cook"},{"from":{"fname":"dendron.topic.vaults.multi-vault","vaultName":"dendron.dendron-site"},"type":"backlink","position":{"start":{"line":73,"column":89,"offset":3466},"end":{"line":73,"column":155,"offset":3532},"indent":[]},"value":"dendron.guides.cook"}],"anchors":{"general":{"type":"header","value":"general","line":10,"column":0},"manual-install":{"type":"header","value":"manual-install","line":12,"column":0},"checking-logs":{"type":"header","value":"checking-logs","line":18,"column":0},"server-logs":{"type":"header","value":"server-logs","line":22,"column":0},"logs-from-previous-session":{"type":"header","value":"logs-from-previous-session","line":26,"column":0},"bucket":{"type":"header","value":"bucket","line":32,"column":0},"starfavoritepin-notes":{"type":"header","value":"starfavoritepin-notes","line":34,"column":0},"launch-the-command-palette":{"type":"header","value":"launch-the-command-palette","line":38,"column":0},"analyze-notes-using-elasticsearch":{"type":"header","value":"analyze-notes-using-elasticsearch","line":46,"column":0},"convert-timestamps-in-the-frontmatter":{"type":"header","value":"convert-timestamps-in-the-frontmatter","line":100,"column":0},"use-dendron-with-anki":{"type":"header","value":"use-dendron-with-anki","line":104,"column":0},"use-dendron-on-a-separate-instance-of-vs-code":{"type":"header","value":"use-dendron-on-a-separate-instance-of-vs-code","line":108,"column":0},"mobile-support":{"type":"header","value":"mobile-support","line":116,"column":0},"webclipper":{"type":"header","value":"webclipper","line":131,"column":0},"regex":{"type":"header","value":"regex","line":135,"column":0},"automatically-convert-casing-on-a-note":{"type":"header","value":"automatically-convert-casing-on-a-note","line":139,"column":0},"markdown-preview":{"type":"header","value":"markdown-preview","line":143,"column":0},"prevent-newly-opened-files-from-replacing-the-preview-pane":{"type":"header","value":"prevent-newly-opened-files-from-replacing-the-preview-pane","line":145,"column":0},"customize-theme":{"type":"header","value":"customize-theme","line":153,"column":0},"customize-css":{"type":"header","value":"customize-css","line":157,"column":0},"vscode":{"type":"header","value":"vscode","line":161,"column":0},"use-dendron-with-a-current-folder":{"type":"header","value":"use-dendron-with-a-current-folder","line":163,"column":0},"access-dendron-workspace-from-multiple-windows":{"type":"header","value":"access-dendron-workspace-from-multiple-windows","line":182,"column":0},"change-the-sorting-order-in-the-outline-panel":{"type":"header","value":"change-the-sorting-order-in-the-outline-panel","line":194,"column":0},"change-the-sorting-oder-in-the-explorer-panel":{"type":"header","value":"change-the-sorting-oder-in-the-explorer-panel","line":200,"column":0},"drag-and-drop-files-into-dendron":{"type":"header","value":"drag-and-drop-files-into-dendron","line":204,"column":0},"find-installed-extensions":{"type":"header","value":"find-installed-extensions","line":210,"column":0},"add-dendron-to-application-launchers-on-linux-desktops":{"type":"header","value":"add-dendron-to-application-launchers-on-linux-desktops","line":215,"column":0},"navigation":{"type":"header","value":"navigation","line":232,"column":0},"enable-table-of-contents":{"type":"header","value":"enable-table-of-contents","line":234,"column":0},"publishing":{"type":"header","value":"publishing","line":242,"column":0},"incremental-builds":{"type":"header","value":"incremental-builds","line":244,"column":0},"automatically-update-site-while-editing":{"type":"header","value":"automatically-update-site-while-editing","line":259,"column":0},"publish-password-protected-site-using-aws-amplify":{"type":"header","value":"publish-password-protected-site-using-aws-amplify","line":282,"column":0},"setup-your-github-repo":{"type":"header","value":"setup-your-github-repo","line":290,"column":0},"setup-aws":{"type":"header","value":"setup-aws","line":300,"column":0},"publish-your-notes":{"type":"header","value":"publish-your-notes","line":309,"column":0},"workspace":{"type":"header","value":"workspace","line":325,"column":0},"using-dendron-with-github-and-git":{"type":"header","value":"using-dendron-with-github-and-git","line":327,"column":0},"adding-a-remote-vault-to-your-dendron-workspace":{"type":"header","value":"adding-a-remote-vault-to-your-dendron-workspace","line":331,"column":0},"converting-a-local-vault-to-a-remote-vault":{"type":"header","value":"converting-a-local-vault-to-a-remote-vault","line":337,"column":0},"using-dendron-with-code":{"type":"header","value":"using-dendron-with-code","line":353,"column":0},"renaming-a-vault":{"type":"header","value":"renaming-a-vault","line":359,"column":0},"private-vaults":{"type":"header","value":"private-vaults","line":371,"column":0}},"fname":"dendron.guides.cook","updated":1628124505607,"created":1595952505024,"parent":"02c2d7b6-2ea2-4e15-9894-9dead50d5ca2","children":[],"data":{},"contentHash":"e478b8848b98a19b73fa19336f5ada46","custom":{"nav_order":8.9,"toc":true}}
