{"id":"4039fc46-06b2-4f83-b817-fc490bafbcb3","title":"14 - The Seed Bank","vault":{"fsPath":"vault","name":"dendron.dendron-site"},"type":"note","desc":"","links":[{"type":"wiki","from":{"fname":"dendron.rfc.14-seed-bank","id":"4039fc46-06b2-4f83-b817-fc490bafbcb3","vaultName":"dendron.dendron-site"},"value":"dendron.ref.workspace","alias":"workspaces","position":{"start":{"line":3,"column":38,"offset":47},"end":{"line":3,"column":74,"offset":83},"indent":[]},"xvault":false,"to":{"fname":"dendron.ref.workspace"}},{"type":"wiki","from":{"fname":"dendron.rfc.14-seed-bank","id":"4039fc46-06b2-4f83-b817-fc490bafbcb3","vaultName":"dendron.dendron-site"},"value":"dendron.rfc.14-seed-bank.configuration","alias":"configuration","position":{"start":{"line":38,"column":5,"offset":1526},"end":{"line":38,"column":61,"offset":1582},"indent":[]},"xvault":false,"to":{"fname":"dendron.rfc.14-seed-bank.configuration"}},{"type":"wiki","from":{"fname":"dendron.rfc.14-seed-bank","id":"4039fc46-06b2-4f83-b817-fc490bafbcb3","vaultName":"dendron.dendron-site"},"value":"dendron.rfc.14-seed-bank.registry","alias":"Registry","position":{"start":{"line":42,"column":5,"offset":1638},"end":{"line":42,"column":51,"offset":1684},"indent":[]},"xvault":false,"to":{"fname":"dendron.rfc.14-seed-bank.registry"}},{"type":"wiki","from":{"fname":"dendron.rfc.14-seed-bank","id":"4039fc46-06b2-4f83-b817-fc490bafbcb3","vaultName":"dendron.dendron-site"},"value":"dendron.topic.cli","alias":"dendron CLI","position":{"start":{"line":46,"column":46,"offset":1764},"end":{"line":46,"column":79,"offset":1797},"indent":[]},"xvault":false,"to":{"fname":"dendron.topic.cli"}},{"type":"wiki","from":{"fname":"dendron.rfc.14-seed-bank","id":"4039fc46-06b2-4f83-b817-fc490bafbcb3","vaultName":"dendron.dendron-site"},"value":"dendron.topic.cli","alias":"workspace command","position":{"start":{"line":48,"column":44,"offset":1895},"end":{"line":48,"column":101,"offset":1952},"indent":[]},"xvault":false,"to":{"fname":"dendron.topic.cli","anchorHeader":"workspace-command"}},{"type":"wiki","from":{"fname":"dendron.rfc.14-seed-bank","id":"4039fc46-06b2-4f83-b817-fc490bafbcb3","vaultName":"dendron.dendron-site"},"value":"dendron.rfc.14-seed-bank.methods","alias":"methods","position":{"start":{"line":50,"column":5,"offset":2018},"end":{"line":50,"column":49,"offset":2062},"indent":[]},"xvault":false,"to":{"fname":"dendron.rfc.14-seed-bank.methods"}},{"type":"wiki","from":{"fname":"dendron.rfc.14-seed-bank","id":"4039fc46-06b2-4f83-b817-fc490bafbcb3","vaultName":"dendron.dendron-site"},"value":"dendron.ref.status","alias":"Next Phase ⏩","position":{"start":{"line":128,"column":3,"offset":3700},"end":{"line":128,"column":50,"offset":3747},"indent":[]},"xvault":false,"to":{"fname":"dendron.ref.status","anchorHeader":"next-phase-"}},{"type":"wiki","from":{"fname":"dendron.rfc.14-seed-bank","id":"4039fc46-06b2-4f83-b817-fc490bafbcb3","vaultName":"dendron.dendron-site"},"value":"dendron.ref.status","alias":"Next Phase ⏩","position":{"start":{"line":136,"column":3,"offset":3902},"end":{"line":136,"column":50,"offset":3949},"indent":[]},"xvault":false,"to":{"fname":"dendron.ref.status","anchorHeader":"next-phase-"}},{"type":"wiki","from":{"fname":"dendron.rfc.14-seed-bank","id":"4039fc46-06b2-4f83-b817-fc490bafbcb3","vaultName":"dendron.dendron-site"},"value":"dendron.rfc.14-seed-bank.configuration","alias":"visibility","position":{"start":{"line":138,"column":94,"offset":4044},"end":{"line":138,"column":158,"offset":4108},"indent":[]},"xvault":false,"to":{"fname":"dendron.rfc.14-seed-bank.configuration","anchorHeader":"visibility"}},{"type":"wiki","from":{"fname":"dendron.rfc.14-seed-bank","id":"4039fc46-06b2-4f83-b817-fc490bafbcb3","vaultName":"dendron.dendron-site"},"value":"dendron.topic.publishing.configuration","alias":"configuration","position":{"start":{"line":138,"column":211,"offset":4161},"end":{"line":138,"column":267,"offset":4217},"indent":[]},"xvault":false,"to":{"fname":"dendron.topic.publishing.configuration"}},{"type":"wiki","from":{"fname":"dendron.rfc.14-seed-bank","id":"4039fc46-06b2-4f83-b817-fc490bafbcb3","vaultName":"dendron.dendron-site"},"value":"dendron.rfc.14-seed-bank.configuration","alias":"addAttribution","position":{"start":{"line":146,"column":42,"offset":4465},"end":{"line":146,"column":114,"offset":4537},"indent":[]},"xvault":false,"to":{"fname":"dendron.rfc.14-seed-bank.configuration","anchorHeader":"addattribution"}},{"type":"wiki","from":{"fname":"dendron.rfc.14-seed-bank","id":"4039fc46-06b2-4f83-b817-fc490bafbcb3","vaultName":"dendron.dendron-site"},"value":"dendron.rfc.14-seed-bank.configuration","alias":"configuration","position":{"start":{"line":152,"column":20,"offset":4594},"end":{"line":152,"column":76,"offset":4650},"indent":[]},"xvault":false,"to":{"fname":"dendron.rfc.14-seed-bank.configuration"}},{"type":"wiki","from":{"fname":"dendron.rfc.14-seed-bank","id":"4039fc46-06b2-4f83-b817-fc490bafbcb3","vaultName":"dendron.dendron-site"},"value":"dendron.rfc.14-seed-bank.methods","alias":"methods","position":{"start":{"line":153,"column":20,"offset":4706},"end":{"line":153,"column":64,"offset":4750},"indent":[]},"xvault":false,"to":{"fname":"dendron.rfc.14-seed-bank.methods"}},{"type":"wiki","from":{"fname":"dendron.rfc.14-seed-bank","id":"4039fc46-06b2-4f83-b817-fc490bafbcb3","vaultName":"dendron.dendron-site"},"value":"dendron.roadmap","alias":"Dendron 2021 Roadmap","position":{"start":{"line":182,"column":3,"offset":5715},"end":{"line":182,"column":51,"offset":5763},"indent":[]},"xvault":false,"to":{"fname":"dendron.roadmap","anchorHeader":"context"}},{"from":{"fname":"dendron.release.2021-06-07","vaultName":"dendron.dendron-site"},"type":"backlink","position":{"start":{"line":50,"column":9,"offset":1752},"end":{"line":50,"column":51,"offset":1794},"indent":[]},"value":"dendron.rfc.14-seed-bank"},{"from":{"fname":"dendron.topic.seed-bank","vaultName":"dendron.dendron-site"},"type":"backlink","position":{"start":{"line":41,"column":3,"offset":1581},"end":{"line":41,"column":35,"offset":1613},"indent":[]},"value":"dendron.rfc.14-seed-bank"}],"anchors":{"goals":{"type":"header","value":"goals","line":7,"column":0},"context":{"type":"header","value":"context","line":11,"column":0},"lookup":{"type":"header","value":"lookup","line":19,"column":0},"proposal":{"type":"header","value":"proposal","line":25,"column":0},"details":{"type":"header","value":"details","line":40,"column":0},"specs":{"type":"header","value":"specs","line":42,"column":0},"registry":{"type":"header","value":"registry","line":46,"column":0},"client":{"type":"header","value":"client","line":50,"column":0},"motivating-example":{"type":"header","value":"motivating-example","line":58,"column":0},"topics":{"type":"header","value":"topics","line":130,"column":0},"transitive-dependencies":{"type":"header","value":"transitive-dependencies","line":132,"column":0},"publishing-website":{"type":"header","value":"publishing-website","line":140,"column":0},"phases":{"type":"header","value":"phases","line":154,"column":0},"phase-i":{"type":"header","value":"phase-i","line":156,"column":0},"phase-ii":{"type":"header","value":"phase-ii","line":162,"column":0},"future":{"type":"header","value":"future","line":168,"column":0},"discussion":{"type":"header","value":"discussion","line":174,"column":0},"tradeoffs":{"type":"header","value":"tradeoffs","line":178,"column":0},"next":{"type":"header","value":"next","line":182,"column":0},"related":{"type":"header","value":"related","line":186,"column":0}},"fname":"dendron.rfc.14-seed-bank","updated":1624296294335,"created":1623017672501,"parent":"f143ca38-dcc6-4cd3-b84b-997aec1160ef","children":["95ab0095-a5be-4e54-a205-70da8d6dd671","3b39c820-5250-48f4-935a-284f74a8930e","8683c711-b566-4877-b928-2163ca7897e2","b33d1ad0-e50e-4af0-9c7c-758baad38e79","6fb5ae82-dec6-41c5-813f-33639b73c447","945a1bf2-2d6c-4792-87d0-bf87b7f94182","34eeba99-da18-4024-941a-cb7628840e90"],"data":{},"contentHash":"c8300936845f526fd0796964d2837689","custom":{}}
