{"id":"42e90950-38c4-4869-9f3c-ddd84f7ac7eb","title":"Release Notes(version 0.19)","vault":{"fsPath":"vault","name":"dendron.dendron-site"},"type":"note","desc":"","links":[{"type":"wiki","from":{"fname":"dendron.release.2020-12-07","id":"42e90950-38c4-4869-9f3c-ddd84f7ac7eb","vaultName":"dendron.dendron-site"},"value":"dendron.topic.vaults.multi-vault","alias":"here","position":{"start":{"line":24,"column":50,"offset":1002},"end":{"line":24,"column":104,"offset":1056},"indent":[]},"xvault":false,"to":{"fname":"dendron.topic.vaults.multi-vault","anchorHeader":"known-issues"}}],"anchors":{"highlights":{"type":"header","value":"highlights","line":9,"column":0},"community":{"type":"header","value":"community","line":20,"column":0},"in-the-works":{"type":"header","value":"in-the-works","line":27,"column":0},"thanks":{"type":"header","value":"thanks","line":34,"column":0}},"fname":"dendron.release.2020-12-07","updated":1616950033463,"created":1607367621793,"parent":"932534e7-e788-4fdb-bc8c-eaf761992a8d","children":[],"data":{},"contentHash":"bfdffe26c2ab4def9a2b759d90b7533c","custom":{}}
