{"id":"446723ba-c310-4302-a651-df14ce6e002b","title":"Lifecycle","vault":{"fsPath":"vault","name":"dendron.dendron-site"},"type":"note","desc":"","links":[],"anchors":{"reference":{"type":"header","value":"reference","line":9,"column":0},"dendron-port-file":{"type":"header","value":"dendron-port-file","line":11,"column":0}},"fname":"pkg.dendron-engine.lifecycle","updated":1620614096509,"created":1620614023632,"parent":"5a7103be-eb92-4380-8207-598e9f10724c","children":[],"data":{},"contentHash":"ca3a61caf5d2555d7a2b14bcfce530bc","custom":{}}
