{"id":"4473581a-cfdf-4d98-89a9-2955b308b669","title":"Snapshots","vault":{"fsPath":"vault","name":"dendron.dendron-site"},"type":"note","desc":"","links":[{"type":"ref","from":{"fname":"dendron.topic.capabilities.snapshot","id":"4473581a-cfdf-4d98-89a9-2955b308b669","vaultName":"dendron.dendron-site"},"value":"dendron.topic.commands","position":{"start":{"line":7,"column":1,"offset":165},"end":{"line":7,"column":46,"offset":210},"indent":[]},"xvault":false,"to":{"fname":"dendron.topic.commands","anchorHeader":"snapshot-vault:#*"}},{"type":"ref","from":{"fname":"dendron.topic.capabilities.snapshot","id":"4473581a-cfdf-4d98-89a9-2955b308b669","vaultName":"dendron.dendron-site"},"value":"dendron.topic.commands","position":{"start":{"line":11,"column":1,"offset":278},"end":{"line":11,"column":45,"offset":322},"indent":[]},"xvault":false,"to":{"fname":"dendron.topic.commands","anchorHeader":"restore-vault:#*"}},{"from":{"fname":"dendron.release.2020-11-01","vaultName":"dendron.dendron-site"},"type":"backlink","position":{"start":{"line":20,"column":10,"offset":1780},"end":{"line":20,"column":59,"offset":1829},"indent":[]},"value":"dendron.topic.capabilities.snapshot"},{"from":{"fname":"dendron.release.changelog.0-1-x","vaultName":"dendron.dendron-site"},"type":"backlink","position":{"start":{"line":456,"column":1,"offset":23340},"end":{"line":456,"column":54,"offset":23393},"indent":[]},"value":"dendron.topic.capabilities.snapshot"}],"anchors":{"commands":{"type":"header","value":"commands","line":11,"column":0}},"fname":"dendron.topic.capabilities.snapshot","updated":1604240847774,"created":1604209673048,"parent":"11787828-866c-48f0-9b2b-4ad4e0519698","children":[],"data":{},"contentHash":"03be5ccdfd02668b96c2fd128cd8c101","custom":{}}
