{"id":"44fd6c57-b7f4-47f5-a632-d352d4f4fa7b","title":"Release Notes(version 0.20)","vault":{"fsPath":"vault","name":"dendron.dendron-site"},"type":"note","desc":"","links":[{"type":"wiki","from":{"fname":"dendron.release.2020-12-14","id":"44fd6c57-b7f4-47f5-a632-d352d4f4fa7b","vaultName":"dendron.dendron-site"},"value":"dendron.community.roles","alias":"here","position":{"start":{"line":21,"column":41,"offset":803},"end":{"line":21,"column":73,"offset":835},"indent":[]},"xvault":false,"to":{"fname":"dendron.community.roles"}},{"type":"wiki","from":{"fname":"dendron.release.2020-12-14","id":"44fd6c57-b7f4-47f5-a632-d352d4f4fa7b","vaultName":"dendron.dendron-site"},"value":"dendron.topic.vaults.multi-vault","alias":"here","position":{"start":{"line":27,"column":50,"offset":981},"end":{"line":27,"column":104,"offset":1035},"indent":[]},"xvault":false,"to":{"fname":"dendron.topic.vaults.multi-vault","anchorHeader":"known-issues"}}],"anchors":{"highlights":{"type":"header","value":"highlights","line":9,"column":0},"community":{"type":"header","value":"community","line":19,"column":0},"in-the-works":{"type":"header","value":"in-the-works","line":29,"column":0},"thanks":{"type":"header","value":"thanks","line":37,"column":0}},"fname":"dendron.release.2020-12-14","updated":1616950035971,"created":1607890901199,"parent":"932534e7-e788-4fdb-bc8c-eaf761992a8d","children":[],"data":{},"contentHash":"6b1f74936810a5648fd4a306c62a77d9","custom":{}}
