{"id":"45cfb9f2-46cf-4f67-a41e-834818fbd06e","title":"Multi Vault Support","vault":{"fsPath":"vault","name":"dendron.dendron-site"},"type":"note","desc":"","links":[{"type":"wiki","from":{"fname":"dendron.roadmap.project.n.2020.multi-vault","id":"45cfb9f2-46cf-4f67-a41e-834818fbd06e","vaultName":"dendron.dendron-site"},"value":"dendron.roadmap.project.scratch.2020.09.07-121834","alias":"name collision thread","position":{"start":{"line":280,"column":3,"offset":7570},"end":{"line":280,"column":78,"offset":7645},"indent":[]},"xvault":false,"to":{"fname":"dendron.roadmap.project.scratch.2020.09.07-121834"}},{"type":"wiki","from":{"fname":"dendron.roadmap.project.n.2020.multi-vault","id":"45cfb9f2-46cf-4f67-a41e-834818fbd06e","vaultName":"dendron.dendron-site"},"value":"dendron.roadmap.project.scratch.2020.09.07-121952","alias":"sharing materials between vaults","position":{"start":{"line":281,"column":3,"offset":7648},"end":{"line":281,"column":89,"offset":7734},"indent":[]},"xvault":false,"to":{"fname":"dendron.roadmap.project.scratch.2020.09.07-121952"}},{"type":"ref","from":{"fname":"dendron.roadmap.project.n.2020.multi-vault","id":"45cfb9f2-46cf-4f67-a41e-834818fbd06e","vaultName":"dendron.dendron-site"},"value":"dendron.ref.workspace","position":{"start":{"line":14,"column":1,"offset":725},"end":{"line":14,"column":40,"offset":764},"indent":[]},"xvault":false,"to":{"fname":"dendron.ref.workspace","anchorHeader":"summary,1:#*"}},{"type":"ref","from":{"fname":"dendron.roadmap.project.n.2020.multi-vault","id":"45cfb9f2-46cf-4f67-a41e-834818fbd06e","vaultName":"dendron.dendron-site"},"value":"dendron.topic.vaults","position":{"start":{"line":15,"column":1,"offset":765},"end":{"line":15,"column":39,"offset":803},"indent":[]},"xvault":false,"to":{"fname":"dendron.topic.vaults","anchorHeader":"summary,1:#*"}},{"type":"ref","from":{"fname":"dendron.roadmap.project.n.2020.multi-vault","id":"45cfb9f2-46cf-4f67-a41e-834818fbd06e","vaultName":"dendron.dendron-site"},"value":"dendron.concepts","position":{"start":{"line":16,"column":1,"offset":804},"end":{"line":16,"column":37,"offset":840},"indent":[]},"xvault":false,"to":{"fname":"dendron.concepts","anchorHeader":"hierarchies:#*"}},{"type":"ref","from":{"fname":"dendron.roadmap.project.n.2020.multi-vault","id":"45cfb9f2-46cf-4f67-a41e-834818fbd06e","vaultName":"dendron.dendron-site"},"value":"dendron.concepts","position":{"start":{"line":17,"column":1,"offset":841},"end":{"line":17,"column":32,"offset":872},"indent":[]},"xvault":false,"to":{"fname":"dendron.concepts","anchorHeader":"domain:#*"}},{"type":"ref","from":{"fname":"dendron.roadmap.project.n.2020.multi-vault","id":"45cfb9f2-46cf-4f67-a41e-834818fbd06e","vaultName":"dendron.dendron-site"},"value":"dendron.roadmap.project.n.2020.multi-vault","position":{"start":{"line":35,"column":1,"offset":1414},"end":{"line":35,"column":86,"offset":1499},"indent":[]},"xvault":false,"to":{"fname":"dendron.roadmap.project.n.2020.multi-vault","anchorHeader":"file-layout-for-legacy-workspace,1:#*"}},{"type":"ref","from":{"fname":"dendron.roadmap.project.n.2020.multi-vault","id":"45cfb9f2-46cf-4f67-a41e-834818fbd06e","vaultName":"dendron.dendron-site"},"value":"dendron.roadmap.project.n.2020.multi-vault","position":{"start":{"line":39,"column":1,"offset":1682},"end":{"line":39,"column":91,"offset":1772},"indent":[]},"xvault":false,"to":{"fname":"dendron.roadmap.project.n.2020.multi-vault","anchorHeader":"file-layout-for-multi-vault-workspace,1:#*"}},{"type":"ref","from":{"fname":"dendron.roadmap.project.n.2020.multi-vault","id":"45cfb9f2-46cf-4f67-a41e-834818fbd06e","vaultName":"dendron.dendron-site"},"value":"dendron.roadmap.project.n.2020.multi-vault","position":{"start":{"line":76,"column":1,"offset":3495},"end":{"line":76,"column":91,"offset":3585},"indent":[]},"xvault":false,"to":{"fname":"dendron.roadmap.project.n.2020.multi-vault","anchorHeader":"file-layout-for-multi-vault-workspace,1:#*"}},{"type":"ref","from":{"fname":"dendron.roadmap.project.n.2020.multi-vault","id":"45cfb9f2-46cf-4f67-a41e-834818fbd06e","vaultName":"dendron.dendron-site"},"value":"dendron.roadmap.project.n.2020.multi-vault","position":{"start":{"line":110,"column":1,"offset":4379},"end":{"line":110,"column":91,"offset":4469},"indent":[]},"xvault":false,"to":{"fname":"dendron.roadmap.project.n.2020.multi-vault","anchorHeader":"file-layout-for-multi-vault-workspace,1:#*"}},{"type":"ref","from":{"fname":"dendron.roadmap.project.n.2020.multi-vault","id":"45cfb9f2-46cf-4f67-a41e-834818fbd06e","vaultName":"dendron.dendron-site"},"value":"dendron.roadmap.project.n.2020.multi-vault","position":{"start":{"line":126,"column":1,"offset":4903},"end":{"line":126,"column":91,"offset":4993},"indent":[]},"xvault":false,"to":{"fname":"dendron.roadmap.project.n.2020.multi-vault","anchorHeader":"file-layout-for-multi-vault-workspace,1:#*"}},{"from":{"fname":"dendron.release.2020-10-19","vaultName":"dendron.dendron-site"},"type":"backlink","position":{"start":{"line":10,"column":65,"offset":662},"end":{"line":10,"column":131,"offset":728},"indent":[]},"value":"dendron.roadmap.project.n.2020.multi-vault"},{"from":{"fname":"dendron.release.2020-11-01","vaultName":"dendron.dendron-site"},"type":"backlink","position":{"start":{"line":61,"column":11,"offset":3902},"end":{"line":61,"column":77,"offset":3968},"indent":[]},"value":"dendron.roadmap.project.n.2020.multi-vault"},{"from":{"fname":"dendron.release.2020-11-08","vaultName":"dendron.dendron-site"},"type":"backlink","position":{"start":{"line":22,"column":11,"offset":890},"end":{"line":22,"column":77,"offset":956},"indent":[]},"value":"dendron.roadmap.project.n.2020.multi-vault"},{"from":{"fname":"dendron.roadmap.project","vaultName":"dendron.dendron-site"},"type":"backlink","position":{"start":{"line":11,"column":3,"offset":505},"end":{"line":11,"column":69,"offset":571},"indent":[]},"value":"dendron.roadmap.project.n.2020.multi-vault"},{"from":{"fname":"dendron.release.changelog.0-1-x","vaultName":"dendron.dendron-site"},"type":"backlink","position":{"start":{"line":175,"column":33,"offset":9029},"end":{"line":175,"column":113,"offset":9109},"indent":[]},"value":"dendron.roadmap.project.n.2020.multi-vault"},{"from":{"fname":"dendron.release.changelog.0-1-x","vaultName":"dendron.dendron-site"},"type":"backlink","position":{"start":{"line":285,"column":23,"offset":14973},"end":{"line":285,"column":89,"offset":15039},"indent":[]},"value":"dendron.roadmap.project.n.2020.multi-vault"},{"from":{"fname":"dendron.release.changelog.0-1-x","vaultName":"dendron.dendron-site"},"type":"backlink","position":{"start":{"line":726,"column":3,"offset":36727},"end":{"line":726,"column":69,"offset":36793},"indent":[]},"value":"dendron.roadmap.project.n.2020.multi-vault"},{"from":{"fname":"dendron.release.changelog.0-1-x","vaultName":"dendron.dendron-site"},"type":"backlink","position":{"start":{"line":291,"column":1,"offset":15368},"end":{"line":291,"column":63,"offset":15430},"indent":[]},"value":"dendron.roadmap.project.n.2020.multi-vault"},{"from":{"fname":"dendron.topic.vaults.multi-vault","vaultName":"dendron.dendron-site"},"type":"backlink","position":{"start":{"line":46,"column":1,"offset":1846},"end":{"line":46,"column":91,"offset":1936},"indent":[]},"value":"dendron.roadmap.project.n.2020.multi-vault"},{"from":{"fname":"dendron.roadmap.project.n.2020.multi-vault","vaultName":"dendron.dendron-site"},"type":"backlink","position":{"start":{"line":35,"column":1,"offset":1414},"end":{"line":35,"column":86,"offset":1499},"indent":[]},"value":"dendron.roadmap.project.n.2020.multi-vault"},{"from":{"fname":"dendron.roadmap.project.n.2020.multi-vault","vaultName":"dendron.dendron-site"},"type":"backlink","position":{"start":{"line":39,"column":1,"offset":1682},"end":{"line":39,"column":91,"offset":1772},"indent":[]},"value":"dendron.roadmap.project.n.2020.multi-vault"},{"from":{"fname":"dendron.roadmap.project.n.2020.multi-vault","vaultName":"dendron.dendron-site"},"type":"backlink","position":{"start":{"line":76,"column":1,"offset":3495},"end":{"line":76,"column":91,"offset":3585},"indent":[]},"value":"dendron.roadmap.project.n.2020.multi-vault"},{"from":{"fname":"dendron.roadmap.project.n.2020.multi-vault","vaultName":"dendron.dendron-site"},"type":"backlink","position":{"start":{"line":110,"column":1,"offset":4379},"end":{"line":110,"column":91,"offset":4469},"indent":[]},"value":"dendron.roadmap.project.n.2020.multi-vault"},{"from":{"fname":"dendron.roadmap.project.n.2020.multi-vault","vaultName":"dendron.dendron-site"},"type":"backlink","position":{"start":{"line":126,"column":1,"offset":4903},"end":{"line":126,"column":91,"offset":4993},"indent":[]},"value":"dendron.roadmap.project.n.2020.multi-vault"}],"anchors":{"goals":{"type":"header","value":"goals","line":11,"column":0},"use-cases":{"type":"header","value":"use-cases","line":15,"column":0},"concepts":{"type":"header","value":"concepts","line":22,"column":0},"specs":{"type":"header","value":"specs","line":29,"column":0},"flow":{"type":"header","value":"flow","line":37,"column":0},"initialization":{"type":"header","value":"initialization","line":39,"column":0},"configuration":{"type":"header","value":"configuration","line":55,"column":0},"cloning":{"type":"header","value":"cloning","line":72,"column":0},"add-a-new-vault":{"type":"header","value":"add-a-new-vault","line":76,"column":0},"lookup":{"type":"header","value":"lookup","line":85,"column":0},"navigating-links":{"type":"header","value":"navigating-links","line":119,"column":0},"moving-notes-between-vaults":{"type":"header","value":"moving-notes-between-vaults","line":130,"column":0},"publishing-notes":{"type":"header","value":"publishing-notes","line":134,"column":0},"special-cases":{"type":"header","value":"special-cases","line":176,"column":0},"adding-a-vault-under-another-vault":{"type":"header","value":"adding-a-vault-under-another-vault","line":178,"column":0},"reference":{"type":"header","value":"reference","line":201,"column":0},"file-layout-for-legacy-workspace":{"type":"header","value":"file-layout-for-legacy-workspace","line":203,"column":0},"file-layout-for-multi-vault-workspace":{"type":"header","value":"file-layout-for-multi-vault-workspace","line":221,"column":0},"configuration-1":{"type":"header","value":"configuration-1","line":260,"column":0},"vaults":{"type":"header","value":"vaults","line":262,"column":0},"vaultname":{"type":"header","value":"vaultname","line":267,"column":0},"vaultpath":{"type":"header","value":"vaultpath","line":271,"column":0},"vaultmountunder":{"type":"header","value":"vaultmountunder","line":275,"column":0},"additional-resources":{"type":"header","value":"additional-resources","line":283,"column":0},"discussions":{"type":"header","value":"discussions","line":288,"column":0}},"fname":"dendron.roadmap.project.n.2020.multi-vault","updated":1622842106074,"created":1599501659137,"parent":"58247dfb-55b4-4269-9b37-42a90a0045ef","children":[],"data":{},"contentHash":"bb13be4aa21b912cd5bc273f160627fa","custom":{"stub":false,"start":"2020.10.07","end":"2020.10.29","status":"Next"}}
