{"id":"46fba044-81d8-4c07-a12c-78bbbf7952b4","title":"Graph Rework - Notes","vault":{"fsPath":"vault","name":"dendron.dendron-site"},"type":"note","desc":"","links":[{"from":{"fname":"dendron.rfc.7-graph-rework","vaultName":"dendron.dendron-site"},"type":"backlink","position":{"start":{"line":23,"column":5,"offset":566},"end":{"line":23,"column":80,"offset":641},"indent":[]},"value":"dendron.rfc.7-graph-rework.notes"},{"from":{"fname":"dendron.rfc.7-graph-rework.hierarchy","vaultName":"dendron.dendron-site"},"type":"backlink","position":{"start":{"line":32,"column":3,"offset":875},"end":{"line":32,"column":49,"offset":921},"indent":[]},"value":"dendron.rfc.7-graph-rework.notes"}],"anchors":{"description":{"type":"header","value":"description","line":8,"column":0},"options":{"type":"header","value":"options","line":12,"column":0},"proposal":{"type":"header","value":"proposal","line":21,"column":0},"author":{"type":"header","value":"author","line":26,"column":0}},"fname":"dendron.rfc.7-graph-rework.notes","updated":1619642502573,"created":1618136427656,"parent":"c998c642-a748-4f77-9285-cfec35330251","children":[],"data":{},"contentHash":"0f2283462a617c41268d18f43bd3db64","custom":{}}
