{"id":"491cafdd-d4bf-4c6a-9f95-532af4666828","title":"Misc","vault":{"fsPath":"vault","name":"dendron.dendron-site"},"type":"note","desc":"","links":[{"type":"wiki","from":{"fname":"dendron.topic.publishing.misc","id":"491cafdd-d4bf-4c6a-9f95-532af4666828","vaultName":"dendron.dendron-site"},"value":"dendron.topic.publishing.quickstart.preview-your-site","alias":"Preview Your Site","position":{"start":{"line":12,"column":3,"offset":337},"end":{"line":12,"column":78,"offset":412},"indent":[]},"xvault":false,"to":{"fname":"dendron.topic.publishing.quickstart.preview-your-site"}},{"from":{"fname":"dendron.release.changelog.0-3-x","vaultName":"dendron.dendron-site"},"type":"backlink","position":{"start":{"line":333,"column":26,"offset":9724},"end":{"line":333,"column":75,"offset":9773},"indent":[]},"value":"dendron.topic.publishing.misc"}],"anchors":{"markdown-differences":{"type":"header","value":"markdown-differences","line":9,"column":0},"blockquote":{"type":"header","value":"blockquote","line":13,"column":0},"related":{"type":"header","value":"related","line":17,"column":0}},"fname":"dendron.topic.publishing.misc","updated":1614630219483,"created":1614630136994,"parent":"579e379b-3eca-4676-b51c-c66eb26a11b8","children":[],"data":{},"contentHash":"dff6facff85da439afaa6e52f96b6a99","custom":{}}
