{"id":"4b8f0470-dacb-433b-8d0c-f5a7d8f5245d","title":"Lookup","vault":{"fsPath":"vault","name":"dendron.dendron-site"},"type":"note","desc":"","links":[{"type":"wiki","from":{"fname":"pkg.dendron-plugin.internal","id":"4b8f0470-dacb-433b-8d0c-f5a7d8f5245d","vaultName":"dendron.dendron-site"},"value":"pkg.dendron-plugin.internal.lookup-modifiers","alias":"updatePickerBehavior","position":{"start":{"line":66,"column":3,"offset":778},"end":{"line":66,"column":93,"offset":868},"indent":[]},"xvault":false,"to":{"fname":"pkg.dendron-plugin.internal.lookup-modifiers","anchorHeader":"updatepickerbehavior"}},{"from":{"fname":"pkg.dendron-plugin.arch.startup","vaultName":"dendron.dendron-site"},"type":"backlink","position":{"start":{"line":100,"column":3,"offset":1603},"end":{"line":100,"column":67,"offset":1667},"indent":[]},"value":"pkg.dendron-plugin.internal"}],"anchors":{"preview":{"type":"header","value":"preview","line":9,"column":0},"vscode-lifecycle":{"type":"header","value":"vscode-lifecycle","line":11,"column":0},"webview-lifecycle":{"type":"header","value":"webview-lifecycle","line":36,"column":0},"bucket":{"type":"header","value":"bucket","line":53,"column":0},"example":{"type":"header","value":"example","line":74,"column":0},"normal":{"type":"header","value":"normal","line":76,"column":0},"change-value":{"type":"header","value":"change-value","line":82,"column":0},"ref":{"type":"header","value":"ref","line":87,"column":0},"times-when-picker-is-updated":{"type":"header","value":"times-when-picker-is-updated","line":89,"column":0},"sources":{"type":"header","value":"sources","line":96,"column":0},"update_picker_filter":{"type":"header","value":"update_picker_filter","line":98,"column":0},"updatepickerbehavior":{"type":"header","value":"updatepickerbehavior","line":102,"column":0},"lookup-onbutton":{"type":"header","value":"lookup-onbutton","line":110,"column":0},"treeview":{"type":"header","value":"treeview","line":120,"column":0},"init":{"type":"header","value":"init","line":122,"column":0},"refresh":{"type":"header","value":"refresh","line":126,"column":0},"welcome-message":{"type":"header","value":"welcome-message","line":132,"column":0},"setupworkspace":{"type":"header","value":"setupworkspace","line":160,"column":0},"reload-index":{"type":"header","value":"reload-index","line":164,"column":0}},"fname":"pkg.dendron-plugin.internal","updated":1624833521188,"created":1608838048476,"parent":"87d90002-f480-45eb-a8c4-d00df4d61557","children":["89281554-099e-4f10-b6e1-2aedd37fd419","b0313bed-3a7d-4368-bf60-e9f3d4e19c17","f528e8ad-a3f9-4f66-af1d-0af400014383","DHIrhcaXSP8pvtGX","290d95a9-83b4-4a2a-8c1e-49fc0d83fbea","b3b50dd4-fb60-449e-8d1f-334b75c7295d","mtBAFUzF5O35N9we5A5Nz"],"data":{},"contentHash":"55de5609bc2c24da6be096c858f4e587","custom":{}}
