{"id":"4bb85c39-d8ac-48ad-a765-3f2a071f7bc9","title":"Features","vault":{"fsPath":"vault","name":"dendron.dendron-site"},"type":"note","desc":"","links":[{"type":"wiki","from":{"fname":"dendron.features","id":"4bb85c39-d8ac-48ad-a765-3f2a071f7bc9","vaultName":"dendron.dendron-site"},"value":"dendron.topic.hierarchies","alias":"dendron.topic.hierarchies","position":{"start":{"line":19,"column":171,"offset":942},"end":{"line":19,"column":200,"offset":971},"indent":[]},"xvault":false,"to":{"fname":"dendron.topic.hierarchies"}},{"type":"wiki","from":{"fname":"dendron.features","id":"4bb85c39-d8ac-48ad-a765-3f2a071f7bc9","vaultName":"dendron.dendron-site"},"value":"dendron.topic.commands","alias":"refactor","position":{"start":{"line":19,"column":367,"offset":1138},"end":{"line":19,"column":421,"offset":1192},"indent":[]},"xvault":false,"to":{"fname":"dendron.topic.commands","anchorHeader":"refactor-hierarchy"}},{"type":"wiki","from":{"fname":"dendron.features","id":"4bb85c39-d8ac-48ad-a765-3f2a071f7bc9","vaultName":"dendron.dendron-site"},"value":"dendron.topic.schema","alias":"schemas","position":{"start":{"line":19,"column":480,"offset":1251},"end":{"line":19,"column":512,"offset":1283},"indent":[]},"xvault":false,"to":{"fname":"dendron.topic.schema"}},{"type":"wiki","from":{"fname":"dendron.features","id":"4bb85c39-d8ac-48ad-a765-3f2a071f7bc9","vaultName":"dendron.dendron-site"},"value":"dendron.topic.lookup","alias":"dendron.topic.lookup","position":{"start":{"line":130,"column":177,"offset":7437},"end":{"line":130,"column":201,"offset":7461},"indent":[]},"xvault":false,"to":{"fname":"dendron.topic.lookup"}},{"type":"wiki","from":{"fname":"dendron.features","id":"4bb85c39-d8ac-48ad-a765-3f2a071f7bc9","vaultName":"dendron.dendron-site"},"value":"dendron.topic.keybindings","alias":"everything","position":{"start":{"line":130,"column":237,"offset":7497},"end":{"line":130,"column":277,"offset":7537},"indent":[]},"xvault":false,"to":{"fname":"dendron.topic.keybindings"}},{"type":"wiki","from":{"fname":"dendron.features","id":"4bb85c39-d8ac-48ad-a765-3f2a071f7bc9","vaultName":"dendron.dendron-site"},"value":"dendron.topic.hooks","alias":"dendron.topic.hooks","position":{"start":{"line":138,"column":276,"offset":8209},"end":{"line":138,"column":299,"offset":8232},"indent":[]},"xvault":false,"to":{"fname":"dendron.topic.hooks"}},{"from":{"fname":"dendron","vaultName":"dendron.dendron-site"},"type":"backlink","position":{"start":{"line":54,"column":14,"offset":3733},"end":{"line":54,"column":43,"offset":3762},"indent":[]},"value":"dendron.features"},{"from":{"fname":"dendron.alternatives.notion-vs-dendron","vaultName":"dendron.dendron-site"},"type":"backlink","position":{"start":{"line":8,"column":1,"offset":297},"end":{"line":8,"column":78,"offset":374},"indent":[]},"value":"dendron.features"},{"from":{"fname":"dendron.alternatives.notion-vs-dendron","vaultName":"dendron.dendron-site"},"type":"backlink","position":{"start":{"line":12,"column":1,"offset":392},"end":{"line":12,"column":70,"offset":461},"indent":[]},"value":"dendron.features"},{"from":{"fname":"dendron.alternatives.notion-vs-dendron","vaultName":"dendron.dendron-site"},"type":"backlink","position":{"start":{"line":16,"column":1,"offset":494},"end":{"line":16,"column":85,"offset":578},"indent":[]},"value":"dendron.features"},{"from":{"fname":"dendron.alternatives.obsidian-vs-dendron","vaultName":"dendron.dendron-site"},"type":"backlink","position":{"start":{"line":8,"column":1,"offset":325},"end":{"line":8,"column":85,"offset":409},"indent":[]},"value":"dendron.features"},{"from":{"fname":"dendron.alternatives.obsidian-vs-dendron","vaultName":"dendron.dendron-site"},"type":"backlink","position":{"start":{"line":12,"column":1,"offset":441},"end":{"line":12,"column":77,"offset":517},"indent":[]},"value":"dendron.features"},{"from":{"fname":"dendron.alternatives.roam-vs-dendron","vaultName":"dendron.dendron-site"},"type":"backlink","position":{"start":{"line":8,"column":1,"offset":281},"end":{"line":8,"column":78,"offset":358},"indent":[]},"value":"dendron.features"},{"from":{"fname":"dendron.alternatives.roam-vs-dendron","vaultName":"dendron.dendron-site"},"type":"backlink","position":{"start":{"line":12,"column":1,"offset":376},"end":{"line":12,"column":70,"offset":445},"indent":[]},"value":"dendron.features"},{"from":{"fname":"dendron.alternatives.roam-vs-dendron","vaultName":"dendron.dendron-site"},"type":"backlink","position":{"start":{"line":16,"column":1,"offset":478},"end":{"line":16,"column":85,"offset":562},"indent":[]},"value":"dendron.features"}],"anchors":{"hierarchies":{"type":"header","value":"hierarchies","line":9,"column":0},"flexible-structure":{"type":"header","value":"flexible-structure","line":24,"column":0},"lookup":{"type":"header","value":"lookup","line":28,"column":0},"schemas":{"type":"header","value":"schemas","line":52,"column":0},"vs-code":{"type":"header","value":"vs-code","line":99,"column":0},"recommended-extensions":{"type":"header","value":"recommended-extensions","line":107,"column":0},"fast-and-performant":{"type":"header","value":"fast-and-performant","line":135,"column":0},"local-first":{"type":"header","value":"local-first","line":139,"column":0},"extensible-and-open-source":{"type":"header","value":"extensible-and-open-source","line":143,"column":0},"additional-features":{"type":"header","value":"additional-features","line":147,"column":0}},"fname":"dendron.features","updated":1622573830579,"created":1596320368075,"parent":"b0fe6ef7-1553-4280-bc45-a71824c2ce36","children":[],"data":{},"contentHash":"df9afa4e251e8c8ef4638de10da236f7","custom":{"nav_order":2},"schema":{"schemaId":"features","moduleId":"dendron"}}
