{"id":"4c0ef322-3006-405c-9a66-3134dd9649a5","title":"Dendron Jekyll","vault":{"fsPath":"vault","name":"dendron.dendron-site"},"type":"note","desc":"","links":[],"anchors":{"blogging":{"type":"header","value":"blogging","line":12,"column":0},"getting-started":{"type":"header","value":"getting-started","line":23,"column":0},"remote-and-gem-based-themes":{"type":"header","value":"remote-and-gem-based-themes","line":27,"column":0}},"fname":"pkg.dendron-jekyll","updated":1596683603070,"created":1596683603070,"parent":"32cdd4aa-d9f6-4582-8d0c-07f64a00299b","children":["442df590-669a-45b4-8e0c-ba9bd699413f"],"data":{},"contentHash":"488fd21068f61643a0d2c5fb095c1895","custom":{"stub":false}}
