{"id":"4ee3b7ab-a633-44bb-a797-60dbd046cd30","title":"Common Server","vault":{"fsPath":"vault","name":"dendron.dendron-site"},"type":"note","desc":"","links":[{"from":{"fname":"pkg.utilities","vaultName":"dendron.dendron-site"},"type":"backlink","position":{"start":{"line":27,"column":1,"offset":463},"end":{"line":27,"column":35,"offset":497},"indent":[]},"value":"pkg.common-server"},{"from":{"fname":"pkg.common-all.dev","vaultName":"dendron.dendron-site"},"type":"backlink","position":{"start":{"line":6,"column":41,"offset":275},"end":{"line":6,"column":76,"offset":310},"indent":[]},"value":"pkg.common-server"}],"anchors":{"summary":{"type":"header","value":"summary","line":8,"column":0},"utilities":{"type":"header","value":"utilities","line":12,"column":0}},"fname":"pkg.common-server","updated":1621711990690,"created":1620335917868,"parent":"32cdd4aa-d9f6-4582-8d0c-07f64a00299b","children":[],"data":{},"contentHash":"6b77ad7908449c824528ff6553de761a","custom":{}}
