{"id":"4RFQMNA91cRW12VJl_PFd","title":"Taking Notes","vault":{"fsPath":"vault","name":"dendron.dendron-site"},"type":"note","desc":"Taking Notes","links":[{"type":"wiki","from":{"fname":"dendron.tutorial.taking-notes","id":"4RFQMNA91cRW12VJl_PFd","vaultName":"dendron.dendron-site"},"value":"dendron.tutorial.linking-notes","alias":"Linking Notes","position":{"start":{"line":46,"column":20,"offset":3506},"end":{"line":46,"column":68,"offset":3554},"indent":[]},"xvault":false,"to":{"fname":"dendron.tutorial.linking-notes"}},{"from":{"fname":"dendron.tutorial.navigation-basics","vaultName":"dendron.dendron-site"},"type":"backlink","position":{"start":{"line":40,"column":28,"offset":1939},"end":{"line":40,"column":74,"offset":1985},"indent":[]},"value":"dendron.tutorial.taking-notes"}],"anchors":{"create-a-note":{"type":"header","value":"create-a-note","line":9,"column":0},"creating-a-hierarchy":{"type":"header","value":"creating-a-hierarchy","line":21,"column":0},"finding-notes":{"type":"header","value":"finding-notes","line":39,"column":0},"next-steps":{"type":"header","value":"next-steps","line":51,"column":0}},"fname":"dendron.tutorial.taking-notes","updated":1625573462190,"created":1625563944736,"parent":"678c77d9-ef2c-4537-97b5-64556d6337f1","children":[],"data":{},"contentHash":"2e1bd8343eaf1958cc433a8a807d0b15","custom":{"nav_order":1}}
