{"id":"50071eda-fc46-4aca-ba6c-9d53db00d068","title":"Release Notes(version 0.11)","vault":{"fsPath":"vault","name":"dendron.dendron-site"},"type":"note","desc":"","links":[{"type":"wiki","from":{"fname":"dendron.release.2020-09-13","id":"50071eda-fc46-4aca-ba6c-9d53db00d068","vaultName":"dendron.dendron-site"},"value":"dendron.topic.snippets","alias":"snippets","position":{"start":{"line":15,"column":127,"offset":853},"end":{"line":15,"column":162,"offset":888},"indent":[]},"xvault":false,"to":{"fname":"dendron.topic.snippets"}},{"type":"wiki","from":{"fname":"dendron.release.2020-09-13","id":"50071eda-fc46-4aca-ba6c-9d53db00d068","vaultName":"dendron.dendron-site"},"value":"dendron.community.showcase","alias":"showcase","position":{"start":{"line":107,"column":95,"offset":2544},"end":{"line":107,"column":134,"offset":2583},"indent":[]},"xvault":false,"to":{"fname":"dendron.community.showcase"}},{"type":"ref","from":{"fname":"dendron.release.2020-09-13","id":"50071eda-fc46-4aca-ba6c-9d53db00d068","vaultName":"dendron.dendron-site"},"value":"dendron.topic.references","position":{"start":{"line":11,"column":1,"offset":536},"end":{"line":11,"column":43,"offset":578},"indent":[]},"xvault":false,"to":{"fname":"dendron.topic.references","anchorHeader":"summary,1:#*"}},{"type":"ref","from":{"fname":"dendron.release.2020-09-13","id":"50071eda-fc46-4aca-ba6c-9d53db00d068","vaultName":"dendron.dendron-site"},"value":"dendron.topic.cli","position":{"start":{"line":25,"column":1,"offset":1214},"end":{"line":25,"column":34,"offset":1247},"indent":[]},"xvault":false,"to":{"fname":"dendron.topic.cli","anchorHeader":"Summary:#*"}},{"type":"ref","from":{"fname":"dendron.release.2020-09-13","id":"50071eda-fc46-4aca-ba6c-9d53db00d068","vaultName":"dendron.dendron-site"},"value":"dendron.topic.commands","position":{"start":{"line":47,"column":1,"offset":1530},"end":{"line":47,"column":47,"offset":1576},"indent":[]},"xvault":false,"to":{"fname":"dendron.topic.commands","anchorHeader":"configure-pod,1:#*"}},{"type":"ref","from":{"fname":"dendron.release.2020-09-13","id":"50071eda-fc46-4aca-ba6c-9d53db00d068","vaultName":"dendron.dendron-site"},"value":"dendron.topic.publishing.configuration","position":{"start":{"line":63,"column":1,"offset":1796},"end":{"line":63,"column":63,"offset":1858},"indent":[]},"xvault":false,"to":{"fname":"dendron.topic.publishing.configuration","anchorHeader":"useprettyrefs,1:#*"}},{"type":"ref","from":{"fname":"dendron.release.2020-09-13","id":"50071eda-fc46-4aca-ba6c-9d53db00d068","vaultName":"dendron.dendron-site"},"value":"dendron.topic.publishing.configuration","position":{"start":{"line":67,"column":1,"offset":1888},"end":{"line":67,"column":57,"offset":1944},"indent":[]},"xvault":false,"to":{"fname":"dendron.topic.publishing.configuration","anchorHeader":"noindex,1:#*"}},{"type":"ref","from":{"fname":"dendron.release.2020-09-13","id":"50071eda-fc46-4aca-ba6c-9d53db00d068","vaultName":"dendron.dendron-site"},"value":"dendron.topic.references","position":{"start":{"line":82,"column":1,"offset":2106},"end":{"line":82,"column":61,"offset":2166},"indent":[]},"xvault":false,"to":{"fname":"dendron.topic.references","anchorHeader":"wildcard-header-reference,1:#*"}},{"type":"ref","from":{"fname":"dendron.release.2020-09-13","id":"50071eda-fc46-4aca-ba6c-9d53db00d068","vaultName":"dendron.dendron-site"},"value":"pkg.dendron-snippet-maker","position":{"start":{"line":97,"column":1,"offset":2327},"end":{"line":97,"column":31,"offset":2357},"indent":[]},"xvault":false,"to":{"fname":"pkg.dendron-snippet-maker"}}],"anchors":{"summary":{"type":"header","value":"summary","line":12,"column":0},"cli":{"type":"header","value":"cli","line":26,"column":0},"release-dendron-cli":{"type":"header","value":"release-dendron-cli","line":28,"column":0},"enhancements":{"type":"header","value":"enhancements","line":34,"column":0},"fixes":{"type":"header","value":"fixes","line":40,"column":0},"notes":{"type":"header","value":"notes","line":44,"column":0},"new-note-from-selection-cmd":{"type":"header","value":"new-note-from-selection-cmd","line":46,"column":0},"pods":{"type":"header","value":"pods","line":50,"column":0},"add-configure-pod-command":{"type":"header","value":"add-configure-pod-command","line":52,"column":0},"enhancements-1":{"type":"header","value":"enhancements-1","line":56,"column":0},"fixes-1":{"type":"header","value":"fixes-1","line":62,"column":0},"publishing":{"type":"header","value":"publishing","line":66,"column":0},"published-sites-use-pretty-refs":{"type":"header","value":"published-sites-use-pretty-refs","line":68,"column":0},"support-noindex-option":{"type":"header","value":"support-noindex-option","line":72,"column":0},"enhancements-2":{"type":"header","value":"enhancements-2","line":76,"column":0},"fixes-2":{"type":"header","value":"fixes-2","line":80,"column":0},"refs":{"type":"header","value":"refs","line":85,"column":0},"support-wildcard-refs":{"type":"header","value":"support-wildcard-refs","line":87,"column":0},"enhancements-3":{"type":"header","value":"enhancements-3","line":91,"column":0},"fixes-3":{"type":"header","value":"fixes-3","line":96,"column":0},"workbench":{"type":"header","value":"workbench","line":100,"column":0},"dendron-snippet-maker":{"type":"header","value":"dendron-snippet-maker","line":102,"column":0},"enhancements-4":{"type":"header","value":"enhancements-4","line":106,"column":0},"community-announcements":{"type":"header","value":"community-announcements","line":110,"column":0},"planters":{"type":"header","value":"planters","line":112,"column":0},"thank-you":{"type":"header","value":"thank-you","line":120,"column":0}},"fname":"dendron.release.2020-09-13","updated":1616949890224,"created":1596374871110,"parent":"932534e7-e788-4fdb-bc8c-eaf761992a8d","children":[],"data":{},"contentHash":"df54ec771bf9b73b407105319d7465ab","custom":{"date":"2020-09-13"}}
