{"id":"529fb02a-3ca9-4fbc-bcba-9435f8d13e89","title":"Backlog","vault":{"fsPath":"vault","name":"dendron.dendron-site"},"type":"note","desc":"","links":[],"anchors":{},"fname":"dendron.roadmap.project.n.backlog","updated":1602132400901,"created":1602132400901,"parent":"167bd57c-fb54-4a71-85b2-c26ba6df29fc","children":["61833b7d-1cfe-4500-b78d-b30962a906cd","a4252774-0c08-4bca-a1b5-b6f369908aeb","533857a4-3dcb-478e-9877-5ab7f94ed6e6","c3800271-dd56-46fb-8de7-e850f3c006b7"],"data":{},"contentHash":"fa18ba2dde96b31ba393ee48c7b80dd2","custom":{"stub":false}}
