{"id":"533857a4-3dcb-478e-9877-5ab7f94ed6e6","title":"Mindmap View","vault":{"fsPath":"vault","name":"dendron.dendron-site"},"type":"note","desc":"","links":[],"anchors":{"goals":{"type":"header","value":"goals","line":7,"column":0},"use-case":{"type":"header","value":"use-case","line":11,"column":0},"details":{"type":"header","value":"details","line":16,"column":0},"proposal":{"type":"header","value":"proposal","line":20,"column":0},"organising-the-information-connected-to-a-node-in-a-semantic-and-legible-manner":{"type":"header","value":"organising-the-information-connected-to-a-node-in-a-semantic-and-legible-manner","line":24,"column":0},"activating-mindmap-view":{"type":"header","value":"activating-mindmap-view","line":28,"column":0},"indication-of-related-note":{"type":"header","value":"indication-of-related-note","line":32,"column":0},"creation-of-new-child-notes-by-clicking":{"type":"header","value":"creation-of-new-child-notes-by-clicking","line":36,"column":0},"schema-visualisation":{"type":"header","value":"schema-visualisation","line":40,"column":0},"expanding-scope-of-mindmap-focus":{"type":"header","value":"expanding-scope-of-mindmap-focus","line":44,"column":0},"configuration-options":{"type":"header","value":"configuration-options","line":48,"column":0},"questions":{"type":"header","value":"questions","line":52,"column":0},"what-is-the-difference-between-this-and-dendrons-graph-view":{"type":"header","value":"what-is-the-difference-between-this-and-dendrons-graph-view","line":54,"column":0},"resources":{"type":"header","value":"resources","line":60,"column":0}},"fname":"dendron.roadmap.project.n.backlog.mindmap-view","updated":1603636828393,"created":1603426485399,"parent":"529fb02a-3ca9-4fbc-bcba-9435f8d13e89","children":[],"data":{},"contentHash":"b9d366fe63c262b769deca92a5216fa9","custom":{}}
