{"id":"53dd4b9b-d3a7-4398-9511-b7a281039f9d","title":"Dendron Publishing","vault":{"fsPath":"vault","name":"dendron.dendron-site"},"type":"note","desc":"","links":[{"from":{"fname":"dendron.topic.vaults.multi-vault","vaultName":"dendron.dendron-site"},"type":"backlink","position":{"start":{"line":59,"column":71,"offset":2590},"end":{"line":59,"column":110,"offset":2629},"indent":[]},"value":"pkg.dendron-publishing"}],"anchors":{"repo":{"type":"header","value":"repo","line":8,"column":0},"cook":{"type":"header","value":"cook","line":12,"column":0}},"fname":"pkg.dendron-publishing","updated":1615999527801,"created":1608181727204,"parent":"32cdd4aa-d9f6-4582-8d0c-07f64a00299b","children":[],"data":{},"contentHash":"8a6ed5688604e4f18275507103728519","custom":{}}
