{"id":"53de5c1e-b20c-4adc-ae48-e1659ecc6d13","title":"Quickstart","vault":{"fsPath":"vault","name":"dendron.dendron-site"},"type":"note","desc":"","links":[{"type":"wiki","from":{"fname":"dendron.topic.managed-publishing.quickstart","id":"53de5c1e-b20c-4adc-ae48-e1659ecc6d13","vaultName":"dendron.dendron-site"},"value":"dendron.rfc.2-managed-publishing.ref.github-token","alias":"personal access token","position":{"start":{"line":11,"column":12,"offset":434},"end":{"line":11,"column":87,"offset":509},"indent":[]},"xvault":false,"to":{"fname":"dendron.rfc.2-managed-publishing.ref.github-token"}},{"from":{"fname":"dendron.release.changelog.0-2-x","vaultName":"dendron.dendron-site"},"type":"backlink","position":{"start":{"line":51,"column":33,"offset":1579},"end":{"line":51,"column":85,"offset":1631},"indent":[]},"value":"dendron.topic.managed-publishing.quickstart"},{"from":{"fname":"dendron.release.changelog.0-3-x","vaultName":"dendron.dendron-site"},"type":"backlink","position":{"start":{"line":298,"column":121,"offset":8750},"end":{"line":298,"column":206,"offset":8835},"indent":[]},"value":"dendron.topic.managed-publishing.quickstart"},{"from":{"fname":"dendron.topic.managed-publishing.advanced","vaultName":"dendron.dendron-site"},"type":"backlink","position":{"start":{"line":9,"column":51,"offset":266},"end":{"line":9,"column":130,"offset":345},"indent":[]},"value":"dendron.topic.managed-publishing.quickstart"},{"from":{"fname":"dendron.topic.managed-publishing.advanced","vaultName":"dendron.dendron-site"},"type":"backlink","position":{"start":{"line":36,"column":51,"offset":2042},"end":{"line":36,"column":130,"offset":2121},"indent":[]},"value":"dendron.topic.managed-publishing.quickstart"},{"from":{"fname":"dendron.topic.managed-publishing.advanced","vaultName":"dendron.dendron-site"},"type":"backlink","position":{"start":{"line":65,"column":4,"offset":3666},"end":{"line":65,"column":81,"offset":3743},"indent":[]},"value":"dendron.topic.managed-publishing.quickstart"}],"anchors":{"pre-requisites":{"type":"header","value":"pre-requisites","line":8,"column":0},"creating-a-site":{"type":"header","value":"creating-a-site","line":13,"column":0},"fine-print":{"type":"header","value":"fine-print","line":23,"column":0},"limitations":{"type":"header","value":"limitations","line":26,"column":0},"deleting-a-site":{"type":"header","value":"deleting-a-site","line":33,"column":0}},"fname":"dendron.topic.managed-publishing.quickstart","updated":1615431751689,"created":1613009015603,"parent":"a6b9c043-7713-48ea-b826-50d003e3e21f","children":[],"data":{},"contentHash":"3a216d36d10264d799c370812b941de0","custom":{}}
