{"id":"55080702-eabb-4433-89b7-c51be5391398","title":"16","vault":{"fsPath":"vault","name":"dendron.dendron-site"},"type":"note","desc":"","links":[],"anchors":{"16-may":{"type":"header","value":"16-may","line":8,"column":0},"company-updates":{"type":"header","value":"company-updates","line":10,"column":0},"minutes":{"type":"header","value":"minutes","line":22,"column":0}},"fname":"dendron.community.office-hours.2021.05.16","updated":1621280175033,"created":1621280158846,"parent":"8fade289-92bf-4f8b-a58a-74d91c3d6655","children":[],"data":{},"contentHash":"b9f1bf06dbc7a8187bff97460bc4c3a4","custom":{}}
