{"id":"554d3c62-29da-4c86-9d16-f910e36ad7b1","title":"Dendron API Server","vault":{"fsPath":"vault","name":"dendron.dendron-site"},"type":"note","desc":"","links":[{"type":"wiki","from":{"fname":"pkg.dendron-api-server","id":"554d3c62-29da-4c86-9d16-f910e36ad7b1","vaultName":"dendron.dendron-site"},"value":"pkg.dendron-cli","alias":"Dendron CLI","position":{"start":{"line":4,"column":103,"offset":115},"end":{"line":4,"column":134,"offset":146},"indent":[]},"xvault":false,"to":{"fname":"pkg.dendron-cli"}},{"type":"wiki","from":{"fname":"pkg.dendron-api-server","id":"554d3c62-29da-4c86-9d16-f910e36ad7b1","vaultName":"dendron.dendron-site"},"value":"pkg.dendron-plugin","alias":"Dendron Plugin","position":{"start":{"line":4,"column":142,"offset":154},"end":{"line":4,"column":179,"offset":191},"indent":[]},"xvault":false,"to":{"fname":"pkg.dendron-plugin"}},{"type":"wiki","from":{"fname":"pkg.dendron-api-server","id":"554d3c62-29da-4c86-9d16-f910e36ad7b1","vaultName":"dendron.dendron-site"},"value":"pkg.dendron-api-server.dev","alias":"Dev","position":{"start":{"line":6,"column":1,"offset":194},"end":{"line":6,"column":35,"offset":228},"indent":[]},"xvault":false,"to":{"fname":"pkg.dendron-api-server.dev"}},{"from":{"fname":"pkg","vaultName":"dendron.dendron-site"},"type":"backlink","position":{"start":{"line":14,"column":5,"offset":378},"end":{"line":14,"column":50,"offset":423},"indent":[]},"value":"pkg.dendron-api-server"},{"from":{"fname":"dendron.dev.debug","vaultName":"dendron.dendron-site"},"type":"backlink","position":{"start":{"line":4,"column":147,"offset":159},"end":{"line":4,"column":192,"offset":204},"indent":[]},"value":"pkg.dendron-api-server"},{"from":{"fname":"pkg.dendron-next-server.arch","vaultName":"dendron.dendron-site"},"type":"backlink","position":{"start":{"line":51,"column":234,"offset":3155},"end":{"line":51,"column":260,"offset":3181},"indent":[]},"value":"pkg.dendron-api-server"}],"anchors":{"summary":{"type":"header","value":"summary","line":8,"column":0}},"fname":"pkg.dendron-api-server","updated":1626915697727,"created":1606628243560,"parent":"32cdd4aa-d9f6-4582-8d0c-07f64a00299b","children":["fqVcwvX5aNSdr7De","2d8ae0e1-514a-4058-b394-d671b0296a74","767852dd-8e11-4e17-a68d-ae3e73811b1c","unRqfj6tOIWvcfhf"],"data":{},"contentHash":"45e37f4377a641fc15f742f19a09dfaa","custom":{}}
