{"id":"55577c37-0943-44e7-9c85-c0327bdc9212","title":"Plan","vault":{"fsPath":"vault","name":"dendron.dendron-site"},"type":"note","desc":"","links":[{"type":"wiki","from":{"fname":"dendron.rfc.7-graph-rework.plan","id":"55577c37-0943-44e7-9c85-c0327bdc9212","vaultName":"dendron.dendron-site"},"value":"dendron.rfc.5-publishing-registry","alias":"RFC 5","position":{"start":{"line":30,"column":67,"offset":704},"end":{"line":30,"column":110,"offset":747},"indent":[]},"xvault":false,"to":{"fname":"dendron.rfc.5-publishing-registry"}},{"type":"wiki","from":{"fname":"dendron.rfc.7-graph-rework.plan","id":"55577c37-0943-44e7-9c85-c0327bdc9212","vaultName":"dendron.dendron-site"},"value":"dendron.rfc.7-graph-rework.design","alias":"Better Graph View – Design","position":{"start":{"line":42,"column":3,"offset":821},"end":{"line":42,"column":67,"offset":885},"indent":[]},"xvault":false,"to":{"fname":"dendron.rfc.7-graph-rework.design"}},{"type":"wiki","from":{"fname":"dendron.rfc.7-graph-rework.plan","id":"55577c37-0943-44e7-9c85-c0327bdc9212","vaultName":"dendron.dendron-site"},"value":"dendron.rfc.7-graph-rework","alias":"7 Graph Rework","position":{"start":{"line":43,"column":3,"offset":888},"end":{"line":43,"column":48,"offset":933},"indent":[]},"xvault":false,"to":{"fname":"dendron.rfc.7-graph-rework"}},{"type":"ref","from":{"fname":"dendron.rfc.7-graph-rework.plan","id":"55577c37-0943-44e7-9c85-c0327bdc9212","vaultName":"dendron.dendron-site"},"value":"dendron.rfc.7-graph-rework.design","position":{"start":{"line":4,"column":1,"offset":11},"end":{"line":4,"column":55,"offset":65},"indent":[]},"xvault":false,"to":{"fname":"dendron.rfc.7-graph-rework.design","anchorHeader":"Summary:#Lookup"}}],"anchors":{"goals":{"type":"header","value":"goals","line":9,"column":0},"core-functionality":{"type":"header","value":"core-functionality","line":13,"column":0},"secondary-functionality":{"type":"header","value":"secondary-functionality","line":24,"column":0},"stretch-goals":{"type":"header","value":"stretch-goals","line":30,"column":0},"success-criteria":{"type":"header","value":"success-criteria","line":41,"column":0},"tasks":{"type":"header","value":"tasks","line":43,"column":0},"pin":{"type":"header","value":"pin","line":45,"column":0},"notes":{"type":"header","value":"notes","line":52,"column":0}},"fname":"dendron.rfc.7-graph-rework.plan","updated":1621888788892,"created":1619793470844,"parent":"c998c642-a748-4f77-9285-cfec35330251","children":[],"data":{},"contentHash":"6bd5e780b32959e09eed1b18f0d058eb","custom":{"issue":692}}
