{"id":"56959137-a6d5-4858-be19-91dde51f0af9","title":"Arch","vault":{"fsPath":"vault","name":"dendron.dendron-site"},"type":"note","desc":"","links":[],"anchors":{"summary":{"type":"header","value":"summary","line":9,"column":0},"public":{"type":"header","value":"public","line":12,"column":0},"private":{"type":"header","value":"private","line":15,"column":0}},"fname":"pkg.api-publish.arch","updated":1623087017517,"created":1623086873287,"parent":"zq1kGHyQ9ZnrFGMn","children":[],"data":{},"contentHash":"e4d65bfe10dc56eac0cb273e5e44ca0d","custom":{}}
