{"id":"56f29f63-9803-4870-979d-c795c36e2bcb","title":"Tags","vault":{"fsPath":"vault","name":"dendron.dendron-site"},"type":"note","desc":"","links":[],"anchors":{"status":{"type":"header","value":"status","line":19,"column":0},"size":{"type":"header","value":"size","line":23,"column":0}},"fname":"dendron.scratch.2020.11.13-123350","updated":1605585526413,"created":1605299633017,"parent":"9f30ca08-965e-4896-ae74-d151d101bd18","children":[],"data":{},"contentHash":"0651c5fa527991340e4b6f47061a35a9","custom":{}}
