{"id":"579e379b-3eca-4676-b51c-c66eb26a11b8","title":"Publishing","vault":{"fsPath":"vault","name":"dendron.dendron-site"},"type":"note","desc":"","links":[{"from":{"fname":"dendron.release.2020-08-02","vaultName":"dendron.dendron-site"},"type":"backlink","position":{"start":{"line":24,"column":70,"offset":1390},"end":{"line":24,"column":106,"offset":1426},"indent":[]},"value":"dendron.topic.publishing"},{"from":{"fname":"dendron.release.2020-09-06","vaultName":"dendron.dendron-site"},"type":"backlink","position":{"start":{"line":51,"column":52,"offset":3269},"end":{"line":51,"column":85,"offset":3302},"indent":[]},"value":"dendron.topic.publishing"},{"from":{"fname":"dendron.release.2020-09-06","vaultName":"dendron.dendron-site"},"type":"backlink","position":{"start":{"line":73,"column":32,"offset":4230},"end":{"line":73,"column":65,"offset":4263},"indent":[]},"value":"dendron.topic.publishing"},{"from":{"fname":"dendron.release.2020-09-06","vaultName":"dendron.dendron-site"},"type":"backlink","position":{"start":{"line":79,"column":21,"offset":4520},"end":{"line":79,"column":54,"offset":4553},"indent":[]},"value":"dendron.topic.publishing"},{"from":{"fname":"dendron.release.2020-12-28","vaultName":"dendron.dendron-site"},"type":"backlink","position":{"start":{"line":3,"column":35,"offset":59},"end":{"line":3,"column":77,"offset":101},"indent":[]},"value":"dendron.topic.publishing"},{"from":{"fname":"dendron.release.2021-01-18","vaultName":"dendron.dendron-site"},"type":"backlink","position":{"start":{"line":13,"column":3,"offset":388},"end":{"line":13,"column":42,"offset":427},"indent":[]},"value":"dendron.topic.publishing"},{"from":{"fname":"dendron.release.2021-01-18","vaultName":"dendron.dendron-site"},"type":"backlink","position":{"start":{"line":14,"column":43,"offset":505},"end":{"line":14,"column":85,"offset":547},"indent":[]},"value":"dendron.topic.publishing"},{"from":{"fname":"dendron.topic.commands","vaultName":"dendron.dendron-site"},"type":"backlink","position":{"start":{"line":542,"column":70,"offset":17021},"end":{"line":542,"column":106,"offset":17057},"indent":[]},"value":"dendron.topic.publishing"},{"from":{"fname":"dendron.topic.links","vaultName":"dendron.dendron-site"},"type":"backlink","position":{"start":{"line":34,"column":10,"offset":1686},"end":{"line":34,"column":46,"offset":1722},"indent":[]},"value":"dendron.topic.publishing"},{"from":{"fname":"dendron.topic.references","vaultName":"dendron.dendron-site"},"type":"backlink","position":{"start":{"line":223,"column":10,"offset":6745},"end":{"line":223,"column":46,"offset":6781},"indent":[]},"value":"dendron.topic.publishing"},{"from":{"fname":"dendron.workflows.cache","vaultName":"dendron.dendron-site"},"type":"backlink","position":{"start":{"line":30,"column":7,"offset":1371},"end":{"line":30,"column":52,"offset":1416},"indent":[]},"value":"dendron.topic.publishing"}],"anchors":{},"fname":"dendron.topic.publishing","updated":1614547010717,"created":1613935381533,"parent":"7a7af2fa-b9d0-4adc-81e6-f03186123539","children":["e9f26a4b-ddce-41b3-9619-8f4f64761f86","6d21fd60-e564-4a55-b4c0-d2586293b908","e1b84d7e-9b0d-4616-917f-f3af1e7541b0","e4ea4fe3-0350-492e-863a-687d9fc15993","f2ed8639-a604-4a9d-b76c-41e205fb8713","1d9c4d11-1536-449b-af6b-a4a1acb203e4","5a529992-0c62-4291-81df-550638f06a46","2fe96d3a-dcf9-409b-8a09-fdaa5a664433","877f4347-f013-43ba-aec4-87412b2e1bec","fd26b3ef-7978-41c9-8f45-4c4f8414951d","491cafdd-d4bf-4c6a-9f95-532af4666828","5f23182f-2936-4790-8d04-00bd502df723","861e4e48-dcc5-4813-a695-8940ba6e64d3","c93938a4-0938-49d0-aca2-00e624793650","5ca2fe99-0abc-413d-aa06-50f9a66e13e0"],"data":{},"contentHash":"137b5c318b254dbd334916266c0b4a7b","custom":{},"schema":{"schemaId":"topic","moduleId":"dendron"}}
