{"id":"582157ea-fdea-475f-9ae3-5b79d790f371","title":"Graph Rendering","vault":{"fsPath":"vault","name":"dendron.dendron-site"},"type":"note","desc":"","links":[{"from":{"fname":"dendron.rfc.7-graph-rework","vaultName":"dendron.dendron-site"},"type":"backlink","position":{"start":{"line":51,"column":4,"offset":1376},"end":{"line":51,"column":66,"offset":1438},"indent":[]},"value":"dendron.rfc.7-graph-rework.graph-rendering"}],"anchors":{},"fname":"dendron.rfc.7-graph-rework.graph-rendering","updated":1618215172334,"created":1615194017208,"parent":"c998c642-a748-4f77-9285-cfec35330251","children":[],"data":{},"contentHash":"be7028bf01bbc4f3abc3680929ed8fe4","custom":{}}
