{"id":"587e6d62-3c5b-49b0-aedc-02f62f0448e6","title":"Graph View","vault":{"fsPath":"vault","name":"dendron.dendron-site"},"type":"note","desc":"","links":[{"type":"wiki","from":{"fname":"dendron.topic.graph-view","id":"587e6d62-3c5b-49b0-aedc-02f62f0448e6","vaultName":"dendron.dendron-site"},"value":"dendron.topic.graph-view","alias":"Show Note Graph Command","position":{"start":{"line":16,"column":66,"offset":431},"end":{"line":16,"column":137,"offset":502},"indent":[]},"xvault":false,"to":{"fname":"dendron.topic.graph-view","anchorHeader":"show-note-graph-v2"}},{"type":"wiki","from":{"fname":"dendron.topic.graph-view","id":"587e6d62-3c5b-49b0-aedc-02f62f0448e6","vaultName":"dendron.dendron-site"},"value":"dendron.topic.graph-view","alias":"Show Note Graph","position":{"start":{"line":16,"column":163,"offset":528},"end":{"line":16,"column":225,"offset":590},"indent":[]},"xvault":false,"to":{"fname":"dendron.topic.graph-view","anchorHeader":"^Ev8p1L5P0IzDGjAs"}},{"type":"wiki","from":{"fname":"dendron.topic.graph-view","id":"587e6d62-3c5b-49b0-aedc-02f62f0448e6","vaultName":"dendron.dendron-site"},"value":"dendron.topic.graph-view","alias":"Show Note Graph","position":{"start":{"line":22,"column":99,"offset":741},"end":{"line":22,"column":162,"offset":804},"indent":[]},"xvault":false,"to":{"fname":"dendron.topic.graph-view","anchorHeader":"show-note-graph-v2"}},{"type":"wiki","from":{"fname":"dendron.topic.graph-view","id":"587e6d62-3c5b-49b0-aedc-02f62f0448e6","vaultName":"dendron.dendron-site"},"value":"dendron.topic.graph-view","alias":"Show Schema Graph","position":{"start":{"line":28,"column":61,"offset":905},"end":{"line":28,"column":128,"offset":972},"indent":[]},"xvault":false,"to":{"fname":"dendron.topic.graph-view","anchorHeader":"show-schema-graph-v2"}},{"type":"wiki","from":{"fname":"dendron.topic.graph-view","id":"587e6d62-3c5b-49b0-aedc-02f62f0448e6","vaultName":"dendron.dendron-site"},"value":"dendron.guides.cook","alias":"docs","position":{"start":{"line":34,"column":33,"offset":1052},"end":{"line":34,"column":88,"offset":1107},"indent":[]},"xvault":false,"to":{"fname":"dendron.guides.cook","anchorHeader":"launch-the-command-palette"}},{"type":"wiki","from":{"fname":"dendron.topic.graph-view","id":"587e6d62-3c5b-49b0-aedc-02f62f0448e6","vaultName":"dendron.dendron-site"},"value":"dendron.guides.cook","alias":"docs","position":{"start":{"line":42,"column":33,"offset":1407},"end":{"line":42,"column":88,"offset":1462},"indent":[]},"xvault":false,"to":{"fname":"dendron.guides.cook","anchorHeader":"launch-the-command-palette"}},{"type":"wiki","from":{"fname":"dendron.topic.graph-view","id":"587e6d62-3c5b-49b0-aedc-02f62f0448e6","vaultName":"dendron.dendron-site"},"value":"dendron.guides.cook","alias":"docs","position":{"start":{"line":123,"column":33,"offset":4728},"end":{"line":123,"column":88,"offset":4783},"indent":[]},"xvault":false,"to":{"fname":"dendron.guides.cook","anchorHeader":"launch-the-command-palette"}},{"type":"wiki","from":{"fname":"dendron.topic.graph-view","id":"587e6d62-3c5b-49b0-aedc-02f62f0448e6","vaultName":"dendron.dendron-site"},"value":"dendron.rfc.7-graph-rework","alias":"7 Graph Rework","position":{"start":{"line":196,"column":5,"offset":8255},"end":{"line":196,"column":50,"offset":8300},"indent":[]},"xvault":false,"to":{"fname":"dendron.rfc.7-graph-rework"}},{"from":{"fname":"dendron.release.2021-06-28","vaultName":"dendron.dendron-site"},"type":"backlink","position":{"start":{"line":17,"column":23,"offset":858},"end":{"line":17,"column":62,"offset":897},"indent":[]},"value":"dendron.topic.graph-view"},{"from":{"fname":"dendron.release.changelog","vaultName":"dendron.dendron-site"},"type":"backlink","position":{"start":{"line":309,"column":39,"offset":9903},"end":{"line":309,"column":87,"offset":9951},"indent":[]},"value":"dendron.topic.graph-view"},{"from":{"fname":"dendron.release.changelog","vaultName":"dendron.dendron-site"},"type":"backlink","position":{"start":{"line":310,"column":39,"offset":9991},"end":{"line":310,"column":86,"offset":10038},"indent":[]},"value":"dendron.topic.graph-view"},{"from":{"fname":"dendron.release.changelog","vaultName":"dendron.dendron-site"},"type":"backlink","position":{"start":{"line":155,"column":1,"offset":5144},"end":{"line":155,"column":50,"offset":5193},"indent":[]},"value":"dendron.topic.graph-view"},{"from":{"fname":"dendron.release.changelog","vaultName":"dendron.dendron-site"},"type":"backlink","position":{"start":{"line":223,"column":1,"offset":7160},"end":{"line":223,"column":83,"offset":7242},"indent":[]},"value":"dendron.topic.graph-view"},{"from":{"fname":"dendron.release.changelog","vaultName":"dendron.dendron-site"},"type":"backlink","position":{"start":{"line":416,"column":1,"offset":12803},"end":{"line":416,"column":56,"offset":12858},"indent":[]},"value":"dendron.topic.graph-view"},{"from":{"fname":"dendron.release.changelog","vaultName":"dendron.dendron-site"},"type":"backlink","position":{"start":{"line":420,"column":1,"offset":12897},"end":{"line":420,"column":50,"offset":12946},"indent":[]},"value":"dendron.topic.graph-view"},{"from":{"fname":"dendron.release.changelog","vaultName":"dendron.dendron-site"},"type":"backlink","position":{"start":{"line":457,"column":1,"offset":14014},"end":{"line":457,"column":77,"offset":14090},"indent":[]},"value":"dendron.topic.graph-view"},{"from":{"fname":"dendron.topic.frontmatter","vaultName":"dendron.dendron-site"},"type":"backlink","position":{"start":{"line":7,"column":52,"offset":451},"end":{"line":7,"column":91,"offset":490},"indent":[]},"value":"dendron.topic.graph-view"},{"from":{"fname":"dendron.topic.frontmatter","vaultName":"dendron.dendron-site"},"type":"backlink","position":{"start":{"line":28,"column":41,"offset":1671},"end":{"line":28,"column":80,"offset":1710},"indent":[]},"value":"dendron.topic.graph-view"},{"from":{"fname":"dendron.topic.graph-view","vaultName":"dendron.dendron-site"},"type":"backlink","position":{"start":{"line":16,"column":66,"offset":431},"end":{"line":16,"column":137,"offset":502},"indent":[]},"value":"dendron.topic.graph-view"},{"from":{"fname":"dendron.topic.graph-view","vaultName":"dendron.dendron-site"},"type":"backlink","position":{"start":{"line":16,"column":163,"offset":528},"end":{"line":16,"column":225,"offset":590},"indent":[]},"value":"dendron.topic.graph-view"},{"from":{"fname":"dendron.topic.graph-view","vaultName":"dendron.dendron-site"},"type":"backlink","position":{"start":{"line":22,"column":99,"offset":741},"end":{"line":22,"column":162,"offset":804},"indent":[]},"value":"dendron.topic.graph-view"},{"from":{"fname":"dendron.topic.graph-view","vaultName":"dendron.dendron-site"},"type":"backlink","position":{"start":{"line":28,"column":61,"offset":905},"end":{"line":28,"column":128,"offset":972},"indent":[]},"value":"dendron.topic.graph-view"},{"from":{"fname":"dendron.topic.config.dendron","vaultName":"dendron.dendron-site"},"type":"backlink","position":{"start":{"line":162,"column":1,"offset":4402},"end":{"line":162,"column":42,"offset":4443},"indent":[]},"value":"dendron.topic.graph-view"}],"anchors":{"summary":{"type":"header","value":"summary","line":9,"column":0},"types":{"type":"header","value":"types","line":17,"column":0},"note-graph":{"type":"header","value":"note-graph","line":19,"column":0},"full-note-graph":{"type":"header","value":"full-note-graph","line":21,"column":0},"local-note-graph":{"type":"header","value":"local-note-graph","line":27,"column":0},"schema-graph":{"type":"header","value":"schema-graph","line":33,"column":0},"commands":{"type":"header","value":"commands","line":37,"column":0},"show-note-graph-v2":{"type":"header","value":"show-note-graph-v2","line":39,"column":0},"show-schema-graph-v2":{"type":"header","value":"show-schema-graph-v2","line":47,"column":0},"filter-view":{"type":"header","value":"filter-view","line":57,"column":0},"vaults":{"type":"header","value":"vaults","line":61,"column":0},"connections":{"type":"header","value":"connections","line":65,"column":0},"filter":{"type":"header","value":"filter","line":70,"column":0},"string-filters":{"type":"header","value":"string-filters","line":74,"column":0},"other-filters":{"type":"header","value":"other-filters","line":88,"column":0},"options":{"type":"header","value":"options","line":92,"column":0},"information":{"type":"header","value":"information","line":99,"column":0},"config":{"type":"header","value":"config","line":107,"column":0},"zoom-speed":{"type":"header","value":"zoom-speed","line":118,"column":0},"custom-styling":{"type":"header","value":"custom-styling","line":124,"column":0},"adding-styles":{"type":"header","value":"adding-styles","line":128,"column":0},"selectors":{"type":"header","value":"selectors","line":134,"column":0},"style-properties":{"type":"header","value":"style-properties","line":155,"column":0},"styling-nodes":{"type":"header","value":"styling-nodes","line":157,"column":0},"styling-node-labels":{"type":"header","value":"styling-node-labels","line":171,"column":0},"styling-edges":{"type":"header","value":"styling-edges","line":182,"column":0},"troubleshooting":{"type":"header","value":"troubleshooting","line":193,"column":0},"rfcs":{"type":"header","value":"rfcs","line":201,"column":0},"^Ev8p1L5P0IzDGjAs":{"type":"block","value":"Ev8p1L5P0IzDGjAs","line":94,"column":160}},"fname":"dendron.topic.graph-view","updated":1627619149272,"created":1595120707814,"parent":"7a7af2fa-b9d0-4adc-81e6-f03186123539","children":[],"data":{},"contentHash":"5808cc39b93e2f6f7b0b62b311b4b04a","custom":{"stub":false},"schema":{"schemaId":"topic","moduleId":"dendron"}}
