{"id":"593206ea-5658-4874-bafd-18a138870f91","title":"Todos","vault":{"fsPath":"vault","name":"dendron.dendron-site"},"type":"note","desc":"","links":[{"type":"wiki","from":{"fname":"dendron.workflows.todos","id":"593206ea-5658-4874-bafd-18a138870f91","vaultName":"dendron.dendron-site"},"value":"dendron.topic.special-notes","alias":"journal notes","position":{"start":{"line":59,"column":9,"offset":1236},"end":{"line":59,"column":54,"offset":1281},"indent":[]},"xvault":false,"to":{"fname":"dendron.topic.special-notes"}},{"type":"wiki","from":{"fname":"dendron.workflows.todos","id":"593206ea-5658-4874-bafd-18a138870f91","vaultName":"dendron.dendron-site"},"value":"dendron.topic.snippets","alias":"snippets","position":{"start":{"line":60,"column":9,"offset":1316},"end":{"line":60,"column":44,"offset":1351},"indent":[]},"xvault":false,"to":{"fname":"dendron.topic.snippets"}},{"type":"wiki","from":{"fname":"dendron.workflows.todos","id":"593206ea-5658-4874-bafd-18a138870f91","vaultName":"dendron.dendron-site"},"value":"dendron.topic.special-notes","alias":"scratch notes","position":{"start":{"line":61,"column":9,"offset":1382},"end":{"line":61,"column":54,"offset":1427},"indent":[]},"xvault":false,"to":{"fname":"dendron.topic.special-notes"}},{"type":"ref","from":{"fname":"dendron.workflows.todos","id":"593206ea-5658-4874-bafd-18a138870f91","vaultName":"dendron.dendron-site"},"value":"dendron.guides.tips","position":{"start":{"line":53,"column":1,"offset":1079},"end":{"line":53,"column":43,"offset":1121},"indent":[]},"xvault":false,"to":{"fname":"dendron.guides.tips","anchorHeader":"moving-lines,1:#*"}}],"anchors":{"snippets":{"type":"header","value":"snippets","line":8,"column":0},"interactive-checkboxes":{"type":"header","value":"interactive-checkboxes","line":12,"column":0},"general-workflows":{"type":"header","value":"general-workflows","line":16,"column":0},"inside-the-checkbox":{"type":"header","value":"inside-the-checkbox","line":20,"column":0},"kanban-based":{"type":"header","value":"kanban-based","line":33,"column":0},"tag-based":{"type":"header","value":"tag-based","line":48,"column":0},"reordering-tasks":{"type":"header","value":"reordering-tasks","line":58,"column":0},"kevins-workflow":{"type":"header","value":"kevins-workflow","line":62,"column":0},"example-of-a-daily-journal-note":{"type":"header","value":"example-of-a-daily-journal-note","line":75,"column":0},"resources":{"type":"header","value":"resources","line":127,"column":0},"other-resources":{"type":"header","value":"other-resources","line":166,"column":0}},"fname":"dendron.workflows.todos","updated":1616692663207,"created":1596566533712,"parent":"9313b845-d9bf-42c9-aad1-0da34794ce26","children":[],"data":{},"contentHash":"085c433ed82a5f22abb66d7377d6a611","custom":{"stub":false}}
