{"id":"59c41809-f3e9-457a-8b2c-7daecf7d338f","title":"Setup","vault":{"fsPath":"vault","name":"dendron.dendron-site"},"type":"note","desc":"","links":[],"anchors":{"checkout-the-projects":{"type":"header","value":"checkout-the-projects","line":9,"column":0},"setup":{"type":"header","value":"setup","line":15,"column":0}},"fname":"pkg.dendron-preview.setup","updated":1619280911055,"created":1611516198276,"parent":"92df74a7-39e7-453a-b940-013f3a48f513","children":[],"data":{},"contentHash":"facccd13eeff806938f25512fc725fbf","custom":{}}
