{"id":"5a529992-0c62-4291-81df-550638f06a46","title":"FAQ","vault":{"fsPath":"vault","name":"dendron.dendron-site"},"type":"note","desc":"","links":[{"type":"wiki","from":{"fname":"dendron.topic.publishing.faq","id":"5a529992-0c62-4291-81df-550638f06a46","vaultName":"dendron.dendron-site"},"value":"dendron.topic.publishing.selective-publication","alias":"here","position":{"start":{"line":3,"column":130,"offset":164},"end":{"line":3,"column":185,"offset":219},"indent":[]},"xvault":false,"to":{"fname":"dendron.topic.publishing.selective-publication"}},{"type":"wiki","from":{"fname":"dendron.topic.publishing.faq","id":"5a529992-0c62-4291-81df-550638f06a46","vaultName":"dendron.dendron-site"},"value":"dendron.community.showcase","alias":"here","position":{"start":{"line":8,"column":171,"offset":465},"end":{"line":8,"column":206,"offset":500},"indent":[]},"xvault":false,"to":{"fname":"dendron.community.showcase"}},{"from":{"fname":"dendron.faq","vaultName":"dendron.dendron-site"},"type":"backlink","position":{"start":{"line":247,"column":1,"offset":17716},"end":{"line":247,"column":65,"offset":17780},"indent":[]},"value":"dendron.topic.publishing.faq"}],"anchors":{"why-am-i-taken-to-a-403-page":{"type":"header","value":"why-am-i-taken-to-a-403-page","line":7,"column":0},"is-publishing-free":{"type":"header","value":"is-publishing-free","line":12,"column":0}},"fname":"dendron.topic.publishing.faq","updated":1624896399029,"created":1609883599513,"parent":"579e379b-3eca-4676-b51c-c66eb26a11b8","children":[],"data":{},"contentHash":"7ca1933fab0129da714a9c8e2d6decad","custom":{}}
