{"id":"5a7103be-eb92-4380-8207-598e9f10724c","title":"Dendron Engine","vault":{"fsPath":"vault","name":"dendron.dendron-site"},"type":"note","desc":"","links":[{"type":"wiki","from":{"fname":"pkg.dendron-engine","id":"5a7103be-eb92-4380-8207-598e9f10724c","vaultName":"dendron.dendron-site"},"value":"dendron.roadmap.project.n.2020.server-migration","alias":"Server Migration","position":{"start":{"line":58,"column":3,"offset":1002},"end":{"line":58,"column":71,"offset":1070},"indent":[]},"xvault":false,"to":{"fname":"dendron.roadmap.project.n.2020.server-migration"}},{"from":{"fname":"pkg","vaultName":"dendron.dendron-site"},"type":"backlink","position":{"start":{"line":9,"column":5,"offset":172},"end":{"line":9,"column":42,"offset":209},"indent":[]},"value":"pkg.dendron-engine"},{"from":{"fname":"pkg.utilities","vaultName":"dendron.dendron-site"},"type":"backlink","position":{"start":{"line":35,"column":1,"offset":560},"end":{"line":35,"column":70,"offset":629},"indent":[]},"value":"pkg.dendron-engine"},{"from":{"fname":"dendron.ref.layout","vaultName":"dendron.dendron-site"},"type":"backlink","position":{"start":{"line":27,"column":30,"offset":418},"end":{"line":27,"column":67,"offset":455},"indent":[]},"value":"pkg.dendron-engine"},{"from":{"fname":"pkg.dendron-next-server.arch","vaultName":"dendron.dendron-site"},"type":"backlink","position":{"start":{"line":27,"column":81,"offset":1187},"end":{"line":27,"column":118,"offset":1224},"indent":[]},"value":"pkg.dendron-engine"},{"from":{"fname":"dendron.rfc.10-blocks.vscode-integration","vaultName":"dendron.dendron-site"},"type":"backlink","position":{"start":{"line":10,"column":45,"offset":230},"end":{"line":10,"column":82,"offset":267},"indent":[]},"value":"pkg.dendron-engine"}],"anchors":{"components":{"type":"header","value":"components","line":9,"column":0},"fusejs":{"type":"header","value":"fusejs","line":11,"column":0},"utilities":{"type":"header","value":"utilities","line":16,"column":0},"cook":{"type":"header","value":"cook","line":20,"column":0},"tune-search-results":{"type":"header","value":"tune-search-results","line":22,"column":0},"related":{"type":"header","value":"related","line":62,"column":0}},"fname":"pkg.dendron-engine","updated":1620336498315,"created":1605108924902,"parent":"32cdd4aa-d9f6-4582-8d0c-07f64a00299b","children":["OgTpx0yTeqt22mM3","ebf58a4a-18f8-498d-95eb-04d856c0a000","1bce1c33-c14b-4e5e-b493-45683c8cf54f","26be950a-eaf3-4684-bddd-64be52273b73","446723ba-c310-4302-a651-df14ce6e002b","60fbcc05-df2a-44a2-aa0e-cdd62c2557b6","FvJRxzK5GP2GNKpO","K4TeRRgBFssIFQPPjUh4W"],"data":{},"contentHash":"07402b50587cb5c424920e1ad8c4603d","custom":{}}
