{"id":"5c213aa6-e4ba-49e8-85c5-1bdcb33ce202","title":"Special Notes","vault":{"fsPath":"vault","name":"dendron.dendron-site"},"type":"note","desc":"","links":[{"from":{"fname":"dendron.workflows.bullet-journal","vaultName":"dendron.dendron-site"},"type":"backlink","position":{"start":{"line":12,"column":1,"offset":433},"end":{"line":12,"column":52,"offset":484},"indent":[]},"value":"dendron.topic.special-notes"},{"from":{"fname":"dendron.workflows.todos","vaultName":"dendron.dendron-site"},"type":"backlink","position":{"start":{"line":59,"column":9,"offset":1236},"end":{"line":59,"column":54,"offset":1281},"indent":[]},"value":"dendron.topic.special-notes"},{"from":{"fname":"dendron.workflows.todos","vaultName":"dendron.dendron-site"},"type":"backlink","position":{"start":{"line":61,"column":9,"offset":1382},"end":{"line":61,"column":54,"offset":1427},"indent":[]},"value":"dendron.topic.special-notes"},{"from":{"fname":"dendron.rfc.13.todo-notes","vaultName":"dendron.dendron-site"},"type":"backlink","position":{"start":{"line":8,"column":78,"offset":140},"end":{"line":8,"column":135,"offset":197},"indent":[]},"value":"dendron.topic.special-notes"},{"from":{"fname":"dendron.rfc.13.todo-notes","vaultName":"dendron.dendron-site"},"type":"backlink","position":{"start":{"line":34,"column":100,"offset":959},"end":{"line":34,"column":144,"offset":1003},"indent":[]},"value":"dendron.topic.special-notes"},{"from":{"fname":"dendron.rfc.13.todo-notes","vaultName":"dendron.dendron-site"},"type":"backlink","position":{"start":{"line":56,"column":59,"offset":1990},"end":{"line":56,"column":118,"offset":2049},"indent":[]},"value":"dendron.topic.special-notes"},{"from":{"fname":"dendron.topic.config.dendron","vaultName":"dendron.dendron-site"},"type":"backlink","position":{"start":{"line":154,"column":64,"offset":4281},"end":{"line":154,"column":123,"offset":4340},"indent":[]},"value":"dendron.topic.special-notes"},{"from":{"fname":"dendron.topic.config.vscode-config","vaultName":"dendron.dendron-site"},"type":"backlink","position":{"start":{"line":54,"column":64,"offset":1329},"end":{"line":54,"column":123,"offset":1388},"indent":[]},"value":"dendron.topic.special-notes"},{"from":{"fname":"dendron.topic.lookup.create","vaultName":"dendron.dendron-site"},"type":"backlink","position":{"start":{"line":9,"column":60,"offset":350},"end":{"line":9,"column":115,"offset":405},"indent":[]},"value":"dendron.topic.special-notes"}],"anchors":{"daily-journal":{"type":"header","value":"daily-journal","line":11,"column":0},"journal-note":{"type":"header","value":"journal-note","line":21,"column":0},"scratch-note":{"type":"header","value":"scratch-note","line":34,"column":0},"configuration":{"type":"header","value":"configuration","line":41,"column":0},"defaultnodetypename":{"type":"header","value":"defaultnodetypename","line":47,"column":0},"defaultnodetypedateformat":{"type":"header","value":"defaultnodetypedateformat","line":56,"column":0},"defaultnodetypeaddbehavior":{"type":"header","value":"defaultnodetypeaddbehavior","line":65,"column":0}},"fname":"dendron.topic.special-notes","updated":1623920590655,"created":1595004457029,"parent":"7a7af2fa-b9d0-4adc-81e6-f03186123539","children":[],"data":{},"contentHash":"f208f36cab3cad832f1e5baf02f5d8e3","custom":{"stub":false},"schema":{"schemaId":"topic","moduleId":"dendron"}}
