{"id":"5c71637f-d08f-4ce5-8160-c5ab90254dee","title":"Common All","vault":{"fsPath":"vault","name":"dendron.dendron-site"},"type":"note","desc":"","links":[{"from":{"fname":"pkg.utilities","vaultName":"dendron.dendron-site"},"type":"backlink","position":{"start":{"line":23,"column":1,"offset":411},"end":{"line":23,"column":32,"offset":442},"indent":[]},"value":"pkg.common-all"}],"anchors":{"summary":{"type":"header","value":"summary","line":9,"column":0},"utilities":{"type":"header","value":"utilities","line":13,"column":0},"types":{"type":"header","value":"types","line":19,"column":0},"noteprops":{"type":"header","value":"noteprops","line":25,"column":0}},"fname":"pkg.common-all","updated":1622079023933,"created":1620335767697,"parent":"32cdd4aa-d9f6-4582-8d0c-07f64a00299b","children":["bBiURmX1XI2yRxhx","sNd1Tv82MBWMPrL-u1N4M","3c80629b-4048-48f0-bdfd-352645bda2ec"],"data":{},"contentHash":"fc191037312edffc4d980739e80e9c7d","custom":{}}
