{"id":"5ca2fe99-0abc-413d-aa06-50f9a66e13e0","title":"Troubleshooting","vault":{"fsPath":"vault","name":"dendron.dendron-site"},"type":"note","desc":"","links":[{"type":"wiki","from":{"fname":"dendron.topic.publishing.troubleshooting","id":"5ca2fe99-0abc-413d-aa06-50f9a66e13e0","vaultName":"dendron.dendron-site"},"value":"dendron.topic.publishing.troubleshooting","alias":"Inspect and Kill Existing Process","position":{"start":{"line":18,"column":8,"offset":386},"end":{"line":18,"column":120,"offset":498},"indent":[]},"xvault":false,"to":{"fname":"dendron.topic.publishing.troubleshooting","anchorHeader":"inspect-and-kill-existing-process"}},{"type":"wiki","from":{"fname":"dendron.topic.publishing.troubleshooting","id":"5ca2fe99-0abc-413d-aa06-50f9a66e13e0","vaultName":"dendron.dendron-site"},"value":"dendron.topic.publishing.configuration","alias":"assetsPrefix","position":{"start":{"line":56,"column":45,"offset":1430},"end":{"line":56,"column":122,"offset":1507},"indent":[]},"xvault":false,"to":{"fname":"dendron.topic.publishing.configuration","anchorHeader":"assetsprefix-optional"}},{"from":{"fname":"dendron.topic.publishing.troubleshooting","vaultName":"dendron.dendron-site"},"type":"backlink","position":{"start":{"line":18,"column":8,"offset":386},"end":{"line":18,"column":120,"offset":498},"indent":[]},"value":"dendron.topic.publishing.troubleshooting"}],"anchors":{"diagnostics":{"type":"header","value":"diagnostics","line":8,"column":0},"issues":{"type":"header","value":"issues","line":10,"column":0},"site-preview-shows-cannot-get":{"type":"header","value":"site-preview-shows-cannot-get","line":12,"column":0},"certain-hierarchies-are-not-appearing":{"type":"header","value":"certain-hierarchies-are-not-appearing","line":26,"column":0},"my-favicon-isnt-showing-up":{"type":"header","value":"my-favicon-isnt-showing-up","line":37,"column":0},"search-isnt-working-on-the-site":{"type":"header","value":"search-isnt-working-on-the-site","line":41,"column":0},"my-image-isnt-showing-up":{"type":"header","value":"my-image-isnt-showing-up","line":59,"column":0},"command-failed-when-installing-or-upgrading-dependencies":{"type":"header","value":"command-failed-when-installing-or-upgrading-dependencies","line":64,"column":0},"fixes":{"type":"header","value":"fixes","line":77,"column":0},"inspect-and-kill-existing-process":{"type":"header","value":"inspect-and-kill-existing-process","line":79,"column":0}},"fname":"dendron.topic.publishing.troubleshooting","updated":1623863531700,"created":1609525003662,"parent":"579e379b-3eca-4676-b51c-c66eb26a11b8","children":[],"data":{},"contentHash":"e3d8bccfd2817d114e77e54da6520358","custom":{}}
