{"id":"5de219e6-d9b9-4abf-9367-998109cd57cd","title":"Developing a Pod","vault":{"fsPath":"vault","name":"dendron.dendron-site"},"type":"note","desc":"","links":[{"type":"wiki","from":{"fname":"dendron.topic.pod.dev","id":"5de219e6-d9b9-4abf-9367-998109cd57cd","vaultName":"dendron.dendron-site"},"value":"dendron.guides.install","alias":"Install Dendron","position":{"start":{"line":11,"column":3,"offset":264},"end":{"line":11,"column":45,"offset":306},"indent":[]},"xvault":false,"to":{"fname":"dendron.guides.install"}},{"type":"wiki","from":{"fname":"dendron.topic.pod.dev","id":"5de219e6-d9b9-4abf-9367-998109cd57cd","vaultName":"dendron.dendron-site"},"value":"dendron.ref.layout","alias":"workspace root","position":{"start":{"line":53,"column":15,"offset":1121},"end":{"line":53,"column":67,"offset":1173},"indent":[]},"xvault":false,"to":{"fname":"dendron.ref.layout","anchorHeader":"workspace-root"}},{"type":"wiki","from":{"fname":"dendron.topic.pod.dev","id":"5de219e6-d9b9-4abf-9367-998109cd57cd","vaultName":"dendron.dendron-site"},"value":"pkg.devto-pod","alias":"here","position":{"start":{"line":150,"column":39,"offset":4905},"end":{"line":150,"column":61,"offset":4927},"indent":[]},"xvault":false,"to":{"fname":"pkg.devto-pod"}},{"type":"wiki","from":{"fname":"dendron.topic.pod.dev","id":"5de219e6-d9b9-4abf-9367-998109cd57cd","vaultName":"dendron.dendron-site"},"value":"pkg.devto-pod","alias":"here","position":{"start":{"line":154,"column":39,"offset":4989},"end":{"line":154,"column":61,"offset":5011},"indent":[]},"xvault":false,"to":{"fname":"pkg.devto-pod"}},{"type":"ref","from":{"fname":"dendron.topic.pod.dev","id":"5de219e6-d9b9-4abf-9367-998109cd57cd","vaultName":"dendron.dendron-site"},"value":"dendron.topic.cli","position":{"start":{"line":10,"column":3,"offset":221},"end":{"line":10,"column":43,"offset":261},"indent":[]},"xvault":false,"to":{"fname":"dendron.topic.cli","anchorHeader":"installation,1:#*"}},{"type":"ref","from":{"fname":"dendron.topic.pod.dev","id":"5de219e6-d9b9-4abf-9367-998109cd57cd","vaultName":"dendron.dendron-site"},"value":"dendron.topic.pod.sdk","position":{"start":{"line":148,"column":1,"offset":4806},"end":{"line":148,"column":60,"offset":4865},"indent":[]},"xvault":false,"to":{"fname":"dendron.topic.pod.sdk","anchorHeader":"plantopts-publishpodplantoptst,1"}},{"from":{"fname":"dendron.release.changelog.0-3-x","vaultName":"dendron.dendron-site"},"type":"backlink","position":{"start":{"line":363,"column":84,"offset":10654},"end":{"line":363,"column":114,"offset":10684},"indent":[]},"value":"dendron.topic.pod.dev"}],"anchors":{"summary":{"type":"header","value":"summary","line":7,"column":0},"pre-requisites":{"type":"header","value":"pre-requisites","line":13,"column":0},"tutorial":{"type":"header","value":"tutorial","line":19,"column":0},"create-your-pod":{"type":"header","value":"create-your-pod","line":21,"column":0},"testing-your-pod":{"type":"header","value":"testing-your-pod","line":53,"column":0},"pass-in-custom-configuration-values":{"type":"header","value":"pass-in-custom-configuration-values","line":97,"column":0},"use-note-metadata":{"type":"header","value":"use-note-metadata","line":151,"column":0},"using-typescript":{"type":"header","value":"using-typescript","line":158,"column":0}},"fname":"dendron.topic.pod.dev","updated":1622045743569,"created":1614201272488,"parent":"66727a39-d0a7-449b-a10d-f6c438185d7f","children":[],"data":{},"contentHash":"8d7834e7dc76c314fcd14f546ead3204","custom":{}}
