{"id":"5f23182f-2936-4790-8d04-00bd502df723","title":"Navigation","vault":{"fsPath":"vault","name":"dendron.dendron-site"},"type":"note","desc":"","links":[{"type":"wiki","from":{"fname":"dendron.topic.publishing.navigation","id":"5f23182f-2936-4790-8d04-00bd502df723","vaultName":"dendron.dendron-site"},"value":"dendron.topic.publishing.configuration","alias":"nav_order","position":{"start":{"line":11,"column":10,"offset":367},"end":{"line":11,"column":72,"offset":429},"indent":[]},"xvault":false,"to":{"fname":"dendron.topic.publishing.configuration","anchorHeader":"nav_order"}},{"type":"wiki","from":{"fname":"dendron.topic.publishing.navigation","id":"5f23182f-2936-4790-8d04-00bd502df723","vaultName":"dendron.dendron-site"},"value":"dendron.topic.publishing.configuration","alias":"nav_exclude","position":{"start":{"line":14,"column":120,"offset":604},"end":{"line":14,"column":186,"offset":670},"indent":[]},"xvault":false,"to":{"fname":"dendron.topic.publishing.configuration","anchorHeader":"nav_exclude"}},{"type":"wiki","from":{"fname":"dendron.topic.publishing.navigation","id":"5f23182f-2936-4790-8d04-00bd502df723","vaultName":"dendron.dendron-site"},"value":"dendron.topic.publishing.configuration","alias":"nav_exclude","position":{"start":{"line":22,"column":53,"offset":940},"end":{"line":22,"column":119,"offset":1006},"indent":[]},"xvault":false,"to":{"fname":"dendron.topic.publishing.configuration","anchorHeader":"nav_exclude"}},{"type":"wiki","from":{"fname":"dendron.topic.publishing.navigation","id":"5f23182f-2936-4790-8d04-00bd502df723","vaultName":"dendron.dendron-site"},"value":"dendron.topic.links","alias":"backlinks","position":{"start":{"line":33,"column":11,"offset":1348},"end":{"line":33,"column":54,"offset":1391},"indent":[]},"xvault":false,"to":{"fname":"dendron.topic.links","anchorHeader":"backlinks"}},{"from":{"fname":"dendron.rfc.18-add-note-indexes","vaultName":"dendron.dendron-site"},"type":"backlink","position":{"start":{"line":8,"column":145,"offset":209},"end":{"line":8,"column":202,"offset":266},"indent":[]},"value":"dendron.topic.publishing.navigation"},{"from":{"fname":"dendron.release.changelog.0-2-x","vaultName":"dendron.dendron-site"},"type":"backlink","position":{"start":{"line":263,"column":75,"offset":8305},"end":{"line":263,"column":131,"offset":8361},"indent":[]},"value":"dendron.topic.publishing.navigation"}],"anchors":{"sort-order":{"type":"header","value":"sort-order","line":11,"column":0},"navigation-side-bar":{"type":"header","value":"navigation-side-bar","line":13,"column":0},"table-of-contents":{"type":"header","value":"table-of-contents","line":22,"column":0},"nav-exclude":{"type":"header","value":"nav-exclude","line":26,"column":0},"children":{"type":"header","value":"children","line":30,"column":0},"backlinks":{"type":"header","value":"backlinks","line":37,"column":0}},"fname":"dendron.topic.publishing.navigation","updated":1627941717046,"created":1609563320271,"parent":"579e379b-3eca-4676-b51c-c66eb26a11b8","children":[],"data":{},"contentHash":"3ce95c6be8ea2aa758d09b604c5afb24","custom":{}}
