{"id":"5f66bcc7-fcb5-4c83-917b-6e8c68a3fef7","title":"Internal","vault":{"fsPath":"vault","name":"dendron.dendron-site"},"type":"note","desc":"","links":[],"anchors":{"parse-md":{"type":"header","value":"parse-md","line":8,"column":0},"prince-export":{"type":"header","value":"prince-export","line":41,"column":0}},"fname":"pkg.dendron-preview.internal","updated":1619646857277,"created":1619645454250,"parent":"92df74a7-39e7-453a-b940-013f3a48f513","children":[],"data":{},"contentHash":"fa6ac103bc5c8560fac9bfafdbb066b9","custom":{}}
