{"id":"5wXTADsi3MXxFtEX","title":"Build Repo","vault":{"fsPath":"vault","name":"dendron.dendron-site"},"type":"note","desc":"","links":[{"type":"wiki","from":{"fname":"dendron.dev.qa.build-repo","id":"5wXTADsi3MXxFtEX","vaultName":"dendron.dendron-site"},"value":"dendron.dev.qa.verdaccio","alias":"Verdaccio","position":{"start":{"line":4,"column":122,"offset":134},"end":{"line":4,"column":160,"offset":172},"indent":[]},"xvault":false,"sameFile":false,"to":{"fname":"dendron.dev.qa.verdaccio"}},{"type":"ref","from":{"fname":"dendron.dev.qa.build-repo","id":"5wXTADsi3MXxFtEX","vaultName":"dendron.dendron-site"},"value":"dendron.dev.setup","position":{"start":{"line":14,"column":1,"offset":266},"end":{"line":14,"column":34,"offset":299},"indent":[]},"xvault":false,"to":{"fname":"dendron.dev.setup","anchorHeader":"2-clone:#*"}}],"anchors":{"summary":{"type":"header","value":"summary","line":8,"column":0},"setup":{"type":"header","value":"setup","line":12,"column":0},"cook":{"type":"header","value":"cook","line":23,"column":0},"building-the-plugin":{"type":"header","value":"building-the-plugin","line":25,"column":0}},"fname":"dendron.dev.qa.build-repo","updated":1626704819193,"created":1626634616032,"parent":"cb22bd36-d45a-4ffd-a31e-96c4b39cb7fb","children":[],"data":{},"contentHash":"1d91c31b6c719193c2dc9541891c707f","custom":{}}
