{"id":"60c03500-98e4-4a02-a31e-2702b4068a88","title":"Schemas","vault":{"fsPath":"vault","name":"dendron.dendron-site"},"type":"note","desc":"","links":[{"type":"wiki","from":{"fname":"dendron.topic.lookup.schemas","id":"60c03500-98e4-4a02-a31e-2702b4068a88","vaultName":"dendron.dendron-site"},"value":"dendron.topic.schema","alias":"schemas","position":{"start":{"line":1,"column":34,"offset":33},"end":{"line":1,"column":66,"offset":65},"indent":[]},"xvault":false,"to":{"fname":"dendron.topic.schema"}},{"type":"wiki","from":{"fname":"dendron.topic.lookup.schemas","id":"60c03500-98e4-4a02-a31e-2702b4068a88","vaultName":"dendron.dendron-site"},"value":"dendron.topic.commands","alias":"Dendron: Reload Index","position":{"start":{"line":13,"column":178,"offset":787},"end":{"line":13,"column":226,"offset":835},"indent":[]},"xvault":false,"to":{"fname":"dendron.topic.commands"}}],"anchors":{"finding-schemas":{"type":"header","value":"finding-schemas","line":9,"column":0},"creating-schemas":{"type":"header","value":"creating-schemas","line":15,"column":0},"deleting-schemas":{"type":"header","value":"deleting-schemas","line":25,"column":0}},"fname":"dendron.topic.lookup.schemas","updated":1608494693843,"created":1608494693843,"parent":"a7c3a810-28c8-4b47-96a6-8156b1524af3","children":[],"data":{},"contentHash":"2211e308cdd2dde48a6b237e44e2c1dd","custom":{}}
