{"id":"60fbcc05-df2a-44a2-aa0e-cdd62c2557b6","title":"Qa","vault":{"fsPath":"vault","name":"dendron.dendron-site"},"type":"note","desc":"","links":[{"type":"wiki","from":{"fname":"pkg.dendron-engine.qa","id":"60fbcc05-df2a-44a2-aa0e-cdd62c2557b6","vaultName":"dendron.dendron-site"},"value":"dendron.dev.design","alias":"Engine","position":{"start":{"line":12,"column":54,"offset":275},"end":{"line":12,"column":90,"offset":311},"indent":[]},"xvault":false,"to":{"fname":"dendron.dev.design","anchorHeader":"engine"}},{"type":"wiki","from":{"fname":"pkg.dendron-engine.qa","id":"60fbcc05-df2a-44a2-aa0e-cdd62c2557b6","vaultName":"dendron.dendron-site"},"value":"dendron.dev.design","alias":"Engine Client","position":{"start":{"line":12,"column":106,"offset":327},"end":{"line":12,"column":156,"offset":377},"indent":[]},"xvault":false,"to":{"fname":"dendron.dev.design","anchorHeader":"engine-client"}}],"anchors":{"local":{"type":"header","value":"local","line":8,"column":0},"debug":{"type":"header","value":"debug","line":10,"column":0},"testunit":{"type":"header","value":"testunit","line":14,"column":0},"writing":{"type":"header","value":"writing","line":16,"column":0},"cook":{"type":"header","value":"cook","line":22,"column":0},"running-a-single-test":{"type":"header","value":"running-a-single-test","line":24,"column":0},"testintegration":{"type":"header","value":"testintegration","line":37,"column":0},"remote":{"type":"header","value":"remote","line":39,"column":0},"debug-1":{"type":"header","value":"debug-1","line":41,"column":0},"testunit-1":{"type":"header","value":"testunit-1","line":43,"column":0},"testintegration-1":{"type":"header","value":"testintegration-1","line":45,"column":0},"topics":{"type":"header","value":"topics","line":47,"column":0},"unified-tests":{"type":"header","value":"unified-tests","line":49,"column":0}},"fname":"pkg.dendron-engine.qa","updated":1624400634450,"created":1614812225185,"parent":"5a7103be-eb92-4380-8207-598e9f10724c","children":[],"data":{},"contentHash":"18935db73c8586480c21956134749853","custom":{}}
