{"id":"61055b5f-6216-4fd3-b9a1-82f79017b59e","title":"Examples","vault":{"fsPath":"vault","name":"dendron.dendron-site"},"type":"note","desc":"","links":[],"anchors":{"incorporating-a-third-party-script":{"type":"header","value":"incorporating-a-third-party-script","line":8,"column":0}},"fname":"dendron.topic.hooks.examples","updated":1620495882937,"created":1620495882937,"parent":"12551d19-04c2-4d26-ac1e-d23ff3181a9c","children":[],"data":{},"contentHash":"fab609bcb35c3ffb76a9f5d34cd5a623","custom":{}}
