{"id":"61833b7d-1cfe-4500-b78d-b30962a906cd","title":"Google Calendar Pod","vault":{"fsPath":"vault","name":"dendron.dendron-site"},"type":"note","desc":"","links":[],"anchors":{"goals":{"type":"header","value":"goals","line":8,"column":0},"proposal":{"type":"header","value":"proposal","line":12,"column":0},"import":{"type":"header","value":"import","line":16,"column":0},"sync":{"type":"header","value":"sync","line":23,"column":0},"publish":{"type":"header","value":"publish","line":30,"column":0},"resources":{"type":"header","value":"resources","line":49,"column":0},"export":{"type":"header","value":"export","line":102,"column":0},"flows":{"type":"header","value":"flows","line":104,"column":0}},"fname":"dendron.roadmap.project.n.backlog.calendar-integration","updated":1608485512280,"created":1602708411014,"parent":"529fb02a-3ca9-4fbc-bcba-9435f8d13e89","children":[],"data":{},"contentHash":"c7ed94e6038aaedd051ea31188b28610","custom":{"stub":false}}
