{"id":"626zjfxg91OFbDse","title":"Debug","vault":{"fsPath":"vault","name":"dendron.dendron-site"},"type":"note","desc":"","links":[{"type":"wiki","from":{"fname":"pkg.dendron-plugin.qa.debug","id":"626zjfxg91OFbDse","vaultName":"dendron.dendron-site"},"value":"pkg.dendron-plugin","alias":"Dendron Plugin","position":{"start":{"line":31,"column":13,"offset":747},"end":{"line":31,"column":50,"offset":784},"indent":[]},"xvault":false,"to":{"fname":"pkg.dendron-plugin"}},{"from":{"fname":"dendron.dev.debug","vaultName":"dendron.dendron-site"},"type":"backlink","position":{"start":{"line":6,"column":49,"offset":256},"end":{"line":6,"column":85,"offset":292},"indent":[]},"value":"pkg.dendron-plugin.qa.debug"}],"anchors":{"launch":{"type":"header","value":"launch","line":8,"column":0},"debug":{"type":"header","value":"debug","line":32,"column":0},"breakpoints":{"type":"header","value":"breakpoints","line":35,"column":0},"verbose-logs":{"type":"header","value":"verbose-logs","line":41,"column":0}},"fname":"pkg.dendron-plugin.qa.debug","updated":1627140434647,"created":1627140313776,"parent":"c84aa95c-83b9-4d52-90a1-eeec8f0ca84f","children":[],"data":{},"contentHash":"4acaecc6998e39cff7d7be62c7dc61ac","custom":{}}
