{"id":"6293d9dc-9bd3-4b01-8428-34d8256f0a32","title":"Dev","vault":{"fsPath":"vault","name":"dendron.dendron-site"},"type":"note","desc":"Development related\n","links":[{"type":"wiki","from":{"fname":"pkg.dendron-next-server.dev","id":"6293d9dc-9bd3-4b01-8428-34d8256f0a32","vaultName":"dendron.dendron-site"},"value":"dendron.dev.setup","alias":"dendron.dev.setup","position":{"start":{"line":5,"column":3,"offset":31},"end":{"line":5,"column":24,"offset":52},"indent":[]},"xvault":false,"sameFile":false,"to":{"fname":"dendron.dev.setup"}},{"type":"wiki","from":{"fname":"pkg.dendron-next-server.dev","id":"6293d9dc-9bd3-4b01-8428-34d8256f0a32","vaultName":"dendron.dendron-site"},"value":"pkg.dendron-cli.dev","alias":"Symlink the CLI","position":{"start":{"line":6,"column":3,"offset":55},"end":{"line":6,"column":50,"offset":102},"indent":[]},"xvault":false,"sameFile":false,"to":{"fname":"pkg.dendron-cli.dev","anchorHeader":"symlink"}},{"type":"wiki","from":{"fname":"pkg.dendron-next-server.dev","id":"6293d9dc-9bd3-4b01-8428-34d8256f0a32","vaultName":"dendron.dendron-site"},"value":"eng.ref.react","alias":"React Tutorial","position":{"start":{"line":7,"column":3,"offset":119},"end":{"line":7,"column":51,"offset":167},"indent":[]},"xvault":false,"sameFile":false,"to":{"fname":"eng.ref.react","anchorHeader":"getting-started"}},{"type":"wiki","from":{"fname":"pkg.dendron-next-server.dev","id":"6293d9dc-9bd3-4b01-8428-34d8256f0a32","vaultName":"dendron.dendron-site"},"value":"dendron.dev.debug","alias":"run the extension","position":{"start":{"line":22,"column":56,"offset":981},"end":{"line":22,"column":95,"offset":1020},"indent":[]},"xvault":false,"sameFile":false,"to":{"fname":"dendron.dev.debug"}},{"type":"wiki","from":{"fname":"pkg.dendron-next-server.dev","id":"6293d9dc-9bd3-4b01-8428-34d8256f0a32","vaultName":"dendron.dendron-site"},"value":"pkg.dendron-next-server.arch","alias":"architecture","position":{"start":{"line":25,"column":12,"offset":1108},"end":{"line":25,"column":57,"offset":1153},"indent":[]},"xvault":false,"sameFile":false,"to":{"fname":"pkg.dendron-next-server.arch"}},{"type":"wiki","from":{"fname":"pkg.dendron-next-server.dev","id":"6293d9dc-9bd3-4b01-8428-34d8256f0a32","vaultName":"dendron.dendron-site"},"value":"dendron.dev.pull-request","alias":"Pull Request","position":{"start":{"line":28,"column":7,"offset":1287},"end":{"line":28,"column":48,"offset":1328},"indent":[]},"xvault":false,"sameFile":false,"to":{"fname":"dendron.dev.pull-request"}},{"from":{"fname":"dendron.release.2021-05-31","vaultName":"dendron.dendron-site"},"type":"backlink","position":{"start":{"line":27,"column":7,"offset":991},"end":{"line":27,"column":69,"offset":1053},"indent":[]},"value":"pkg.dendron-next-server.dev"},{"from":{"fname":"pkg.dendron-next-server.cook","vaultName":"dendron.dendron-site"},"type":"backlink","position":{"start":{"line":101,"column":5,"offset":3535},"end":{"line":101,"column":59,"offset":3589},"indent":[]},"value":"pkg.dendron-next-server.dev"},{"from":{"fname":"pkg.dendron-next-server.quickstart","vaultName":"dendron.dendron-site"},"type":"backlink","position":{"start":{"line":21,"column":1,"offset":632},"end":{"line":21,"column":81,"offset":712},"indent":[]},"value":"pkg.dendron-next-server.dev"},{"from":{"fname":"pkg.dendron-next-server.quickstart","vaultName":"dendron.dendron-site"},"type":"backlink","position":{"start":{"line":25,"column":1,"offset":731},"end":{"line":25,"column":82,"offset":812},"indent":[]},"value":"pkg.dendron-next-server.dev"},{"from":{"fname":"pkg.dendron-plugin.dev","vaultName":"dendron.dendron-site"},"type":"backlink","position":{"start":{"line":135,"column":7,"offset":5323},"end":{"line":135,"column":55,"offset":5371},"indent":[]},"value":"pkg.dendron-next-server.dev"},{"from":{"fname":"pkg.dendron-next-server.qa.debug","vaultName":"dendron.dendron-site"},"type":"backlink","position":{"start":{"line":22,"column":42,"offset":480},"end":{"line":22,"column":90,"offset":528},"indent":[]},"value":"pkg.dendron-next-server.dev"}],"anchors":{"development":{"type":"header","value":"development","line":9,"column":0},"pre-req":{"type":"header","value":"pre-req","line":11,"column":0},"steps":{"type":"header","value":"steps","line":16,"column":0},"pr-checklist":{"type":"header","value":"pr-checklist","line":34,"column":0},"issues":{"type":"header","value":"issues","line":39,"column":0},"conflicting-views":{"type":"header","value":"conflicting-views","line":41,"column":0},"cook":{"type":"header","value":"cook","line":45,"column":0},"creating-new-async-thunk-method":{"type":"header","value":"creating-new-async-thunk-method","line":47,"column":0},"adding-a-new-tree-view":{"type":"header","value":"adding-a-new-tree-view","line":50,"column":0},"adding-a-new-web-view":{"type":"header","value":"adding-a-new-web-view","line":54,"column":0},"^MgEdJdyD":{"type":"block","value":"MgEdJdyD","line":24,"column":144}},"fname":"pkg.dendron-next-server.dev","updated":1627142762129,"created":1621630111186,"parent":"7cdd9a74-8b8f-4564-906b-c963bed34273","children":["RIxVCgdaeGHecf4I"],"data":{},"contentHash":"f1d1e7d50b2ef47bea8b88868d398c67","custom":{}}
