{"id":"6301a5b4-d88f-4ecd-ad72-0880b1bf14b0","title":"Sdk Reference","vault":{"fsPath":"vault","name":"dendron.dendron-site"},"type":"note","desc":"","links":[{"type":"wiki","from":{"fname":"dendron.topic.pod.sdk","id":"6301a5b4-d88f-4ecd-ad72-0880b1bf14b0","vaultName":"dendron.dendron-site"},"value":"dendron.topic.pod","alias":"publishing","position":{"start":{"line":5,"column":51,"offset":67},"end":{"line":5,"column":91,"offset":107},"indent":[]},"xvault":false,"to":{"fname":"dendron.topic.pod","anchorHeader":"publish"}},{"from":{"fname":"dendron.topic.pod.dev","vaultName":"dendron.dendron-site"},"type":"backlink","position":{"start":{"line":148,"column":1,"offset":4806},"end":{"line":148,"column":60,"offset":4865},"indent":[]},"value":"dendron.topic.pod.sdk"}],"anchors":{"publishpod":{"type":"header","value":"publishpod","line":9,"column":0},"plantopts-publishpodplantopts":{"type":"header","value":"plantopts-publishpodplantopts","line":13,"column":0}},"fname":"dendron.topic.pod.sdk","updated":1614215063307,"created":1614214703771,"parent":"66727a39-d0a7-449b-a10d-f6c438185d7f","children":[],"data":{},"contentHash":"ccfd738818619fe2423525ba088c4fed","custom":{}}
