{"id":"6322a2de-34fd-4c93-bcbe-d71c30e5f2b6","title":"Custom Pods","vault":{"fsPath":"vault","name":"dendron.dendron-site"},"type":"note","desc":"","links":[{"type":"wiki","from":{"fname":"dendron.topic.pod.custom","id":"6322a2de-34fd-4c93-bcbe-d71c30e5f2b6","vaultName":"dendron.dendron-site"},"value":"pkg.devto-pod","alias":"Dev.to Pod","position":{"start":{"line":32,"column":3,"offset":1147},"end":{"line":32,"column":31,"offset":1175},"indent":[]},"xvault":false,"to":{"fname":"pkg.devto-pod"}},{"from":{"fname":"dendron.release.2021-03-01","vaultName":"dendron.dendron-site"},"type":"backlink","position":{"start":{"line":11,"column":35,"offset":469},"end":{"line":11,"column":75,"offset":509},"indent":[]},"value":"dendron.topic.pod.custom"},{"from":{"fname":"dendron.topic.pod","vaultName":"dendron.dendron-site"},"type":"backlink","position":{"start":{"line":47,"column":1,"offset":2065},"end":{"line":47,"column":41,"offset":2105},"indent":[]},"value":"dendron.topic.pod.custom"},{"from":{"fname":"dendron.release.changelog.0-3-x","vaultName":"dendron.dendron-site"},"type":"backlink","position":{"start":{"line":361,"column":1,"offset":10527},"end":{"line":361,"column":43,"offset":10569},"indent":[]},"value":"dendron.topic.pod.custom"}],"anchors":{"summary":{"type":"header","value":"summary","line":7,"column":0},"quickstart-using-a-custom-pod":{"type":"header","value":"quickstart-using-a-custom-pod","line":17,"column":0},"install-a-pod":{"type":"header","value":"install-a-pod","line":21,"column":0},"execute-a-pod-cli":{"type":"header","value":"execute-a-pod-cli","line":30,"column":0},"list-of-custom-pods":{"type":"header","value":"list-of-custom-pods","line":36,"column":0}},"fname":"dendron.topic.pod.custom","updated":1614312977869,"created":1603308868151,"parent":"66727a39-d0a7-449b-a10d-f6c438185d7f","children":[],"data":{},"contentHash":"d2ebe6cb9693fe1e55a072f109507a70","custom":{}}
