{"id":"63ea2e72-4eba-406c-9f4c-7300fa0b8935","title":"Release Notes(version 0.15)","vault":{"fsPath":"vault","name":"dendron.dendron-site"},"type":"note","desc":"","links":[{"type":"wiki","from":{"fname":"dendron.release.2020-11-08","id":"63ea2e72-4eba-406c-9f4c-7300fa0b8935","vaultName":"dendron.dendron-site"},"value":"dendron.roadmap.project.n.2020.multi-vault","alias":"Multi Vault Support","position":{"start":{"line":22,"column":11,"offset":890},"end":{"line":22,"column":77,"offset":956},"indent":[]},"xvault":false,"to":{"fname":"dendron.roadmap.project.n.2020.multi-vault"}},{"type":"ref","from":{"fname":"dendron.release.2020-11-08","id":"63ea2e72-4eba-406c-9f4c-7300fa0b8935","vaultName":"dendron.dendron-site"},"value":"dendron.community.roles","position":{"start":{"line":17,"column":1,"offset":710},"end":{"line":17,"column":47,"offset":756},"indent":[]},"xvault":false,"to":{"fname":"dendron.community.roles","anchorHeader":"dendrologist,1:#*"}}],"anchors":{"highlights":{"type":"header","value":"highlights","line":9,"column":0},"community":{"type":"header","value":"community","line":17,"column":0},"in-the-works":{"type":"header","value":"in-the-works","line":25,"column":0},"thanks":{"type":"header","value":"thanks","line":31,"column":0}},"fname":"dendron.release.2020-11-08","updated":1616950012440,"created":1604882865662,"parent":"932534e7-e788-4fdb-bc8c-eaf761992a8d","children":[],"data":{},"contentHash":"ce711df0e375623a7c4ca11ab59d637d","custom":{}}
