{"id":"64f0e2d5-2c83-43df-9144-40f2c68935aa","title":"Setup Dendron Development Environment","vault":{"fsPath":"vault","name":"dendron.dendron-site"},"type":"note","desc":"","links":[{"type":"wiki","from":{"fname":"dendron.dev.setup","id":"64f0e2d5-2c83-43df-9144-40f2c68935aa","vaultName":"dendron.dendron-site"},"value":"pkg.dendron-next-server","alias":"server","position":{"start":{"line":40,"column":113,"offset":1616},"end":{"line":40,"column":147,"offset":1650},"indent":[]},"xvault":false,"sameFile":false,"to":{"fname":"pkg.dendron-next-server"}},{"type":"wiki","from":{"fname":"dendron.dev.setup","id":"64f0e2d5-2c83-43df-9144-40f2c68935aa","vaultName":"dendron.dendron-site"},"value":"dendron.dev.remote","alias":"here","position":{"start":{"line":50,"column":97,"offset":2056},"end":{"line":50,"column":124,"offset":2083},"indent":[]},"xvault":false,"sameFile":false,"to":{"fname":"dendron.dev.remote"}},{"type":"wiki","from":{"fname":"dendron.dev.setup","id":"64f0e2d5-2c83-43df-9144-40f2c68935aa","vaultName":"dendron.dendron-site"},"value":"dendron.dev.pull-request","alias":"pull Request","position":{"start":{"line":57,"column":13,"offset":2178},"end":{"line":57,"column":54,"offset":2219},"indent":[]},"xvault":false,"sameFile":false,"to":{"fname":"dendron.dev.pull-request"}},{"type":"wiki","from":{"fname":"dendron.dev.setup","id":"64f0e2d5-2c83-43df-9144-40f2c68935aa","vaultName":"dendron.dendron-site"},"value":"pkg.dendron-next-server","alias":"Dendron Next Server","position":{"start":{"line":88,"column":151,"offset":4713},"end":{"line":88,"column":198,"offset":4760},"indent":[]},"xvault":false,"sameFile":false,"to":{"fname":"pkg.dendron-next-server"}},{"type":"wiki","from":{"fname":"dendron.dev.setup","id":"64f0e2d5-2c83-43df-9144-40f2c68935aa","vaultName":"dendron.dendron-site"},"value":"pkg.dendron-next-server.quickstart","alias":"here","position":{"start":{"line":90,"column":270,"offset":5033},"end":{"line":90,"column":313,"offset":5076},"indent":[]},"xvault":false,"sameFile":false,"to":{"fname":"pkg.dendron-next-server.quickstart"}},{"from":{"fname":"dendron.dev","vaultName":"dendron.dendron-site"},"type":"backlink","position":{"start":{"line":6,"column":1,"offset":237},"end":{"line":6,"column":23,"offset":259},"indent":[]},"value":"dendron.dev.setup"},{"from":{"fname":"dendron.contribute.dev","vaultName":"dendron.dendron-site"},"type":"backlink","position":{"start":{"line":5,"column":25,"offset":175},"end":{"line":5,"column":71,"offset":221},"indent":[]},"value":"dendron.dev.setup"},{"from":{"fname":"dendron.release.2021-06-21","vaultName":"dendron.dendron-site"},"type":"backlink","position":{"start":{"line":18,"column":52,"offset":1315},"end":{"line":18,"column":95,"offset":1358},"indent":[]},"value":"dendron.dev.setup"},{"from":{"fname":"pkg.dendron-11ty.setup","vaultName":"dendron.dendron-site"},"type":"backlink","position":{"start":{"line":25,"column":20,"offset":562},"end":{"line":25,"column":46,"offset":588},"indent":[]},"value":"dendron.dev.setup"},{"from":{"fname":"pkg.dendron-11ty.setup","vaultName":"dendron.dendron-site"},"type":"backlink","position":{"start":{"line":5,"column":1,"offset":41},"end":{"line":5,"column":43,"offset":83},"indent":[]},"value":"dendron.dev.setup"},{"from":{"fname":"pkg.dendron-11ty.setup","vaultName":"dendron.dendron-site"},"type":"backlink","position":{"start":{"line":41,"column":1,"offset":910},"end":{"line":41,"column":43,"offset":952},"indent":[]},"value":"dendron.dev.setup"},{"from":{"fname":"pkg.dendron-cli.dev","vaultName":"dendron.dendron-site"},"type":"backlink","position":{"start":{"line":4,"column":3,"offset":15},"end":{"line":4,"column":24,"offset":36},"indent":[]},"value":"dendron.dev.setup"},{"from":{"fname":"pkg.dendron-next-server.dev","vaultName":"dendron.dendron-site"},"type":"backlink","position":{"start":{"line":5,"column":3,"offset":31},"end":{"line":5,"column":24,"offset":52},"indent":[]},"value":"dendron.dev.setup"},{"from":{"fname":"pkg.dendron-next-server.quickstart","vaultName":"dendron.dendron-site"},"type":"backlink","position":{"start":{"line":4,"column":24,"offset":41},"end":{"line":4,"column":50,"offset":67},"indent":[]},"value":"dendron.dev.setup"},{"from":{"fname":"pkg.dendron-next-server.quickstart","vaultName":"dendron.dendron-site"},"type":"backlink","position":{"start":{"line":5,"column":181,"offset":297},"end":{"line":5,"column":228,"offset":344},"indent":[]},"value":"dendron.dev.setup"},{"from":{"fname":"pkg.dendron-plugin.deploy","vaultName":"dendron.dendron-site"},"type":"backlink","position":{"start":{"line":5,"column":11,"offset":24},"end":{"line":5,"column":65,"offset":78},"indent":[]},"value":"dendron.dev.setup"},{"from":{"fname":"pkg.dendron-plugin.quickstart","vaultName":"dendron.dendron-site"},"type":"backlink","position":{"start":{"line":2,"column":36,"offset":36},"end":{"line":2,"column":62,"offset":62},"indent":[]},"value":"dendron.dev.setup"},{"from":{"fname":"dendron.dev.qa.build-repo","vaultName":"dendron.dendron-site"},"type":"backlink","position":{"start":{"line":14,"column":1,"offset":266},"end":{"line":14,"column":34,"offset":299},"indent":[]},"value":"dendron.dev.setup"}],"anchors":{"build":{"type":"header","value":"build","line":8,"column":0},"prerequisites":{"type":"header","value":"prerequisites","line":10,"column":0},"steps":{"type":"header","value":"steps","line":23,"column":0},"run":{"type":"header","value":"run","line":42,"column":0},"remote-development":{"type":"header","value":"remote-development","line":54,"column":0},"normal-workflow":{"type":"header","value":"normal-workflow","line":59,"column":0},"logging":{"type":"header","value":"logging","line":65,"column":0},"exceptions":{"type":"header","value":"exceptions","line":81,"column":0},"project-specific-docs":{"type":"header","value":"project-specific-docs","line":91,"column":0},"working-with-the-api-server":{"type":"header","value":"working-with-the-api-server","line":92,"column":0},"working-with-the-cli":{"type":"header","value":"working-with-the-cli","line":105,"column":0},"advanced":{"type":"header","value":"advanced","line":116,"column":0},"working-with-verdaccio":{"type":"header","value":"working-with-verdaccio","line":118,"column":0},"publishing-packages-locally":{"type":"header","value":"publishing-packages-locally","line":153,"column":0},"linking-all-packages":{"type":"header","value":"linking-all-packages","line":163,"column":0},"tips":{"type":"header","value":"tips","line":171,"column":0},"watch-monorepo":{"type":"header","value":"watch-monorepo","line":173,"column":0},"adding-dependencies":{"type":"header","value":"adding-dependencies","line":181,"column":0},"new-dependencies":{"type":"header","value":"new-dependencies","line":185,"column":0},"new-package-in-dendron-mono-repo":{"type":"header","value":"new-package-in-dendron-mono-repo","line":191,"column":0},"troubleshooting":{"type":"header","value":"troubleshooting","line":206,"column":0},"something-went-wrong-during-the-build":{"type":"header","value":"something-went-wrong-during-the-build","line":208,"column":0},"changes-not-showing-up-in-dendron":{"type":"header","value":"changes-not-showing-up-in-dendron","line":215,"column":0},"husky-hooks-not-running":{"type":"header","value":"husky-hooks-not-running","line":221,"column":0},"getting-help":{"type":"header","value":"getting-help","line":225,"column":0}},"fname":"dendron.dev.setup","updated":1628393012316,"created":1598651458825,"parent":"3489b652-cd0e-4ac8-a734-08094dc043eb","children":[],"data":{},"contentHash":"952a6c19ac3a5c288349e65878d902f1","custom":{},"schema":{"schemaId":"setup","moduleId":"dendron"}}
