{"id":"65745697-0f30-43d8-9085-a213e8227e8b","title":"data","vault":{"fsPath":"vault","name":"dendron.dendron-site"},"type":"note","desc":"","links":[{"from":{"fname":"dendron.dev.design.engine","vaultName":"dendron.dendron-site"},"type":"backlink","position":{"start":{"line":279,"column":5,"offset":5947},"end":{"line":279,"column":54,"offset":5996},"indent":[]},"value":"dendron.scratch.2020.09.12-091632"}],"anchors":{"optsreplacerefs":{"type":"header","value":"optsreplacerefs","line":10,"column":0}},"fname":"dendron.scratch.2020.09.12-091632","updated":1599927392112,"created":1599927392112,"parent":"8b563033-ce98-4142-868d-277dc34c2d4c","children":[],"data":{},"contentHash":"54d69361e63c9b4c9db9338cd15e60bf","custom":{"stub":false}}
