{"id":"66727a39-d0a7-449b-a10d-f6c438185d7f","title":"Pods","vault":{"fsPath":"vault","name":"dendron.dendron-site"},"type":"note","desc":"","links":[{"type":"wiki","from":{"fname":"dendron.topic.pod","id":"66727a39-d0a7-449b-a10d-f6c438185d7f","vaultName":"dendron.dendron-site"},"value":"dendron.topic.pod.builtin.markdown","alias":"markdown pod","position":{"start":{"line":35,"column":40,"offset":1497},"end":{"line":35,"column":91,"offset":1548},"indent":[]},"xvault":false,"to":{"fname":"dendron.topic.pod.builtin.markdown"}},{"type":"wiki","from":{"fname":"dendron.topic.pod","id":"66727a39-d0a7-449b-a10d-f6c438185d7f","vaultName":"dendron.dendron-site"},"value":"dendron.topic.references","alias":"note references","position":{"start":{"line":35,"column":112,"offset":1569},"end":{"line":35,"column":156,"offset":1613},"indent":[]},"xvault":false,"to":{"fname":"dendron.topic.references"}},{"type":"ref","from":{"fname":"dendron.topic.pod","id":"66727a39-d0a7-449b-a10d-f6c438185d7f","vaultName":"dendron.dendron-site"},"value":"dendron.topic.pod.builtin","position":{"start":{"line":46,"column":1,"offset":2023},"end":{"line":46,"column":42,"offset":2064},"indent":[]},"xvault":false,"to":{"fname":"dendron.topic.pod.builtin","anchorHeader":"summary,1"}},{"type":"ref","from":{"fname":"dendron.topic.pod","id":"66727a39-d0a7-449b-a10d-f6c438185d7f","vaultName":"dendron.dendron-site"},"value":"dendron.topic.pod.custom","position":{"start":{"line":47,"column":1,"offset":2065},"end":{"line":47,"column":41,"offset":2105},"indent":[]},"xvault":false,"to":{"fname":"dendron.topic.pod.custom","anchorHeader":"summary,1"}},{"from":{"fname":"dendron.concepts","vaultName":"dendron.dendron-site"},"type":"backlink","position":{"start":{"line":80,"column":1,"offset":3106},"end":{"line":80,"column":27,"offset":3132},"indent":[]},"value":"dendron.topic.pod"},{"from":{"fname":"pkg.pods-core","vaultName":"dendron.dendron-site"},"type":"backlink","position":{"start":{"line":5,"column":10,"offset":23},"end":{"line":5,"column":35,"offset":48},"indent":[]},"value":"dendron.topic.pod"},{"from":{"fname":"dendron.guides.cook","vaultName":"dendron.dendron-site"},"type":"backlink","position":{"start":{"line":42,"column":51,"offset":1591},"end":{"line":42,"column":88,"offset":1628},"indent":[]},"value":"dendron.topic.pod"},{"from":{"fname":"dendron.ref.layout","vaultName":"dendron.dendron-site"},"type":"backlink","position":{"start":{"line":50,"column":9,"offset":991},"end":{"line":50,"column":34,"offset":1016},"indent":[]},"value":"dendron.topic.pod"},{"from":{"fname":"dendron.release.2020-09-06","vaultName":"dendron.dendron-site"},"type":"backlink","position":{"start":{"line":63,"column":22,"offset":4047},"end":{"line":63,"column":48,"offset":4073},"indent":[]},"value":"dendron.topic.pod"},{"from":{"fname":"dendron.release.changelog","vaultName":"dendron.dendron-site"},"type":"backlink","position":{"start":{"line":241,"column":40,"offset":7773},"end":{"line":241,"column":81,"offset":7814},"indent":[]},"value":"dendron.topic.pod"},{"from":{"fname":"dendron.topic.cli","vaultName":"dendron.dendron-site"},"type":"backlink","position":{"start":{"line":194,"column":37,"offset":5757},"end":{"line":194,"column":63,"offset":5783},"indent":[]},"value":"dendron.topic.pod"},{"from":{"fname":"dendron.topic.exports","vaultName":"dendron.dendron-site"},"type":"backlink","position":{"start":{"line":3,"column":96,"offset":278},"end":{"line":3,"column":137,"offset":319},"indent":[]},"value":"dendron.topic.pod"},{"from":{"fname":"dendron.topic.seeds","vaultName":"dendron.dendron-site"},"type":"backlink","position":{"start":{"line":9,"column":29,"offset":533},"end":{"line":9,"column":55,"offset":559},"indent":[]},"value":"dendron.topic.pod"},{"from":{"fname":"dendron.release.changelog.0-1-x","vaultName":"dendron.dendron-site"},"type":"backlink","position":{"start":{"line":558,"column":1,"offset":29096},"end":{"line":558,"column":36,"offset":29131},"indent":[]},"value":"dendron.topic.pod"},{"from":{"fname":"dendron.release.changelog.0-1-x","vaultName":"dendron.dendron-site"},"type":"backlink","position":{"start":{"line":585,"column":1,"offset":30399},"end":{"line":585,"column":31,"offset":30429},"indent":[]},"value":"dendron.topic.pod"},{"from":{"fname":"dendron.topic.pod.sdk","vaultName":"dendron.dendron-site"},"type":"backlink","position":{"start":{"line":5,"column":51,"offset":67},"end":{"line":5,"column":91,"offset":107},"indent":[]},"value":"dendron.topic.pod"},{"from":{"fname":"dendron.roadmap.project.n.2020.pods","vaultName":"dendron.dendron-site"},"type":"backlink","position":{"start":{"line":38,"column":3,"offset":2327},"end":{"line":38,"column":24,"offset":2348},"indent":[]},"value":"dendron.topic.pod"},{"from":{"fname":"dendron.roadmap.project.n.2020.server-migration","vaultName":"dendron.dendron-site"},"type":"backlink","position":{"start":{"line":67,"column":3,"offset":2876},"end":{"line":67,"column":24,"offset":2897},"indent":[]},"value":"dendron.topic.pod"}],"anchors":{"pod-methods":{"type":"header","value":"pod-methods","line":27,"column":0},"import":{"type":"header","value":"import","line":29,"column":0},"export":{"type":"header","value":"export","line":33,"column":0},"publish":{"type":"header","value":"publish","line":37,"column":0},"types-of-pods":{"type":"header","value":"types-of-pods","line":45,"column":0}},"fname":"dendron.topic.pod","updated":1614190960609,"created":1602958663144,"parent":"7a7af2fa-b9d0-4adc-81e6-f03186123539","children":["3e519113-5820-4a84-bef8-85103a7b296b","6322a2de-34fd-4c93-bcbe-d71c30e5f2b6","5de219e6-d9b9-4abf-9367-998109cd57cd","34893663-b1cc-4c4f-aea7-6f1728365b89","6301a5b4-d88f-4ecd-ad72-0880b1bf14b0"],"data":{},"contentHash":"1271e8a6e7377f3d5b368449af701065","custom":{},"schema":{"schemaId":"topic","moduleId":"dendron"}}
