{"id":"6682fca0-65ed-402c-8634-94cd51463cc4","title":"Vaults","vault":{"fsPath":"vault","name":"dendron.dendron-site"},"type":"note","desc":"","links":[{"type":"wiki","from":{"fname":"dendron.topic.vaults","id":"6682fca0-65ed-402c-8634-94cd51463cc4","vaultName":"dendron.dendron-site"},"value":"dendron.topic.commands","alias":"Vault Add","position":{"start":{"line":76,"column":49,"offset":2790},"end":{"line":76,"column":95,"offset":2836},"indent":[]},"xvault":false,"sameFile":false,"to":{"fname":"dendron.topic.commands","anchorHeader":"vault-add"}},{"type":"wiki","from":{"fname":"dendron.topic.vaults","id":"6682fca0-65ed-402c-8634-94cd51463cc4","vaultName":"dendron.dendron-site"},"value":"dendron.ref.vaults","alias":"Workspace Vault","position":{"start":{"line":88,"column":177,"offset":3312},"end":{"line":88,"column":231,"offset":3366},"indent":[]},"xvault":false,"sameFile":false,"to":{"fname":"dendron.ref.vaults","anchorHeader":"workspace-vault"}},{"type":"wiki","from":{"fname":"dendron.topic.vaults","id":"6682fca0-65ed-402c-8634-94cd51463cc4","vaultName":"dendron.dendron-site"},"value":"dendron.ref.workspace","alias":"workspace","position":{"start":{"line":97,"column":54,"offset":3631},"end":{"line":97,"column":89,"offset":3666},"indent":[]},"xvault":false,"sameFile":false,"to":{"fname":"dendron.ref.workspace"}},{"type":"wiki","from":{"fname":"dendron.topic.vaults","id":"6682fca0-65ed-402c-8634-94cd51463cc4","vaultName":"dendron.dendron-site"},"value":"dendron.ref.vaults","alias":"Vault Add","position":{"start":{"line":97,"column":132,"offset":3709},"end":{"line":97,"column":174,"offset":3751},"indent":[]},"xvault":false,"sameFile":false,"to":{"fname":"dendron.ref.vaults","anchorHeader":"vault-add"}},{"type":"wiki","from":{"fname":"dendron.topic.vaults","id":"6682fca0-65ed-402c-8634-94cd51463cc4","vaultName":"dendron.dendron-site"},"value":"dendron.ref.workspace","alias":"workspace","position":{"start":{"line":97,"column":180,"offset":3757},"end":{"line":97,"column":215,"offset":3792},"indent":[]},"xvault":false,"sameFile":false,"to":{"fname":"dendron.ref.workspace"}},{"type":"wiki","from":{"fname":"dendron.topic.vaults","id":"6682fca0-65ed-402c-8634-94cd51463cc4","vaultName":"dendron.dendron-site"},"value":"dendron.ref.vaults","alias":"here","position":{"start":{"line":99,"column":45,"offset":3946},"end":{"line":99,"column":95,"offset":3996},"indent":[]},"xvault":false,"sameFile":false,"to":{"fname":"dendron.ref.vaults","anchorHeader":"remote-workspace-vault"}},{"type":"wiki","from":{"fname":"dendron.topic.vaults","id":"6682fca0-65ed-402c-8634-94cd51463cc4","vaultName":"dendron.dendron-site"},"value":"dendron.topic.config.dendron","alias":"Configuration","position":{"start":{"line":101,"column":4,"offset":4002},"end":{"line":101,"column":50,"offset":4048},"indent":[]},"xvault":false,"sameFile":false,"to":{"fname":"dendron.topic.config.dendron"}},{"type":"wiki","from":{"fname":"dendron.topic.vaults","id":"6682fca0-65ed-402c-8634-94cd51463cc4","vaultName":"dendron.dendron-site"},"value":"dendron.ref.vaults","alias":"remote vaults","position":{"start":{"line":122,"column":22,"offset":4451},"end":{"line":122,"column":65,"offset":4494},"indent":[]},"xvault":false,"sameFile":false,"to":{"fname":"dendron.ref.vaults","anchorHeader":"remote"}},{"type":"wiki","from":{"fname":"dendron.topic.vaults","id":"6682fca0-65ed-402c-8634-94cd51463cc4","vaultName":"dendron.dendron-site"},"value":"dendron.ref.workspace","alias":"workspace sync configuration options","position":{"start":{"line":131,"column":5,"offset":4665},"end":{"line":131,"column":89,"offset":4749},"indent":[]},"xvault":false,"sameFile":false,"to":{"fname":"dendron.ref.workspace","anchorHeader":"configuration-options"}},{"type":"wiki","from":{"fname":"dendron.topic.vaults","id":"6682fca0-65ed-402c-8634-94cd51463cc4","vaultName":"dendron.dendron-site"},"value":"dendron.ref.workspace","alias":"synchronization strategy","position":{"start":{"line":133,"column":10,"offset":4779},"end":{"line":133,"column":76,"offset":4845},"indent":[]},"xvault":false,"sameFile":false,"to":{"fname":"dendron.ref.workspace","anchorHeader":"Workspace: Sync"}},{"type":"wiki","from":{"fname":"dendron.topic.vaults","id":"6682fca0-65ed-402c-8634-94cd51463cc4","vaultName":"dendron.dendron-site"},"value":"dendron.topic.config.dendron","alias":"workspace vault sync option","position":{"start":{"line":133,"column":112,"offset":4881},"end":{"line":133,"column":191,"offset":4960},"indent":[]},"xvault":false,"sameFile":false,"to":{"fname":"dendron.topic.config.dendron","anchorHeader":"workspaceVaultSync"}},{"type":"linkCandidate","from":{"fname":"dendron.topic.vaults","id":"6682fca0-65ed-402c-8634-94cd51463cc4","vaultName":"dendron.dendron-site"},"value":". A dendron vault stores a collection of related notes. If you're familiar with git, it's just like a code repo. By default, Dendron creates a","position":{"start":{"line":4,"column":52,"offset":64},"end":{"line":4,"column":195,"offset":207},"indent":[]},"to":{"fname":"dendron","vaultName":"dendron.dendron-site"}}],"anchors":{},"fname":"dendron.topic.vaults","updated":1626654071969,"created":1622841137387,"parent":"7a7af2fa-b9d0-4adc-81e6-f03186123539","children":["24b176f1-685d-44e1-a1b0-1704b1a92ca0"],"data":{},"contentHash":"960823352db112c9d7630a790093873b","stub":false,"custom":{"stub":true},"schema":{"schemaId":"topic","moduleId":"dendron"}}
