{"id":"66d734d2-07bd-4ac6-be0b-a38b55bc1099","title":"Keybindings","vault":{"fsPath":"vault","name":"dendron.dendron-site"},"type":"note","desc":"","links":[{"type":"wiki","from":{"fname":"dendron.topic.lookup.keybindings","id":"66d734d2-07bd-4ac6-be0b-a38b55bc1099","vaultName":"dendron.dendron-site"},"value":"dendron.topic.lookup.modifiers","alias":"here","position":{"start":{"line":20,"column":39,"offset":616},"end":{"line":20,"column":78,"offset":655},"indent":[]},"xvault":false,"to":{"fname":"dendron.topic.lookup.modifiers"}},{"type":"ref","from":{"fname":"dendron.topic.lookup.keybindings","id":"66d734d2-07bd-4ac6-be0b-a38b55bc1099","vaultName":"dendron.dendron-site"},"value":"dendron.topic.keybindings","position":{"start":{"line":3,"column":1,"offset":188},"end":{"line":3,"column":44,"offset":231},"indent":[]},"xvault":false,"to":{"fname":"dendron.topic.keybindings","anchorHeader":"summary,1:#*"}}],"anchors":{},"fname":"dendron.topic.lookup.keybindings","updated":1620228849295,"created":1608494646816,"parent":"a7c3a810-28c8-4b47-96a6-8156b1524af3","children":[],"data":{},"contentHash":"c2aabcef5c0eb13b0c8460100bd7f826","custom":{}}
