{"id":"678c77d9-ef2c-4537-97b5-64556d6337f1","title":"Getting Started","vault":{"fsPath":"vault","name":"dendron.dendron-site"},"type":"note","desc":"","links":[{"type":"wiki","from":{"fname":"dendron.tutorial","id":"678c77d9-ef2c-4537-97b5-64556d6337f1","vaultName":"dendron.dendron-site"},"value":"dendron.tutorial.navigation-basics","alias":"Learn the basics of the Dendron UI","position":{"start":{"line":15,"column":4,"offset":933},"end":{"line":15,"column":78,"offset":1007},"indent":[]},"xvault":false,"to":{"fname":"dendron.tutorial.navigation-basics"}},{"from":{"fname":"dendron","vaultName":"dendron.dendron-site"},"type":"backlink","position":{"start":{"line":58,"column":52,"offset":3868},"end":{"line":58,"column":88,"offset":3904},"indent":[]},"value":"dendron.tutorial"},{"from":{"fname":"dendron.guides.install","vaultName":"dendron.dendron-site"},"type":"backlink","position":{"start":{"line":26,"column":18,"offset":1002},"end":{"line":26,"column":55,"offset":1039},"indent":[]},"value":"dendron.tutorial"},{"from":{"fname":"dendron.release.2021-07-12","vaultName":"dendron.dendron-site"},"type":"backlink","position":{"start":{"line":21,"column":16,"offset":1269},"end":{"line":21,"column":36,"offset":1289},"indent":[]},"value":"dendron.tutorial"},{"from":{"fname":"dendron.release.changelog","vaultName":"dendron.dendron-site"},"type":"backlink","position":{"start":{"line":600,"column":139,"offset":17158},"end":{"line":600,"column":164,"offset":17183},"indent":[]},"value":"dendron.tutorial"},{"from":{"fname":"dendron.release.changelog","vaultName":"dendron.dendron-site"},"type":"backlink","position":{"start":{"line":604,"column":32,"offset":17228},"end":{"line":604,"column":57,"offset":17253},"indent":[]},"value":"dendron.tutorial"},{"from":{"fname":"dendron.tutorial.linking-notes","vaultName":"dendron.dendron-site"},"type":"backlink","position":{"start":{"line":9,"column":17,"offset":378},"end":{"line":9,"column":37,"offset":398},"indent":[]},"value":"dendron.tutorial"}],"anchors":{"pre-requisites":{"type":"header","value":"pre-requisites","line":10,"column":0},"start-the-tutorial":{"type":"header","value":"start-the-tutorial","line":20,"column":0}},"fname":"dendron.tutorial","updated":1625578960399,"created":1608051264282,"parent":"b0fe6ef7-1553-4280-bc45-a71824c2ce36","children":["TflY5kn29HOLpp1pWT9tP","9MZBqhrijEM4QpZRa5t08","gHdxXlNMr1w4xqee0n-Mb","8DCgctK-RMD4EeHjC5_hI","4RFQMNA91cRW12VJl_PFd"],"data":{},"contentHash":"b1b80a911383994a4e5d28516e29d593","custom":{"nav_order":1.1}}
