{"id":"683740e3-70ce-4a47-a1f4-1f140e80b558","title":"FAQ","vault":{"fsPath":"vault","name":"dendron.dendron-site"},"type":"note","desc":"","links":[{"type":"wiki","from":{"fname":"dendron.faq","id":"683740e3-70ce-4a47-a1f4-1f140e80b558","vaultName":"dendron.dendron-site"},"value":"dendron.topic.hierarchies","alias":"hierarchies","position":{"start":{"line":43,"column":78,"offset":3286},"end":{"line":43,"column":119,"offset":3327},"indent":[]},"xvault":false,"to":{"fname":"dendron.topic.hierarchies"}},{"type":"wiki","from":{"fname":"dendron.faq","id":"683740e3-70ce-4a47-a1f4-1f140e80b558","vaultName":"dendron.dendron-site"},"value":"dendron.topic.schema","alias":"schemas","position":{"start":{"line":44,"column":51,"offset":3379},"end":{"line":44,"column":83,"offset":3411},"indent":[]},"xvault":false,"to":{"fname":"dendron.topic.schema"}},{"type":"wiki","from":{"fname":"dendron.faq","id":"683740e3-70ce-4a47-a1f4-1f140e80b558","vaultName":"dendron.dendron-site"},"value":"dendron.topic.lookup","alias":"lookup","position":{"start":{"line":45,"column":76,"offset":3487},"end":{"line":45,"column":107,"offset":3518},"indent":[]},"xvault":false,"to":{"fname":"dendron.topic.lookup"}},{"type":"wiki","from":{"fname":"dendron.faq","id":"683740e3-70ce-4a47-a1f4-1f140e80b558","vaultName":"dendron.dendron-site"},"value":"dendron.topic.links","alias":"Cross Vault Links","position":{"start":{"line":124,"column":22,"offset":8486},"end":{"line":124,"column":81,"offset":8545},"indent":[]},"xvault":false,"to":{"fname":"dendron.topic.links","anchorHeader":"cross-vault-links"}},{"type":"wiki","from":{"fname":"dendron.faq","id":"683740e3-70ce-4a47-a1f4-1f140e80b558","vaultName":"dendron.dendron-site"},"value":"dendron.topic.vaults.multi-vault","alias":"Multi Vault","position":{"start":{"line":124,"column":103,"offset":8567},"end":{"line":124,"column":151,"offset":8615},"indent":[]},"xvault":false,"to":{"fname":"dendron.topic.vaults.multi-vault"}},{"type":"wiki","from":{"fname":"dendron.faq","id":"683740e3-70ce-4a47-a1f4-1f140e80b558","vaultName":"dendron.dendron-site"},"value":"dendron.topic.hierarchies","alias":"note hierarchy","position":{"start":{"line":130,"column":123,"offset":8918},"end":{"line":130,"column":167,"offset":8962},"indent":[]},"xvault":false,"to":{"fname":"dendron.topic.hierarchies"}},{"type":"wiki","from":{"fname":"dendron.faq","id":"683740e3-70ce-4a47-a1f4-1f140e80b558","vaultName":"dendron.dendron-site"},"value":"dendron.topic.lookup","alias":"lookup-feature","position":{"start":{"line":132,"column":43,"offset":9199},"end":{"line":132,"column":82,"offset":9238},"indent":[]},"xvault":false,"to":{"fname":"dendron.topic.lookup"}},{"type":"wiki","from":{"fname":"dendron.faq","id":"683740e3-70ce-4a47-a1f4-1f140e80b558","vaultName":"dendron.dendron-site"},"value":"dendron.topic.references","alias":"refer","position":{"start":{"line":138,"column":544,"offset":10409},"end":{"line":138,"column":578,"offset":10443},"indent":[]},"xvault":false,"to":{"fname":"dendron.topic.references"}},{"type":"wiki","from":{"fname":"dendron.faq","id":"683740e3-70ce-4a47-a1f4-1f140e80b558","vaultName":"dendron.dendron-site"},"value":"dendron.topic.tags","alias":"tags","position":{"start":{"line":150,"column":8,"offset":11078},"end":{"line":150,"column":35,"offset":11105},"indent":[]},"xvault":false,"to":{"fname":"dendron.topic.tags"}},{"type":"wiki","from":{"fname":"dendron.faq","id":"683740e3-70ce-4a47-a1f4-1f140e80b558","vaultName":"dendron.dendron-site"},"value":"dendron.topic.workbench","alias":"dendron tree view","position":{"start":{"line":171,"column":62,"offset":13242},"end":{"line":171,"column":125,"offset":13305},"indent":[]},"xvault":false,"to":{"fname":"dendron.topic.workbench","anchorHeader":"dendron-tree-view"}},{"type":"wiki","from":{"fname":"dendron.faq","id":"683740e3-70ce-4a47-a1f4-1f140e80b558","vaultName":"dendron.dendron-site"},"value":"dendron.topic.pod.builtin.markdown.import","alias":"markdown pod","position":{"start":{"line":171,"column":187,"offset":13367},"end":{"line":171,"column":245,"offset":13425},"indent":[]},"xvault":false,"to":{"fname":"dendron.topic.pod.builtin.markdown.import"}},{"type":"wiki","from":{"fname":"dendron.faq","id":"683740e3-70ce-4a47-a1f4-1f140e80b558","vaultName":"dendron.dendron-site"},"value":"dendron.topic.pod.builtin.markdown.export","alias":"markdown export pod","position":{"start":{"line":173,"column":377,"offset":13832},"end":{"line":173,"column":442,"offset":13897},"indent":[]},"xvault":false,"to":{"fname":"dendron.topic.pod.builtin.markdown.export"}},{"type":"wiki","from":{"fname":"dendron.faq","id":"683740e3-70ce-4a47-a1f4-1f140e80b558","vaultName":"dendron.dendron-site"},"value":"dendron.guides.tips","alias":"search editor","position":{"start":{"line":235,"column":35,"offset":17255},"end":{"line":235,"column":86,"offset":17306},"indent":[]},"xvault":false,"to":{"fname":"dendron.guides.tips","anchorHeader":"search-editor"}},{"type":"wiki","from":{"fname":"dendron.faq","id":"683740e3-70ce-4a47-a1f4-1f140e80b558","vaultName":"dendron.dendron-site"},"value":"dendron.concepts","alias":"stub","position":{"start":{"line":287,"column":56,"offset":19769},"end":{"line":287,"column":87,"offset":19800},"indent":[]},"xvault":false,"to":{"fname":"dendron.concepts","anchorHeader":"stubs"}},{"type":"wiki","from":{"fname":"dendron.faq","id":"683740e3-70ce-4a47-a1f4-1f140e80b558","vaultName":"dendron.dendron-site"},"value":"dendron.guides.tips","alias":"tip","position":{"start":{"line":311,"column":29,"offset":21678},"end":{"line":311,"column":80,"offset":21729},"indent":[]},"xvault":false,"to":{"fname":"dendron.guides.tips","anchorHeader":"automate-git-tasks,1:"}},{"type":"wiki","from":{"fname":"dendron.faq","id":"683740e3-70ce-4a47-a1f4-1f140e80b558","vaultName":"dendron.dendron-site"},"value":"dendron.topic.hooks","alias":"hooks","position":{"start":{"line":330,"column":70,"offset":22831},"end":{"line":330,"column":99,"offset":22860},"indent":[]},"xvault":false,"to":{"fname":"dendron.topic.hooks"}},{"type":"wiki","from":{"fname":"dendron.faq","id":"683740e3-70ce-4a47-a1f4-1f140e80b558","vaultName":"dendron.dendron-site"},"value":"dendron.guides.best-practices","alias":"Using Dendron Across Machines","position":{"start":{"line":340,"column":5,"offset":23178},"end":{"line":340,"column":98,"offset":23271},"indent":[]},"xvault":false,"to":{"fname":"dendron.guides.best-practices","anchorHeader":"using-dendron-across-machines"}},{"type":"ref","from":{"fname":"dendron.faq","id":"683740e3-70ce-4a47-a1f4-1f140e80b558","vaultName":"dendron.dendron-site"},"value":"dendron.topic.publishing.faq","position":{"start":{"line":247,"column":1,"offset":17716},"end":{"line":247,"column":65,"offset":17780},"indent":[]},"xvault":true,"to":{"fname":"dendron.topic.publishing.faq","vaultName":"dendron.dendron-site"}},{"from":{"fname":"dendron","vaultName":"dendron.dendron-site"},"type":"backlink","position":{"start":{"line":72,"column":9,"offset":4747},"end":{"line":72,"column":28,"offset":4766},"indent":[]},"value":"dendron.faq"},{"from":{"fname":"dendron.alternatives","vaultName":"dendron.dendron-site"},"type":"backlink","position":{"start":{"line":6,"column":1,"offset":365},"end":{"line":6,"column":71,"offset":435},"indent":[]},"value":"dendron.faq"}],"anchors":{"general":{"type":"header","value":"general","line":12,"column":0},"what-is-a-dendron":{"type":"header","value":"what-is-a-dendron","line":14,"column":0},"how-is-dendron-different-from-x-note-taking-tool":{"type":"header","value":"how-is-dendron-different-from-x-note-taking-tool","line":24,"column":0},"how-is-dendron-different-from-roam":{"type":"header","value":"how-is-dendron-different-from-roam","line":36,"column":0},"how-does-dendron-help-me-track-my-notes":{"type":"header","value":"how-does-dendron-help-me-track-my-notes","line":49,"column":0},"is-dendron-free-will-it-stay-free":{"type":"header","value":"is-dendron-free-will-it-stay-free","line":59,"column":0},"why-is-dendron-built-on-top-of-vscode":{"type":"header","value":"why-is-dendron-built-on-top-of-vscode","line":73,"column":0},"working-with-notes":{"type":"header","value":"working-with-notes","line":81,"column":0},"why-markdown":{"type":"header","value":"why-markdown","line":83,"column":0},"can-i-use-dendron-with-existing-notes":{"type":"header","value":"can-i-use-dendron-with-existing-notes","line":89,"column":0},"how-do-i-save":{"type":"header","value":"how-do-i-save","line":99,"column":0},"how-do-i-go-back-to-the-previous-note":{"type":"header","value":"how-do-i-go-back-to-the-previous-note","line":103,"column":0},"what-can-i-do-with-the--note":{"type":"header","value":"what-can-i-do-with-the--note","line":122,"column":0},"can-i-manually-move-notes":{"type":"header","value":"can-i-manually-move-notes","line":128,"column":0},"working-with-hierarchies":{"type":"header","value":"working-with-hierarchies","line":134,"column":0},"how-should-i-name-a-note":{"type":"header","value":"how-should-i-name-a-note","line":136,"column":0},"what-kind-of-note-hierarchy-should-i-create":{"type":"header","value":"what-kind-of-note-hierarchy-should-i-create","line":142,"column":0},"do-i-have-to-use-hierarchies-what-if-i-want-to-use-another-approach":{"type":"header","value":"do-i-have-to-use-hierarchies-what-if-i-want-to-use-another-approach","line":148,"column":0},"what-if-i-have-a-note-that-belongs-in-multiple-hierarchies":{"type":"header","value":"what-if-i-have-a-note-that-belongs-in-multiple-hierarchies","line":154,"column":0},"hierarchies-add-too-much-friction":{"type":"header","value":"hierarchies-add-too-much-friction","line":161,"column":0},"hierarchies-are-too-rigid":{"type":"header","value":"hierarchies-are-too-rigid","line":169,"column":0},"will-dendron-ever-support-folders":{"type":"header","value":"will-dendron-ever-support-folders","line":175,"column":0},"working-with-schemas":{"type":"header","value":"working-with-schemas","line":183,"column":0},"what-is-the-deal-with-schemas-do-i-need-to-use-them":{"type":"header","value":"what-is-the-deal-with-schemas-do-i-need-to-use-them","line":185,"column":0},"how-do-schemas-work-with-multi-vault":{"type":"header","value":"how-do-schemas-work-with-multi-vault","line":197,"column":0},"working-with-vaults":{"type":"header","value":"working-with-vaults","line":207,"column":0},"git-doc-and-other-extensions-dont-recognize-my-repos-for-multi-vault":{"type":"header","value":"git-doc-and-other-extensions-dont-recognize-my-repos-for-multi-vault","line":209,"column":0},"finding-notes":{"type":"header","value":"finding-notes","line":230,"column":0},"can-i-do-filter-by-the-metadata-in-dendron":{"type":"header","value":"can-i-do-filter-by-the-metadata-in-dendron","line":232,"column":0},"can-i-autocomplete-an-hierarchy":{"type":"header","value":"can-i-autocomplete-an-hierarchy","line":245,"column":0},"publishing":{"type":"header","value":"publishing","line":254,"column":0},"other":{"type":"header","value":"other","line":257,"column":0},"how-to-launch-dendron-with-most-recent-vault-quickly":{"type":"header","value":"how-to-launch-dendron-with-most-recent-vault-quickly","line":259,"column":0},"why-are-there--files-in-my-notes":{"type":"header","value":"why-are-there--files-in-my-notes","line":263,"column":0},"can-i-use-a-dark-theme-for-the-markdown-preview":{"type":"header","value":"can-i-use-a-dark-theme-for-the-markdown-preview","line":279,"column":0},"can-i-customize-the-markdown-preview-css":{"type":"header","value":"can-i-customize-the-markdown-preview-css","line":283,"column":0},"is-there-a-list-of-keyboard-shortcuts-i-can-see":{"type":"header","value":"is-there-a-list-of-keyboard-shortcuts-i-can-see","line":287,"column":0},"why-are-there--signs-next-to-the-notes-in-the-tree-view":{"type":"header","value":"why-are-there--signs-next-to-the-notes-in-the-tree-view","line":291,"column":0},"why-custom-markdown-preview-instead-of-the-vsc-one":{"type":"header","value":"why-custom-markdown-preview-instead-of-the-vsc-one","line":297,"column":0},"vscode-snippets-are-not-working-in-frontmatter":{"type":"header","value":"vscode-snippets-are-not-working-in-frontmatter","line":303,"column":0},"the-extension-dendron-markdown-preview-enhanced-took-a-very-long-time-to-complete-its-last-operation":{"type":"header","value":"the-extension-dendron-markdown-preview-enhanced-took-a-very-long-time-to-complete-its-last-operation","line":307,"column":0},"i-want-to-push-all-my-note-to-my-git-repository-periodically":{"type":"header","value":"i-want-to-push-all-my-note-to-my-git-repository-periodically","line":311,"column":0},"dendron-11ty-package-version-is-confusing":{"type":"header","value":"dendron-11ty-package-version-is-confusing","line":322,"column":0},"vscode-is-telling-me-i-have-to-authorize-dendron-to-run-some-code":{"type":"header","value":"vscode-is-telling-me-i-have-to-authorize-dendron-to-run-some-code","line":330,"column":0},"my-firewall-is-asking-if-i-wanted-to-open-new-ports-when-i-use-dendron-why-is-this":{"type":"header","value":"my-firewall-is-asking-if-i-wanted-to-open-new-ports-when-i-use-dendron-why-is-this","line":340,"column":0},"how-do-i-setup-dendron-to-work-between-multiple-machines":{"type":"header","value":"how-do-i-setup-dendron-to-work-between-multiple-machines","line":346,"column":0}},"fname":"dendron.faq","updated":1627661242045,"created":1595952505025,"parent":"b0fe6ef7-1553-4280-bc45-a71824c2ce36","children":[],"data":{},"contentHash":"1c105d4b5175738340d0c15d2fe8d953","custom":{"stub":false,"nav_order":6},"schema":{"schemaId":"faq","moduleId":"dendron"}}
