{"id":"692fa114-f798-467f-a0b9-3cccc327aa6f","title":"Tips","vault":{"fsPath":"vault","name":"dendron.dendron-site"},"type":"note","desc":"","links":[{"type":"wiki","from":{"fname":"dendron.guides.tips","id":"692fa114-f798-467f-a0b9-3cccc327aa6f","vaultName":"dendron.dendron-site"},"value":"dendron.topic.schema","alias":"schema templates","position":{"start":{"line":400,"column":16,"offset":13505},"end":{"line":400,"column":66,"offset":13555},"indent":[]},"xvault":false,"to":{"fname":"dendron.topic.schema","anchorHeader":"template"}},{"type":"wiki","from":{"fname":"dendron.guides.tips","id":"692fa114-f798-467f-a0b9-3cccc327aa6f","vaultName":"dendron.dendron-site"},"value":"dendron.topic.lookup.create","alias":"lookup bar","position":{"start":{"line":408,"column":88,"offset":14339},"end":{"line":408,"column":130,"offset":14381},"indent":[]},"xvault":false,"to":{"fname":"dendron.topic.lookup.create"}},{"from":{"fname":"dendron.faq","vaultName":"dendron.dendron-site"},"type":"backlink","position":{"start":{"line":235,"column":35,"offset":17255},"end":{"line":235,"column":86,"offset":17306},"indent":[]},"value":"dendron.guides.tips"},{"from":{"fname":"dendron.faq","vaultName":"dendron.dendron-site"},"type":"backlink","position":{"start":{"line":311,"column":29,"offset":21678},"end":{"line":311,"column":80,"offset":21729},"indent":[]},"value":"dendron.guides.tips"},{"from":{"fname":"dendron.release.2021-07-05","vaultName":"dendron.dendron-site"},"type":"backlink","position":{"start":{"line":19,"column":22,"offset":1145},"end":{"line":19,"column":95,"offset":1218},"indent":[]},"value":"dendron.guides.tips"},{"from":{"fname":"dendron.topic.extensions","vaultName":"dendron.dendron-site"},"type":"backlink","position":{"start":{"line":21,"column":1,"offset":1080},"end":{"line":21,"column":75,"offset":1154},"indent":[]},"value":"dendron.guides.tips"},{"from":{"fname":"dendron.topic.preview","vaultName":"dendron.dendron-site"},"type":"backlink","position":{"start":{"line":20,"column":17,"offset":971},"end":{"line":20,"column":118,"offset":1072},"indent":[]},"value":"dendron.guides.tips"},{"from":{"fname":"dendron.topic.tags","vaultName":"dendron.dendron-site"},"type":"backlink","position":{"start":{"line":87,"column":1,"offset":3201},"end":{"line":87,"column":59,"offset":3259},"indent":[]},"value":"dendron.guides.tips"},{"from":{"fname":"dendron.workflows.bullet-journal","vaultName":"dendron.dendron-site"},"type":"backlink","position":{"start":{"line":26,"column":1,"offset":676},"end":{"line":26,"column":40,"offset":715},"indent":[]},"value":"dendron.guides.tips"},{"from":{"fname":"dendron.workflows.todos","vaultName":"dendron.dendron-site"},"type":"backlink","position":{"start":{"line":53,"column":1,"offset":1079},"end":{"line":53,"column":43,"offset":1121},"indent":[]},"value":"dendron.guides.tips"},{"from":{"fname":"dendron.release.changelog.0-1-x","vaultName":"dendron.dendron-site"},"type":"backlink","position":{"start":{"line":708,"column":1,"offset":35848},"end":{"line":708,"column":68,"offset":35915},"indent":[]},"value":"dendron.guides.tips"},{"from":{"fname":"dendron.topic.publishing.github","vaultName":"dendron.dendron-site"},"type":"backlink","position":{"start":{"line":124,"column":39,"offset":3423},"end":{"line":124,"column":123,"offset":3507},"indent":[]},"value":"dendron.guides.tips"}],"anchors":{"bucket":{"type":"header","value":"bucket","line":8,"column":0},"peeking":{"type":"header","value":"peeking","line":10,"column":0},"moving-lines":{"type":"header","value":"moving-lines","line":19,"column":0},"search-editor":{"type":"header","value":"search-editor","line":25,"column":0},"stylized-tags-using-custom-css":{"type":"header","value":"stylized-tags-using-custom-css","line":48,"column":0},"collapsing-headers-and-bullets":{"type":"header","value":"collapsing-headers-and-bullets","line":75,"column":0},"create-a-new-note-in-a-deeply-nested-hierarchy":{"type":"header","value":"create-a-new-note-in-a-deeply-nested-hierarchy","line":82,"column":0},"automate-git-tasks":{"type":"header","value":"automate-git-tasks","line":96,"column":0},"publish-to-github-pages-with-actions":{"type":"header","value":"publish-to-github-pages-with-actions","line":103,"column":0},"go-back-to-previous-note":{"type":"header","value":"go-back-to-previous-note","line":199,"column":0},"keep-track-of-tabs":{"type":"header","value":"keep-track-of-tabs","line":207,"column":0},"copy-and-paste-web-content-into-dendron":{"type":"header","value":"copy-and-paste-web-content-into-dendron","line":226,"column":0},"workbench":{"type":"header","value":"workbench","line":255,"column":0},"navigating-a-hierarchy":{"type":"header","value":"navigating-a-hierarchy","line":257,"column":0},"remove-markdown-buttons-in-menu-bar":{"type":"header","value":"remove-markdown-buttons-in-menu-bar","line":263,"column":0},"moving-panes":{"type":"header","value":"moving-panes","line":273,"column":0},"pinning-tabs":{"type":"header","value":"pinning-tabs","line":287,"column":0},"zen-mode":{"type":"header","value":"zen-mode","line":303,"column":0},"snippets":{"type":"header","value":"snippets","line":331,"column":0},"have-links-auto-complete-without-additional-key-presses":{"type":"header","value":"have-links-auto-complete-without-additional-key-presses","line":333,"column":0},"markdown":{"type":"header","value":"markdown","line":355,"column":0},"always-have-the-preview-open":{"type":"header","value":"always-have-the-preview-open","line":357,"column":0},"symbol-search":{"type":"header","value":"symbol-search","line":366,"column":0},"auto-bullet-list":{"type":"header","value":"auto-bullet-list","line":372,"column":0},"academic-notes-with-templates":{"type":"header","value":"academic-notes-with-templates","line":404,"column":0},"other-tools":{"type":"header","value":"other-tools","line":416,"column":0},"other-vscode-extensions":{"type":"header","value":"other-vscode-extensions","line":421,"column":0},"git":{"type":"header","value":"git","line":423,"column":0},"coding":{"type":"header","value":"coding","line":429,"column":0},"other":{"type":"header","value":"other","line":432,"column":0},"other-browser-extensions":{"type":"header","value":"other-browser-extensions","line":440,"column":0},"web-clipper":{"type":"header","value":"web-clipper","line":442,"column":0}},"fname":"dendron.guides.tips","updated":1620400139991,"created":1595614204291,"parent":"02c2d7b6-2ea2-4e15-9894-9dead50d5ca2","children":[],"data":{},"contentHash":"2fbf1f77f987f6a9b13fb4f0fe39cad0","custom":{}}
