{"id":"693cf49f-1351-44fb-bca3-4bc183a0cccd","title":"02","vault":{"fsPath":"vault","name":"dendron.dendron-site"},"type":"note","desc":"","links":[],"anchors":{"2-may":{"type":"header","value":"2-may","line":8,"column":0},"minutes":{"type":"header","value":"minutes","line":16,"column":0}},"fname":"dendron.community.office-hours.2021.05.02","updated":1619982142014,"created":1619982038510,"parent":"8fade289-92bf-4f8b-a58a-74d91c3d6655","children":[],"data":{},"contentHash":"01927fdefdca09d7b1daea3eb54cb0d3","custom":{}}
