{"id":"69746008-2fa0-4036-b443-b15076a3d6bf","title":"Dendron Markdown","vault":{"fsPath":"vault","name":"dendron.dendron-site"},"type":"note","desc":"","links":[{"from":{"fname":"pkg","vaultName":"dendron.dendron-site"},"type":"backlink","position":{"start":{"line":10,"column":7,"offset":216},"end":{"line":10,"column":48,"offset":257},"indent":[]},"value":"pkg.dendron-markdown"},{"from":{"fname":"pkg.dendron-engine.arch.unified","vaultName":"dendron.dendron-site"},"type":"backlink","position":{"start":{"line":3,"column":5,"offset":16},"end":{"line":3,"column":46,"offset":57},"indent":[]},"value":"pkg.dendron-markdown"}],"anchors":{"summary":{"type":"header","value":"summary","line":8,"column":0},"lookup":{"type":"header","value":"lookup","line":13,"column":0},"details":{"type":"header","value":"details","line":19,"column":0},"unified":{"type":"header","value":"unified","line":30,"column":0},"dendron":{"type":"header","value":"dendron","line":49,"column":0}},"fname":"pkg.dendron-markdown","updated":1623640787131,"created":1618848143084,"parent":"32cdd4aa-d9f6-4582-8d0c-07f64a00299b","children":["dc72e684-8ff8-4c41-a2f7-93fc14ee0d6a","71b2b973-bcec-443e-aa8f-538d8b600fd1","YdrjLvj2kSmWYsuL","abdfcc43-59a2-4363-abc9-72c0b6ebc2ba","2b9fd89c-6af5-4d12-b5d3-71529105be61","HlE2o1rQ0p7r9fcf"],"data":{},"contentHash":"21ba2851f1b3e069d14fec0ceb1c7ea1","custom":{}}
