{"id":"6aed338c-df05-420d-aa7b-59dfd2214349","title":"Release Notes(version 0.4)","vault":{"fsPath":"vault","name":"dendron.dendron-site"},"type":"note","desc":"","links":[{"type":"wiki","from":{"fname":"dendron.release.2020-07-25","id":"6aed338c-df05-420d-aa7b-59dfd2214349","vaultName":"dendron.dendron-site"},"value":"tags.roadmap","alias":"#roadmap","position":{"start":{"line":102,"column":205,"offset":6382},"end":{"line":102,"column":213,"offset":6390},"indent":[]},"xvault":false,"to":{"fname":"tags.roadmap"}}],"anchors":{"legend":{"type":"header","value":"legend","line":12,"column":0},"features":{"type":"header","value":"features","line":16,"column":0},"new-getting-started-experience-dd4f50e":{"type":"header","value":"new-getting-started-experience-dd4f50e","line":18,"column":0},"-graph-view-for-hierarchies-129bf4e":{"type":"header","value":"-graph-view-for-hierarchies-129bf4e","line":24,"column":0},"-windows-support-a789ec5":{"type":"header","value":"-windows-support-a789ec5","line":32,"column":0},"upgrade-settings-command-c043090":{"type":"header","value":"upgrade-settings-command-c043090","line":36,"column":0},"reload-index-command-236b2ac":{"type":"header","value":"reload-index-command-236b2ac","line":42,"column":0},"open-logs-command-4f223fc":{"type":"header","value":"open-logs-command-4f223fc","line":48,"column":0},"open-link-command-7f630d1":{"type":"header","value":"open-link-command-7f630d1","line":54,"column":0},"journal-notes-5e1236f":{"type":"header","value":"journal-notes-5e1236f","line":60,"column":0},"scratch-notes-scratch-71d8433":{"type":"header","value":"scratch-notes-scratch-71d8433","line":66,"column":0},"fixes":{"type":"header","value":"fixes","line":72,"column":0},"markdown-preview-will-now-open-local-links-9a3418":{"type":"header","value":"markdown-preview-will-now-open-local-links-9a3418","line":74,"column":0},"enhancements":{"type":"header","value":"enhancements","line":78,"column":0},"reduce-startup-speed-4502e49":{"type":"header","value":"reduce-startup-speed-4502e49","line":80,"column":0},"remove-extra-frontmatter-e059346":{"type":"header","value":"remove-extra-frontmatter-e059346","line":84,"column":0},"initialize-default-workspace-with-relative-paths-790ef50":{"type":"header","value":"initialize-default-workspace-with-relative-paths-790ef50","line":90,"column":0},"initialize-new-vault-with-git-7278b6f":{"type":"header","value":"initialize-new-vault-with-git-7278b6f","line":99,"column":0},"example-video":{"type":"header","value":"example-video","line":103,"column":0},"next":{"type":"header","value":"next","line":107,"column":0},"refactor-hierarchies":{"type":"header","value":"refactor-hierarchies","line":111,"column":0},"publish-to-github-pages":{"type":"header","value":"publish-to-github-pages","line":117,"column":0},"thank-you":{"type":"header","value":"thank-you","line":123,"column":0}},"fname":"dendron.release.2020-07-25","updated":1609990780194,"created":1595984607502,"parent":"932534e7-e788-4fdb-bc8c-eaf761992a8d","children":[],"data":{},"contentHash":"87e57b36c86598f97dbc4365dd617fe0","custom":{"date":"2020-07-25"}}
