{"id":"6d21fd60-e564-4a55-b4c0-d2586293b908","title":"Blogging","vault":{"fsPath":"vault","name":"dendron.dendron-site"},"type":"note","desc":"","links":[{"type":"wiki","from":{"fname":"dendron.topic.publishing.blogging","id":"6d21fd60-e564-4a55-b4c0-d2586293b908","vaultName":"dendron.dendron-site"},"value":"dendron.topic.publishing.configuration","alias":"collection specific options","position":{"start":{"line":3,"column":49,"offset":50},"end":{"line":3,"column":139,"offset":140},"indent":[]},"xvault":false,"to":{"fname":"dendron.topic.publishing.configuration","anchorHeader":"collection-options"}},{"from":{"fname":"dendron.release.changelog.0-3-x","vaultName":"dendron.dendron-site"},"type":"backlink","position":{"start":{"line":346,"column":35,"offset":10184},"end":{"line":346,"column":81,"offset":10230},"indent":[]},"value":"dendron.topic.publishing.blogging"}],"anchors":{"using-collections":{"type":"header","value":"using-collections","line":12,"column":0},"using-journal-notes":{"type":"header","value":"using-journal-notes","line":31,"column":0}},"fname":"dendron.topic.publishing.blogging","updated":1614547898424,"created":1614547017272,"parent":"579e379b-3eca-4676-b51c-c66eb26a11b8","children":[],"data":{},"contentHash":"87560f2e5e29fe77f1bc920a772d4ade","custom":{}}
