{"id":"6d77fa3b-f0f1-4fb5-bac1-14389d6efeb5","title":"Release Notes (version 0.41)","vault":{"fsPath":"vault","name":"dendron.dendron-site"},"type":"note","desc":"","links":[{"type":"wiki","from":{"fname":"dendron.release.2021-05-10","id":"6d77fa3b-f0f1-4fb5-bac1-14389d6efeb5","vaultName":"dendron.dendron-site"},"value":"dendron.community.roles","alias":"here","position":{"start":{"line":14,"column":38,"offset":523},"end":{"line":14,"column":70,"offset":555},"indent":[]},"xvault":false,"to":{"fname":"dendron.community.roles"}},{"type":"ref","from":{"fname":"dendron.release.2021-05-10","id":"6d77fa3b-f0f1-4fb5-bac1-14389d6efeb5","vaultName":"dendron.dendron-site"},"value":"dendron.release.changelog","position":{"start":{"line":42,"column":1,"offset":1695},"end":{"line":42,"column":41,"offset":1735},"indent":[]},"xvault":false,"to":{"fname":"dendron.release.changelog","anchorHeader":"0404:#040"}}],"anchors":{"highlights":{"type":"header","value":"highlights","line":10,"column":0},"community":{"type":"header","value":"community","line":17,"column":0},"changelog":{"type":"header","value":"changelog","line":47,"column":0}},"fname":"dendron.release.2021-05-10","updated":1620669972884,"created":1620668738966,"parent":"932534e7-e788-4fdb-bc8c-eaf761992a8d","children":[],"data":{},"contentHash":"7e82d87086e0fec669664a0fc9bccaca","custom":{}}
