{"id":"6e4c4f61-80a3-46fa-9ad3-04b99d9e9695","title":"Dendron Public Roadmap","vault":{"fsPath":"vault","name":"dendron.dendron-site"},"type":"note","desc":"","links":[{"type":"wiki","from":{"fname":"dendron.roadmap","id":"6e4c4f61-80a3-46fa-9ad3-04b99d9e9695","vaultName":"dendron.dendron-site"},"value":"dendron.mission-statement","alias":"Mission statement","position":{"start":{"line":10,"column":57,"offset":480},"end":{"line":10,"column":104,"offset":527},"indent":[]},"xvault":false,"to":{"fname":"dendron.mission-statement"}},{"type":"wiki","from":{"fname":"dendron.roadmap","id":"6e4c4f61-80a3-46fa-9ad3-04b99d9e9695","vaultName":"dendron.dendron-site"},"value":"dendron.community.roles","alias":"roles","position":{"start":{"line":54,"column":28,"offset":4638},"end":{"line":54,"column":61,"offset":4671},"indent":[]},"xvault":false,"to":{"fname":"dendron.community.roles"}},{"from":{"fname":"dendron.release.2021-05-31","vaultName":"dendron.dendron-site"},"type":"backlink","position":{"start":{"line":17,"column":7,"offset":450},"end":{"line":17,"column":42,"offset":485},"indent":[]},"value":"dendron.roadmap"},{"from":{"fname":"dendron.rfc.14-seed-bank","vaultName":"dendron.dendron-site"},"type":"backlink","position":{"start":{"line":182,"column":3,"offset":5715},"end":{"line":182,"column":51,"offset":5763},"indent":[]},"value":"dendron.roadmap"},{"from":{"fname":"dendron.dev.triage.process","vaultName":"dendron.dendron-site"},"type":"backlink","position":{"start":{"line":67,"column":279,"offset":4532},"end":{"line":67,"column":306,"offset":4559},"indent":[]},"value":"dendron.roadmap"},{"from":{"fname":"dendron.release.changelog.0-1-x","vaultName":"dendron.dendron-site"},"type":"backlink","position":{"start":{"line":805,"column":64,"offset":39810},"end":{"line":805,"column":98,"offset":39844},"indent":[]},"value":"dendron.roadmap"},{"from":{"fname":"dendron.release.changelog.0-1-x","vaultName":"dendron.dendron-site"},"type":"backlink","position":{"start":{"line":866,"column":1,"offset":42509},"end":{"line":866,"column":21,"offset":42529},"indent":[]},"value":"dendron.roadmap"}],"anchors":{"context":{"type":"header","value":"context","line":17,"column":0},"in-q3":{"type":"header","value":"in-q3","line":31,"column":0},"in-q4":{"type":"header","value":"in-q4","line":39,"column":0},"feedback":{"type":"header","value":"feedback","line":49,"column":0},"how-can-you-help":{"type":"header","value":"how-can-you-help","line":55,"column":0}},"fname":"dendron.roadmap","updated":1622308514937,"created":1600840127160,"parent":"b0fe6ef7-1553-4280-bc45-a71824c2ce36","children":["8cf880da-6402-47fb-8e9a-9d5fa38e31d0"],"data":{},"contentHash":"874d6ec1286c49b5b751801a74fc99b7","custom":{"stub":false,"nav_order":2.1,"nav_exclude":true}}
