{"id":"6e87249b-358f-4f4b-8049-dff6e6a8463b","title":"Better Graph View – Design","vault":{"fsPath":"vault","name":"dendron.dendron-site"},"type":"note","desc":"","links":[{"type":"wiki","from":{"fname":"dendron.rfc.7-graph-rework.design","id":"6e87249b-358f-4f4b-8049-dff6e6a8463b","vaultName":"dendron.dendron-site"},"value":"dendron.topic.pod.builtin.graphviz","alias":"you can find its documentation here.","position":{"start":{"line":2,"column":124,"offset":124},"end":{"line":2,"column":201,"offset":201},"indent":[]},"xvault":false,"to":{"fname":"dendron.topic.pod.builtin.graphviz"}},{"type":"wiki","from":{"fname":"dendron.rfc.7-graph-rework.design","id":"6e87249b-358f-4f4b-8049-dff6e6a8463b","vaultName":"dendron.dendron-site"},"value":"dendron.rfc.7-graph-rework.library-research","alias":"list of all libraries researched.","position":{"start":{"line":32,"column":13,"offset":1374},"end":{"line":32,"column":94,"offset":1455},"indent":[]},"xvault":false,"to":{"fname":"dendron.rfc.7-graph-rework.library-research"}},{"from":{"fname":"dendron.release.2021-05-31","vaultName":"dendron.dendron-site"},"type":"backlink","position":{"start":{"line":20,"column":7,"offset":614},"end":{"line":20,"column":66,"offset":673},"indent":[]},"value":"dendron.rfc.7-graph-rework.design"},{"from":{"fname":"dendron.rfc.7-graph-rework.plan","vaultName":"dendron.dendron-site"},"type":"backlink","position":{"start":{"line":42,"column":3,"offset":821},"end":{"line":42,"column":67,"offset":885},"indent":[]},"value":"dendron.rfc.7-graph-rework.design"},{"from":{"fname":"dendron.rfc.7-graph-rework.plan","vaultName":"dendron.dendron-site"},"type":"backlink","position":{"start":{"line":4,"column":1,"offset":11},"end":{"line":4,"column":55,"offset":65},"indent":[]},"value":"dendron.rfc.7-graph-rework.design"}],"anchors":{"summary":{"type":"header","value":"summary","line":10,"column":0},"lookup":{"type":"header","value":"lookup","line":16,"column":0},"proposal":{"type":"header","value":"proposal","line":24,"column":0},"libraries":{"type":"header","value":"libraries","line":26,"column":0},"implementation":{"type":"header","value":"implementation","line":40,"column":0},"graph-structure":{"type":"header","value":"graph-structure","line":42,"column":0},"styling":{"type":"header","value":"styling","line":46,"column":0},"performance":{"type":"header","value":"performance","line":50,"column":0},"accessibility":{"type":"header","value":"accessibility","line":56,"column":0},"keyboard-navigation":{"type":"header","value":"keyboard-navigation","line":58,"column":0},"other-notes":{"type":"header","value":"other-notes","line":62,"column":0},"tasks":{"type":"header","value":"tasks","line":68,"column":0},"stage-1-replacing-markdown-links":{"type":"header","value":"stage-1-replacing-markdown-links","line":72,"column":0},"stage-2-core-features":{"type":"header","value":"stage-2-core-features","line":85,"column":0},"stage-3-secondary-features":{"type":"header","value":"stage-3-secondary-features","line":91,"column":0}},"fname":"dendron.rfc.7-graph-rework.design","updated":1622042726673,"created":1621277234750,"parent":"c998c642-a748-4f77-9285-cfec35330251","children":[],"data":{},"contentHash":"b5b1ff2c3069a29d6e1a23165293abe2","custom":{}}
