{"id":"6f3bc07c-5232-4148-a42f-bac9c2fe12f6","title":"Setup","vault":{"fsPath":"vault","name":"dendron.dendron-site"},"type":"note","desc":"","links":[{"type":"wiki","from":{"fname":"pkg.dendron-11ty.setup","id":"6f3bc07c-5232-4148-a42f-bac9c2fe12f6","vaultName":"dendron.dendron-site"},"value":"dendron.dev.setup","alias":"here","position":{"start":{"line":25,"column":20,"offset":562},"end":{"line":25,"column":46,"offset":588},"indent":[]},"xvault":false,"to":{"fname":"dendron.dev.setup"}},{"type":"ref","from":{"fname":"pkg.dendron-11ty.setup","id":"6f3bc07c-5232-4148-a42f-bac9c2fe12f6","vaultName":"dendron.dendron-site"},"value":"dendron.dev.setup","position":{"start":{"line":5,"column":1,"offset":41},"end":{"line":5,"column":43,"offset":83},"indent":[]},"xvault":false,"to":{"fname":"dendron.dev.setup","anchorHeader":"1-requirements,1:#*"}},{"type":"ref","from":{"fname":"pkg.dendron-11ty.setup","id":"6f3bc07c-5232-4148-a42f-bac9c2fe12f6","vaultName":"dendron.dendron-site"},"value":"pkg.dendron-11ty.quickstart","position":{"start":{"line":17,"column":1,"offset":221},"end":{"line":17,"column":61,"offset":281},"indent":[]},"xvault":false,"to":{"fname":"pkg.dendron-11ty.quickstart","anchorHeader":"start-the-server-in-preview"}},{"type":"ref","from":{"fname":"pkg.dendron-11ty.setup","id":"6f3bc07c-5232-4148-a42f-bac9c2fe12f6","vaultName":"dendron.dendron-site"},"value":"dendron.dev.setup","position":{"start":{"line":41,"column":1,"offset":910},"end":{"line":41,"column":43,"offset":952},"indent":[]},"xvault":false,"to":{"fname":"dendron.dev.setup","anchorHeader":"watch-monorepo,1:#*"}},{"type":"ref","from":{"fname":"pkg.dendron-11ty.setup","id":"6f3bc07c-5232-4148-a42f-bac9c2fe12f6","vaultName":"dendron.dendron-site"},"value":"pkg.dendron-11ty.quickstart","position":{"start":{"line":51,"column":1,"offset":1147},"end":{"line":51,"column":66,"offset":1212},"indent":[]},"xvault":false,"to":{"fname":"pkg.dendron-11ty.quickstart","anchorHeader":"start-the-server-in-preview,1:#*"}}],"anchors":{"getting-started":{"type":"header","value":"getting-started","line":7,"column":0},"1-requirements":{"type":"header","value":"1-requirements","line":9,"column":0},"2-clone-and-install":{"type":"header","value":"2-clone-and-install","line":13,"column":0},"3-run-11ty":{"type":"header","value":"3-run-11ty","line":21,"column":0},"running-with-dendron-monorepo":{"type":"header","value":"running-with-dendron-monorepo","line":25,"column":0},"1-setup-monorepo":{"type":"header","value":"1-setup-monorepo","line":29,"column":0},"2-create-links-to-the-monorepo-packages":{"type":"header","value":"2-create-links-to-the-monorepo-packages","line":33,"column":0},"3-link-monorepo-to-11ty":{"type":"header","value":"3-link-monorepo-to-11ty","line":41,"column":0},"4-run-dendron-cli":{"type":"header","value":"4-run-dendron-cli","line":49,"column":0}},"fname":"pkg.dendron-11ty.setup","updated":1612903363450,"created":1611515613711,"parent":"a54ec55b-7624-46af-9d50-5ad734e3a80f","children":[],"data":{},"contentHash":"bdae8fa70292aca5a32b9614642f9a8a","custom":{}}
