{"id":"6f4cd441-f883-4e75-871b-b7f93895c91b","title":"Community","vault":{"fsPath":"vault","name":"dendron.dendron-site"},"type":"note","desc":"","links":[{"from":{"fname":"dendron.release.2020-11-01","vaultName":"dendron.dendron-site"},"type":"backlink","position":{"start":{"line":51,"column":21,"offset":3267},"end":{"line":51,"column":52,"offset":3298},"indent":[]},"value":"dendron.community"}],"anchors":{},"fname":"dendron.community","updated":1619981776623,"created":1604236612582,"parent":"b0fe6ef7-1553-4280-bc45-a71824c2ce36","children":["PqtlCsRPWBjKp3RR","1eec6c7b-242e-4102-93f1-fc285702ecd2","7c00d606-7b75-4d28-b563-d75f33f8e0d7","3a82c5ff-7945-46ae-8bf9-3b2275fc6642"],"data":{},"contentHash":"01a9f2778f30b6f5fe3e70d32eb6aa27","custom":{"nav_order":2.2}}
