{"id":"6fb5ae82-dec6-41c5-813f-33639b73c447","title":"Layout","vault":{"fsPath":"vault","name":"dendron.dendron-site"},"type":"note","desc":"","links":[],"anchors":{"seed-layout":{"type":"header","value":"seed-layout","line":8,"column":0},"seed-with-workspace":{"type":"header","value":"seed-with-workspace","line":18,"column":0},"workspace-with-a-seed":{"type":"header","value":"workspace-with-a-seed","line":39,"column":0}},"fname":"dendron.rfc.14-seed-bank.layout","updated":1623278985768,"created":1623278705019,"parent":"4039fc46-06b2-4f83-b817-fc490bafbcb3","children":[],"data":{},"contentHash":"3a7de3fe25cf000297e71ad20d5c87ef","custom":{}}
