{"id":"6ff8cbb6-e4b8-449b-a967-277b76e4ecef","title":"Seed Bank","vault":{"fsPath":"vault","name":"dendron.dendron-site"},"type":"note","desc":"","links":[{"type":"wiki","from":{"fname":"dendron.topic.seed-bank","id":"6ff8cbb6-e4b8-449b-a967-277b76e4ecef","vaultName":"dendron.dendron-site"},"value":"dendron.ref.workspace","alias":"workspaces","position":{"start":{"line":4,"column":38,"offset":50},"end":{"line":4,"column":74,"offset":86},"indent":[]},"xvault":false,"to":{"fname":"dendron.ref.workspace"}},{"type":"wiki","from":{"fname":"dendron.topic.seed-bank","id":"6ff8cbb6-e4b8-449b-a967-277b76e4ecef","vaultName":"dendron.dendron-site"},"value":"dendron.ref.status","alias":"Work In Progress 🚧","position":{"start":{"line":38,"column":3,"offset":1507},"end":{"line":38,"column":63,"offset":1567},"indent":[]},"xvault":false,"to":{"fname":"dendron.ref.status","anchorHeader":"work-in-progress-"}},{"type":"wiki","from":{"fname":"dendron.topic.seed-bank","id":"6ff8cbb6-e4b8-449b-a967-277b76e4ecef","vaultName":"dendron.dendron-site"},"value":"dendron.rfc.14-seed-bank","alias":"RFC","position":{"start":{"line":41,"column":3,"offset":1581},"end":{"line":41,"column":35,"offset":1613},"indent":[]},"xvault":false,"to":{"fname":"dendron.rfc.14-seed-bank"}},{"type":"ref","from":{"fname":"dendron.topic.seed-bank","id":"6ff8cbb6-e4b8-449b-a967-277b76e4ecef","vaultName":"dendron.dendron-site"},"value":"dendron.topic.seed-bank.quickstart","position":{"start":{"line":9,"column":1,"offset":300},"end":{"line":9,"column":71,"offset":370},"indent":[]},"xvault":true,"to":{"fname":"dendron.topic.seed-bank.quickstart","vaultName":"dendron.dendron-site"}},{"type":"ref","from":{"fname":"dendron.topic.seed-bank","id":"6ff8cbb6-e4b8-449b-a967-277b76e4ecef","vaultName":"dendron.dendron-site"},"value":"dendron.rfc.14-seed-bank.methods","position":{"start":{"line":21,"column":1,"offset":786},"end":{"line":21,"column":78,"offset":863},"indent":[]},"xvault":true,"to":{"fname":"dendron.rfc.14-seed-bank.methods","anchorHeader":"add,1:#*","vaultName":"dendron.dendron-site"}},{"type":"ref","from":{"fname":"dendron.topic.seed-bank","id":"6ff8cbb6-e4b8-449b-a967-277b76e4ecef","vaultName":"dendron.dendron-site"},"value":"dendron.rfc.14-seed-bank.methods","position":{"start":{"line":24,"column":1,"offset":874},"end":{"line":24,"column":79,"offset":952},"indent":[]},"xvault":true,"to":{"fname":"dendron.rfc.14-seed-bank.methods","anchorHeader":"info,1:#*","vaultName":"dendron.dendron-site"}},{"type":"ref","from":{"fname":"dendron.topic.seed-bank","id":"6ff8cbb6-e4b8-449b-a967-277b76e4ecef","vaultName":"dendron.dendron-site"},"value":"dendron.rfc.14-seed-bank.methods","position":{"start":{"line":27,"column":1,"offset":963},"end":{"line":27,"column":85,"offset":1047},"indent":[]},"xvault":true,"to":{"fname":"dendron.rfc.14-seed-bank.methods","anchorHeader":"init,1:#publish","vaultName":"dendron.dendron-site"}},{"type":"ref","from":{"fname":"dendron.topic.seed-bank","id":"6ff8cbb6-e4b8-449b-a967-277b76e4ecef","vaultName":"dendron.dendron-site"},"value":"dendron.rfc.14-seed-bank.methods","position":{"start":{"line":30,"column":1,"offset":1060},"end":{"line":30,"column":81,"offset":1140},"indent":[]},"xvault":true,"to":{"fname":"dendron.rfc.14-seed-bank.methods","anchorHeader":"remove,1:#*","vaultName":"dendron.dendron-site"}},{"from":{"fname":"dendron.guides.best-practices","vaultName":"dendron.dendron-site"},"type":"backlink","position":{"start":{"line":41,"column":130,"offset":1866},"end":{"line":41,"column":167,"offset":1903},"indent":[]},"value":"dendron.topic.seed-bank"},{"from":{"fname":"dendron.release.2021-06-21","vaultName":"dendron.dendron-site"},"type":"backlink","position":{"start":{"line":6,"column":173,"offset":220},"end":{"line":6,"column":218,"offset":265},"indent":[]},"value":"dendron.topic.seed-bank"},{"from":{"fname":"dendron.release.2021-06-21","vaultName":"dendron.dendron-site"},"type":"backlink","position":{"start":{"line":17,"column":24,"offset":1236},"end":{"line":17,"column":51,"offset":1263},"indent":[]},"value":"dendron.topic.seed-bank"},{"from":{"fname":"dendron.release.changelog","vaultName":"dendron.dendron-site"},"type":"backlink","position":{"start":{"line":346,"column":1,"offset":10987},"end":{"line":346,"column":73,"offset":11059},"indent":[]},"value":"dendron.topic.seed-bank"},{"from":{"fname":"dendron.release.changelog.0-1-x","vaultName":"dendron.dendron-site"},"type":"backlink","position":{"start":{"line":17,"column":1,"offset":778},"end":{"line":17,"column":29,"offset":806},"indent":[]},"value":"dendron.topic.seed-bank"}],"anchors":{"summary":{"type":"header","value":"summary","line":8,"column":0},"quickstart":{"type":"header","value":"quickstart","line":14,"column":0},"cli":{"type":"header","value":"cli","line":24,"column":0},"add":{"type":"header","value":"add","line":26,"column":0},"info":{"type":"header","value":"info","line":29,"column":0},"init":{"type":"header","value":"init","line":32,"column":0},"remove":{"type":"header","value":"remove","line":35,"column":0},"requesting-new-seeds":{"type":"header","value":"requesting-new-seeds","line":38,"column":0},"contributing-a-seed":{"type":"header","value":"contributing-a-seed","line":43,"column":0},"lookup":{"type":"header","value":"lookup","line":46,"column":0}},"fname":"dendron.topic.seed-bank","updated":1624296683433,"created":1607621369889,"parent":"7a7af2fa-b9d0-4adc-81e6-f03186123539","children":["7XlJ3dRf_3z2GMP9_MC7q"],"data":{},"contentHash":"f73ffdc4eeee5fafab958ddc2db9a431","custom":{},"schema":{"schemaId":"topic","moduleId":"dendron"}}
