{"id":"6TOh3VApIUfap7c3","title":"18 Add Note Indexes","vault":{"fsPath":"vault","name":"dendron.dendron-site"},"type":"note","desc":"","links":[{"type":"wiki","from":{"fname":"dendron.rfc.18-add-note-indexes","id":"6TOh3VApIUfap7c3","vaultName":"dendron.dendron-site"},"value":"dendron.topic.publishing.navigation","alias":"children","position":{"start":{"line":8,"column":145,"offset":209},"end":{"line":8,"column":202,"offset":266},"indent":[]},"xvault":false,"to":{"fname":"dendron.topic.publishing.navigation","anchorHeader":"children"}},{"type":"wiki","from":{"fname":"dendron.rfc.18-add-note-indexes","id":"6TOh3VApIUfap7c3","vaultName":"dendron.dendron-site"},"value":"dendron.concepts","alias":"stubs","position":{"start":{"line":140,"column":33,"offset":3997},"end":{"line":140,"column":65,"offset":4029},"indent":[]},"xvault":false,"to":{"fname":"dendron.concepts","anchorHeader":"stubs"}},{"type":"wiki","from":{"fname":"dendron.rfc.18-add-note-indexes","id":"6TOh3VApIUfap7c3","vaultName":"dendron.dendron-site"},"value":"dendron.rfc.18-index-notes","alias":"addStubs","position":{"start":{"line":140,"column":127,"offset":4091},"end":{"line":140,"column":175,"offset":4139},"indent":[]},"xvault":false,"to":{"fname":"dendron.rfc.18-index-notes","anchorHeader":"addstubs"}},{"from":{"fname":"dendron.release.2021-08-02","vaultName":"dendron.dendron-site"},"type":"backlink","position":{"start":{"line":27,"column":59,"offset":932},"end":{"line":27,"column":98,"offset":971},"indent":[]},"value":"dendron.rfc.18-add-note-indexes"}],"anchors":{"goals":{"type":"header","value":"goals","line":8,"column":0},"context":{"type":"header","value":"context","line":12,"column":0},"proposal":{"type":"header","value":"proposal","line":16,"column":0},"details":{"type":"header","value":"details","line":20,"column":0},"special-cases":{"type":"header","value":"special-cases","line":34,"column":0},"example":{"type":"header","value":"example","line":58,"column":0},"simple-case":{"type":"header","value":"simple-case","line":60,"column":0},"run--when-entries-already-exist":{"type":"header","value":"run--when-entries-already-exist","line":88,"column":0},"faq":{"type":"header","value":"faq","line":138,"column":0},"how-does-this-behave-in-multi-vault":{"type":"header","value":"how-does-this-behave-in-multi-vault","line":140,"column":0},"what-happens-if-the-direct-child-is-a-stub":{"type":"header","value":"what-happens-if-the-direct-child-is-a-stub","line":144,"column":0},"config":{"type":"header","value":"config","line":148,"column":0},"indexheadername":{"type":"header","value":"indexheadername","line":150,"column":0},"addstubs":{"type":"header","value":"addstubs","line":155,"column":0},"discussion":{"type":"header","value":"discussion","line":160,"column":0}},"fname":"dendron.rfc.18-add-note-indexes","updated":1627948512794,"created":1627926559505,"parent":"f143ca38-dcc6-4cd3-b84b-997aec1160ef","children":[],"data":{},"contentHash":"99acf33715c0cc90905ee29507c3a79f","custom":{}}
