{"id":"700b02fc-1e6c-46b1-8d68-5d8e17a55d33","title":"Evernote Pod Proposal","vault":{"fsPath":"vault","name":"dendron.dendron-site"},"type":"note","desc":"","links":[{"type":"wiki","from":{"fname":"dendron.roadmap.project.scratch.2020.09.07-164009","id":"700b02fc-1e6c-46b1-8d68-5d8e17a55d33","vaultName":"dendron.dendron-site"},"value":"tags.ruby","alias":"#ruby","position":{"start":{"line":10,"column":98,"offset":554},"end":{"line":10,"column":103,"offset":559},"indent":[]},"xvault":false,"to":{"fname":"tags.ruby"}},{"type":"wiki","from":{"fname":"dendron.roadmap.project.scratch.2020.09.07-164009","id":"700b02fc-1e6c-46b1-8d68-5d8e17a55d33","vaultName":"dendron.dendron-site"},"value":"tags.example","alias":"#example","position":{"start":{"line":10,"column":104,"offset":560},"end":{"line":10,"column":112,"offset":568},"indent":[]},"xvault":false,"to":{"fname":"tags.example"}},{"type":"wiki","from":{"fname":"dendron.roadmap.project.scratch.2020.09.07-164009","id":"700b02fc-1e6c-46b1-8d68-5d8e17a55d33","vaultName":"dendron.dendron-site"},"value":"tags.typescript","alias":"#typescript","position":{"start":{"line":12,"column":69,"offset":649},"end":{"line":12,"column":80,"offset":660},"indent":[]},"xvault":false,"to":{"fname":"tags.typescript"}},{"type":"wiki","from":{"fname":"dendron.roadmap.project.scratch.2020.09.07-164009","id":"700b02fc-1e6c-46b1-8d68-5d8e17a55d33","vaultName":"dendron.dendron-site"},"value":"tags.typescript","alias":"#typescript","position":{"start":{"line":16,"column":46,"offset":880},"end":{"line":16,"column":57,"offset":891},"indent":[]},"xvault":false,"to":{"fname":"tags.typescript"}},{"from":{"fname":"dendron.roadmap.project.n.2020.pods","vaultName":"dendron.dendron-site"},"type":"backlink","position":{"start":{"line":39,"column":3,"offset":2351},"end":{"line":39,"column":75,"offset":2423},"indent":[]},"value":"dendron.roadmap.project.scratch.2020.09.07-164009"},{"from":{"fname":"dendron.roadmap.project.n.2020.server-migration","vaultName":"dendron.dendron-site"},"type":"backlink","position":{"start":{"line":68,"column":3,"offset":2900},"end":{"line":68,"column":75,"offset":2972},"indent":[]},"value":"dendron.roadmap.project.scratch.2020.09.07-164009"}],"anchors":{"import":{"type":"header","value":"import","line":26,"column":0},"mappings":{"type":"header","value":"mappings","line":30,"column":0},"example":{"type":"header","value":"example","line":35,"column":0},"build":{"type":"header","value":"build","line":59,"column":0},"export":{"type":"header","value":"export","line":63,"column":0},"mappings-1":{"type":"header","value":"mappings-1","line":67,"column":0},"example-use-cases":{"type":"header","value":"example-use-cases","line":99,"column":0}},"fname":"dendron.roadmap.project.scratch.2020.09.07-164009","updated":1599522009420,"created":1599522009420,"parent":"f81bd621-b918-4003-b6d8-6efd99a42a5b","children":[],"data":{},"contentHash":"0b7e7b7fae8c6fd656d852320230bbda","custom":{"stub":false}}
