{"id":"70b4a93a-c7e0-4e1c-a873-3a9a291f5248","title":"First Time Developers","vault":{"fsPath":"vault","name":"dendron.dendron-site"},"type":"note","desc":"","links":[{"type":"wiki","from":{"fname":"dendron.contribute.first-dev","id":"70b4a93a-c7e0-4e1c-a873-3a9a291f5248","vaultName":"dendron.dendron-site"},"value":"dendron.contribute.dev","alias":"development page","position":{"start":{"line":10,"column":83,"offset":654},"end":{"line":10,"column":126,"offset":697},"indent":[]},"xvault":false,"to":{"fname":"dendron.contribute.dev"}},{"from":{"fname":"dendron.contribute","vaultName":"dendron.dendron-site"},"type":"backlink","position":{"start":{"line":10,"column":1,"offset":108},"end":{"line":10,"column":34,"offset":141},"indent":[]},"value":"dendron.contribute.first-dev"}],"anchors":{},"fname":"dendron.contribute.first-dev","updated":1616426423400,"created":1605760540330,"parent":"125c990b-6fe7-4ada-a65f-44cbde8b33f0","children":[],"data":{},"contentHash":"d28261502ddb5e15d01d61de0b77e809","custom":{}}
