{"id":"7117a023-f090-47f5-a104-5968fc256c23","title":"4 Richer Templating","vault":{"fsPath":"vault","name":"dendron.dendron-site"},"type":"note","desc":"","links":[],"anchors":{"goals":{"type":"header","value":"goals","line":8,"column":0},"details":{"type":"header","value":"details","line":12,"column":0},"proposal":{"type":"header","value":"proposal","line":14,"column":0},"example":{"type":"header","value":"example","line":18,"column":0},"tradeoffs":{"type":"header","value":"tradeoffs","line":62,"column":0},"related":{"type":"header","value":"related","line":67,"column":0},"people":{"type":"header","value":"people","line":69,"column":0}},"fname":"dendron.rfc.4-link-templates","updated":1615160638029,"created":1613929636812,"parent":"f143ca38-dcc6-4cd3-b84b-997aec1160ef","children":[],"data":{},"contentHash":"591b5893cc0964507247f21dc7d144c1","custom":{}}
