{"id":"716e2699-42e1-44bd-9b97-124f03173ddc","title":"Todo Notes","vault":{"fsPath":"vault","name":"dendron.dendron-site"},"type":"note","desc":"","links":[{"type":"wiki","from":{"fname":"dendron.rfc.13.todo-notes","id":"716e2699-42e1-44bd-9b97-124f03173ddc","vaultName":"dendron.dendron-site"},"value":"dendron.topic.special-notes","alias":"scratch note","position":{"start":{"line":8,"column":78,"offset":140},"end":{"line":8,"column":135,"offset":197},"indent":[]},"xvault":false,"to":{"fname":"dendron.topic.special-notes","anchorHeader":"scratch-note"}},{"type":"wiki","from":{"fname":"dendron.rfc.13.todo-notes","id":"716e2699-42e1-44bd-9b97-124f03173ddc","vaultName":"dendron.dendron-site"},"value":"dendron.topic.special-notes","alias":"special note","position":{"start":{"line":34,"column":100,"offset":959},"end":{"line":34,"column":144,"offset":1003},"indent":[]},"xvault":false,"to":{"fname":"dendron.topic.special-notes"}},{"type":"wiki","from":{"fname":"dendron.rfc.13.todo-notes","id":"716e2699-42e1-44bd-9b97-124f03173ddc","vaultName":"dendron.dendron-site"},"value":"dendron.topic.lookup.modifiers","alias":"lookup modifier","position":{"start":{"line":46,"column":42,"offset":1391},"end":{"line":46,"column":92,"offset":1441},"indent":[]},"xvault":false,"to":{"fname":"dendron.topic.lookup.modifiers"}},{"type":"wiki","from":{"fname":"dendron.rfc.13.todo-notes","id":"716e2699-42e1-44bd-9b97-124f03173ddc","vaultName":"dendron.dendron-site"},"value":"dendron.topic.special-notes","alias":"special notes","position":{"start":{"line":56,"column":59,"offset":1990},"end":{"line":56,"column":118,"offset":2049},"indent":[]},"xvault":false,"to":{"fname":"dendron.topic.special-notes","anchorHeader":"configuration"}},{"type":"wiki","from":{"fname":"dendron.rfc.13.todo-notes","id":"716e2699-42e1-44bd-9b97-124f03173ddc","vaultName":"dendron.dendron-site"},"value":"dendron.rfc.13.todo-notes","alias":"notes.task.render","position":{"start":{"line":128,"column":58,"offset":3433},"end":{"line":128,"column":121,"offset":3496},"indent":[]},"xvault":false,"to":{"fname":"dendron.rfc.13.todo-notes","anchorHeader":"notestaskrender"}},{"from":{"fname":"dendron.rfc.13.todo-notes","vaultName":"dendron.dendron-site"},"type":"backlink","position":{"start":{"line":128,"column":58,"offset":3433},"end":{"line":128,"column":121,"offset":3496},"indent":[]},"value":"dendron.rfc.13.todo-notes"}],"anchors":{"goals":{"type":"header","value":"goals","line":9,"column":0},"context":{"type":"header","value":"context","line":13,"column":0},"proposal":{"type":"header","value":"proposal","line":39,"column":0},"details":{"type":"header","value":"details","line":49,"column":0},"creating-a-task-note":{"type":"header","value":"creating-a-task-note","line":51,"column":0},"customizing-a-task-note":{"type":"header","value":"customizing-a-task-note","line":61,"column":0},"notesownerhierarchy":{"type":"header","value":"notesownerhierarchy","line":66,"column":0},"properties":{"type":"header","value":"properties","line":71,"column":0},"completed":{"type":"header","value":"completed","line":83,"column":0},"due":{"type":"header","value":"due","line":87,"column":0},"owner":{"type":"header","value":"owner","line":91,"column":0},"priority":{"type":"header","value":"priority","line":95,"column":0},"tags":{"type":"header","value":"tags","line":99,"column":0},"log":{"type":"header","value":"log","line":103,"column":0},"display":{"type":"header","value":"display","line":107,"column":0},"configuration":{"type":"header","value":"configuration","line":137,"column":0},"notestaskrender":{"type":"header","value":"notestaskrender","line":139,"column":0},"example":{"type":"header","value":"example","line":147,"column":0},"tradeoffs":{"type":"header","value":"tradeoffs","line":149,"column":0},"discussion":{"type":"header","value":"discussion","line":151,"column":0}},"fname":"dendron.rfc.13.todo-notes","updated":1621573686699,"created":1621568116095,"parent":"8e818b3b-f9d3-4233-bbe0-ab809e4d2356","children":[],"data":{},"contentHash":"2aa49768bdd31352a81d53c339fc9ab7","custom":{"published":true}}
