{"id":"71b2b973-bcec-443e-aa8f-538d8b600fd1","title":"Cook","vault":{"fsPath":"vault","name":"dendron.dendron-site"},"type":"note","desc":"","links":[{"type":"wiki","from":{"fname":"pkg.dendron-markdown.cook","id":"71b2b973-bcec-443e-aa8f-538d8b600fd1","vaultName":"dendron.dendron-site"},"value":"dendron.ref.status","alias":"Work In Progress 🚧","position":{"start":{"line":4,"column":11,"offset":56},"end":{"line":4,"column":71,"offset":116},"indent":[]},"xvault":false,"to":{"fname":"dendron.ref.status","anchorHeader":"work-in-progress-"}},{"from":{"fname":"pkg.dendron-markdown.arch","vaultName":"dendron.dendron-site"},"type":"backlink","position":{"start":{"line":84,"column":13,"offset":2763},"end":{"line":84,"column":122,"offset":2872},"indent":[]},"value":"pkg.dendron-markdown.cook"}],"anchors":{"writing-a-custom-dendron-unified-plugin":{"type":"header","value":"writing-a-custom-dendron-unified-plugin","line":9,"column":0}},"fname":"pkg.dendron-markdown.cook","updated":1622148130948,"created":1622148093612,"parent":"69746008-2fa0-4036-b443-b15076a3d6bf","children":[],"data":{},"contentHash":"3601694583d15d643b3d4e8f1c16080d","custom":{}}
