{"id":"725d99be-fadd-4464-88c3-0a5fcc7292c7","title":"Server Migration","vault":{"fsPath":"vault","name":"dendron.dendron-site"},"type":"note","desc":"","links":[{"type":"wiki","from":{"fname":"dendron.roadmap.project.n.2020.server-migration","id":"725d99be-fadd-4464-88c3-0a5fcc7292c7","vaultName":"dendron.dendron-site"},"value":"dendron.topic.pod","alias":"dendron.topic.pod","position":{"start":{"line":67,"column":3,"offset":2876},"end":{"line":67,"column":24,"offset":2897},"indent":[]},"xvault":false,"to":{"fname":"dendron.topic.pod"}},{"type":"wiki","from":{"fname":"dendron.roadmap.project.n.2020.server-migration","id":"725d99be-fadd-4464-88c3-0a5fcc7292c7","vaultName":"dendron.dendron-site"},"value":"dendron.roadmap.project.scratch.2020.09.07-164009","alias":"pod proposal issue","position":{"start":{"line":68,"column":3,"offset":2900},"end":{"line":68,"column":75,"offset":2972},"indent":[]},"xvault":false,"to":{"fname":"dendron.roadmap.project.scratch.2020.09.07-164009"}},{"from":{"fname":"pkg.dendron-engine","vaultName":"dendron.dendron-site"},"type":"backlink","position":{"start":{"line":58,"column":3,"offset":1002},"end":{"line":58,"column":71,"offset":1070},"indent":[]},"value":"dendron.roadmap.project.n.2020.server-migration"},{"from":{"fname":"dendron.release.2020-10-19","vaultName":"dendron.dendron-site"},"type":"backlink","position":{"start":{"line":7,"column":34,"offset":329},"end":{"line":7,"column":102,"offset":397},"indent":[]},"value":"dendron.roadmap.project.n.2020.server-migration"},{"from":{"fname":"dendron.release.2020-11-01","vaultName":"dendron.dendron-site"},"type":"backlink","position":{"start":{"line":19,"column":12,"offset":1688},"end":{"line":19,"column":80,"offset":1756},"indent":[]},"value":"dendron.roadmap.project.n.2020.server-migration"},{"from":{"fname":"dendron.roadmap.project","vaultName":"dendron.dendron-site"},"type":"backlink","position":{"start":{"line":10,"column":3,"offset":418},"end":{"line":10,"column":87,"offset":502},"indent":[]},"value":"dendron.roadmap.project.n.2020.server-migration"},{"from":{"fname":"dendron.topic.cli","vaultName":"dendron.dendron-site"},"type":"backlink","position":{"start":{"line":71,"column":12,"offset":2006},"end":{"line":71,"column":78,"offset":2072},"indent":[]},"value":"dendron.roadmap.project.n.2020.server-migration"},{"from":{"fname":"dendron.release.changelog.0-1-x","vaultName":"dendron.dendron-site"},"type":"backlink","position":{"start":{"line":474,"column":16,"offset":24174},"end":{"line":474,"column":79,"offset":24237},"indent":[]},"value":"dendron.roadmap.project.n.2020.server-migration"},{"from":{"fname":"dendron.release.changelog.0-1-x","vaultName":"dendron.dendron-site"},"type":"backlink","position":{"start":{"line":720,"column":21,"offset":36233},"end":{"line":720,"column":99,"offset":36311},"indent":[]},"value":"dendron.roadmap.project.n.2020.server-migration"},{"from":{"fname":"dendron.release.changelog.0-1-x","vaultName":"dendron.dendron-site"},"type":"backlink","position":{"start":{"line":773,"column":1,"offset":38926},"end":{"line":773,"column":64,"offset":38989},"indent":[]},"value":"dendron.roadmap.project.n.2020.server-migration"},{"from":{"fname":"dendron.release.changelog.0-1-x","vaultName":"dendron.dendron-site"},"type":"backlink","position":{"start":{"line":813,"column":3,"offset":40110},"end":{"line":813,"column":68,"offset":40175},"indent":[]},"value":"dendron.roadmap.project.n.2020.server-migration"}],"anchors":{"goals":{"type":"header","value":"goals","line":11,"column":0},"details":{"type":"header","value":"details","line":15,"column":0},"tasks":{"type":"header","value":"tasks","line":27,"column":0},"next":{"type":"header","value":"next","line":59,"column":0},"configuration":{"type":"header","value":"configuration","line":66,"column":0},"links":{"type":"header","value":"links","line":70,"column":0},"related":{"type":"header","value":"related","line":75,"column":0}},"fname":"dendron.roadmap.project.n.2020.server-migration","updated":1603982170477,"created":1599501616541,"parent":"58247dfb-55b4-4269-9b37-42a90a0045ef","children":[],"data":{},"contentHash":"dc5e769cd4460401472597d76c9fe44c","custom":{"stub":false,"start":"2020.09.23","end":"2020.10.30","status":"In Progress"}}
