{"id":"72d4dbde-59f6-463b-bcd8-2de3457af96f","title":"UI Options","vault":{"fsPath":"vault","name":"dendron.dendron-site"},"type":"note","desc":"","links":[{"from":{"fname":"dendron.rfc.12-schema-improvements","vaultName":"dendron.dendron-site"},"type":"backlink","position":{"start":{"line":19,"column":4,"offset":556},"end":{"line":19,"column":64,"offset":616},"indent":[]},"value":"dendron.rfc.12-schema-improvements.ui-options"}],"anchors":{"goal":{"type":"header","value":"goal","line":8,"column":0},"proposal":{"type":"header","value":"proposal","line":12,"column":0},"example":{"type":"header","value":"example","line":19,"column":0}},"fname":"dendron.rfc.12-schema-improvements.ui-options","updated":1621158026102,"created":1620582511589,"parent":"8bc80164-6436-4c77-8077-7842f53a4a23","children":[],"data":{},"contentHash":"ed8ecd2b760fb41b9c7d15d1bfc2a3ec","custom":{}}
