{"id":"734a8c36-baff-43d1-8b12-99bb16837049","title":"Style","vault":{"fsPath":"vault","name":"dendron.dendron-site"},"type":"note","desc":"","links":[],"anchors":{"colors":{"type":"header","value":"colors","line":7,"column":0},"logo":{"type":"header","value":"logo","line":15,"column":0}},"fname":"dendron.topic.style","updated":1619887682442,"created":1606065789770,"parent":"7a7af2fa-b9d0-4adc-81e6-f03186123539","children":[],"data":{},"contentHash":"bf80b80b01a95d9e173d15b28cd7d331","custom":{},"schema":{"schemaId":"topic","moduleId":"dendron"}}
