{"id":"750c86bc-9b72-46b5-9c08-865af1bed622","title":"Recruit Gardeners","vault":{"fsPath":"vault","name":"dendron.dendron-site"},"type":"note","desc":"","links":[{"from":{"fname":"dendron.roadmap.project","vaultName":"dendron.dendron-site"},"type":"backlink","position":{"start":{"line":8,"column":3,"offset":275},"end":{"line":8,"column":73,"offset":345},"indent":[]},"value":"dendron.roadmap.project.n.2020.recruit-gardeners"}],"anchors":{"goals":{"type":"header","value":"goals","line":8,"column":0},"details":{"type":"header","value":"details","line":12,"column":0}},"fname":"dendron.roadmap.project.n.2020.recruit-gardeners","updated":1599501257121,"created":1599501257121,"parent":"58247dfb-55b4-4269-9b37-42a90a0045ef","children":[],"data":{},"contentHash":"82a827aaa53ceb9bdaa2dd56eb0025e6","custom":{"stub":false}}
