{"id":"767852dd-8e11-4e17-a68d-ae3e73811b1c","title":"Internal","vault":{"fsPath":"vault","name":"dendron.dendron-site"},"type":"note","desc":"","links":[{"from":{"fname":"pkg.dendron-plugin.arch.startup","vaultName":"dendron.dendron-site"},"type":"backlink","position":{"start":{"line":29,"column":7,"offset":475},"end":{"line":29,"column":51,"offset":519},"indent":[]},"value":"pkg.dendron-api-server.internal"},{"from":{"fname":"pkg.dendron-plugin.arch.startup","vaultName":"dendron.dendron-site"},"type":"backlink","position":{"start":{"line":87,"column":12,"offset":1445},"end":{"line":87,"column":61,"offset":1494},"indent":[]},"value":"pkg.dendron-api-server.internal"}],"anchors":{"launch":{"type":"header","value":"launch","line":8,"column":0}},"fname":"pkg.dendron-api-server.internal","updated":1610144264886,"created":1610144200281,"parent":"554d3c62-29da-4c86-9d16-f910e36ad7b1","children":[],"data":{},"contentHash":"d6406ed9b58ec9aca82e0dbef5a77f4a","custom":{}}
