{"id":"77c8f69c-32b8-4331-b1b2-c4211dcb9fb7","title":"Academics","vault":{"fsPath":"vault","name":"dendron.dendron-site"},"type":"note","desc":"","links":[{"type":"ref","from":{"fname":"dendron.workflows.academics","id":"77c8f69c-32b8-4331-b1b2-c4211dcb9fb7","vaultName":"dendron.dendron-site"},"value":"dendron.topic.markdown","position":{"start":{"line":5,"column":1,"offset":143},"end":{"line":5,"column":43,"offset":185},"indent":[]},"xvault":false,"to":{"fname":"dendron.topic.markdown","anchorHeader":"footnotes,1:#*"}},{"type":"ref","from":{"fname":"dendron.workflows.academics","id":"77c8f69c-32b8-4331-b1b2-c4211dcb9fb7","vaultName":"dendron.dendron-site"},"value":"dendron.topic.links","position":{"start":{"line":9,"column":1,"offset":306},"end":{"line":9,"column":39,"offset":344},"indent":[]},"xvault":false,"to":{"fname":"dendron.topic.links","anchorHeader":"other-links,1"}}],"anchors":{"citations":{"type":"header","value":"citations","line":18,"column":0}},"fname":"dendron.workflows.academics","updated":1600207322349,"created":1600207322349,"parent":"9313b845-d9bf-42c9-aad1-0da34794ce26","children":[],"data":{},"contentHash":"79fc5c5acc726ba3378ebdccda77c872","custom":{"stub":false}}
