{"id":"7aab0296-c1be-4f27-af22-1d97293da7d6","title":"Release Notes (version 0.29)","vault":{"fsPath":"vault","name":"dendron.dendron-site"},"type":"note","desc":"","links":[{"type":"wiki","from":{"fname":"dendron.release.2021-02-15","id":"7aab0296-c1be-4f27-af22-1d97293da7d6","vaultName":"dendron.dendron-site"},"value":"dendron.community.roles","alias":"here","position":{"start":{"line":14,"column":38,"offset":413},"end":{"line":14,"column":70,"offset":445},"indent":[]},"xvault":false,"to":{"fname":"dendron.community.roles"}},{"type":"ref","from":{"fname":"dendron.release.2021-02-15","id":"7aab0296-c1be-4f27-af22-1d97293da7d6","vaultName":"dendron.dendron-site"},"value":"dendron.release.changelog","position":{"start":{"line":24,"column":1,"offset":1031},"end":{"line":24,"column":42,"offset":1072},"indent":[]},"xvault":false,"to":{"fname":"dendron.release.changelog","anchorHeader":"0281:#0272"}}],"anchors":{"highlights":{"type":"header","value":"highlights","line":10,"column":0},"community":{"type":"header","value":"community","line":17,"column":0}},"fname":"dendron.release.2021-02-15","updated":1613450410034,"created":1613449712126,"parent":"932534e7-e788-4fdb-bc8c-eaf761992a8d","children":[],"data":{},"contentHash":"e7cb85728a9dffd9474efff8efcddded","custom":{}}
