{"id":"7c00d606-7b75-4d28-b563-d75f33f8e0d7","title":"Roles","vault":{"fsPath":"vault","name":"dendron.dendron-site"},"type":"note","desc":"","links":[{"from":{"fname":"dendron.roadmap","vaultName":"dendron.dendron-site"},"type":"backlink","position":{"start":{"line":54,"column":28,"offset":4638},"end":{"line":54,"column":61,"offset":4671},"indent":[]},"value":"dendron.community.roles"},{"from":{"fname":"templates.release","vaultName":"dendron.dendron-site"},"type":"backlink","position":{"start":{"line":24,"column":38,"offset":570},"end":{"line":24,"column":70,"offset":602},"indent":[]},"value":"dendron.community.roles"},{"from":{"fname":"dendron.contribute.dev","vaultName":"dendron.dendron-site"},"type":"backlink","position":{"start":{"line":26,"column":100,"offset":1626},"end":{"line":26,"column":161,"offset":1687},"indent":[]},"value":"dendron.community.roles"},{"from":{"fname":"dendron.dev.pull-request","vaultName":"dendron.dendron-site"},"type":"backlink","position":{"start":{"line":34,"column":100,"offset":1363},"end":{"line":34,"column":161,"offset":1424},"indent":[]},"value":"dendron.community.roles"},{"from":{"fname":"dendron.ref.terms","vaultName":"dendron.dendron-site"},"type":"backlink","position":{"start":{"line":8,"column":43,"offset":339},"end":{"line":8,"column":104,"offset":400},"indent":[]},"value":"dendron.community.roles"},{"from":{"fname":"dendron.release.2020-11-08","vaultName":"dendron.dendron-site"},"type":"backlink","position":{"start":{"line":17,"column":1,"offset":710},"end":{"line":17,"column":47,"offset":756},"indent":[]},"value":"dendron.community.roles"},{"from":{"fname":"dendron.release.2020-12-14","vaultName":"dendron.dendron-site"},"type":"backlink","position":{"start":{"line":21,"column":41,"offset":803},"end":{"line":21,"column":73,"offset":835},"indent":[]},"value":"dendron.community.roles"},{"from":{"fname":"dendron.release.2020-12-21","vaultName":"dendron.dendron-site"},"type":"backlink","position":{"start":{"line":23,"column":41,"offset":1056},"end":{"line":23,"column":73,"offset":1088},"indent":[]},"value":"dendron.community.roles"},{"from":{"fname":"dendron.release.2020-12-28","vaultName":"dendron.dendron-site"},"type":"backlink","position":{"start":{"line":30,"column":20,"offset":1296},"end":{"line":30,"column":58,"offset":1334},"indent":[]},"value":"dendron.community.roles"},{"from":{"fname":"dendron.release.2021-01-18","vaultName":"dendron.dendron-site"},"type":"backlink","position":{"start":{"line":39,"column":38,"offset":1943},"end":{"line":39,"column":70,"offset":1975},"indent":[]},"value":"dendron.community.roles"},{"from":{"fname":"dendron.release.2021-02-01","vaultName":"dendron.dendron-site"},"type":"backlink","position":{"start":{"line":12,"column":38,"offset":464},"end":{"line":12,"column":70,"offset":496},"indent":[]},"value":"dendron.community.roles"},{"from":{"fname":"dendron.release.2021-02-08","vaultName":"dendron.dendron-site"},"type":"backlink","position":{"start":{"line":18,"column":38,"offset":705},"end":{"line":18,"column":70,"offset":737},"indent":[]},"value":"dendron.community.roles"},{"from":{"fname":"dendron.release.2021-02-15","vaultName":"dendron.dendron-site"},"type":"backlink","position":{"start":{"line":14,"column":38,"offset":413},"end":{"line":14,"column":70,"offset":445},"indent":[]},"value":"dendron.community.roles"},{"from":{"fname":"dendron.release.2021-02-22","vaultName":"dendron.dendron-site"},"type":"backlink","position":{"start":{"line":16,"column":38,"offset":475},"end":{"line":16,"column":70,"offset":507},"indent":[]},"value":"dendron.community.roles"},{"from":{"fname":"dendron.release.2021-03-01","vaultName":"dendron.dendron-site"},"type":"backlink","position":{"start":{"line":17,"column":38,"offset":805},"end":{"line":17,"column":70,"offset":837},"indent":[]},"value":"dendron.community.roles"},{"from":{"fname":"dendron.release.2021-03-08","vaultName":"dendron.dendron-site"},"type":"backlink","position":{"start":{"line":13,"column":38,"offset":388},"end":{"line":13,"column":70,"offset":420},"indent":[]},"value":"dendron.community.roles"},{"from":{"fname":"dendron.release.2021-03-15","vaultName":"dendron.dendron-site"},"type":"backlink","position":{"start":{"line":16,"column":38,"offset":416},"end":{"line":16,"column":70,"offset":448},"indent":[]},"value":"dendron.community.roles"},{"from":{"fname":"dendron.release.2021-03-22","vaultName":"dendron.dendron-site"},"type":"backlink","position":{"start":{"line":14,"column":38,"offset":421},"end":{"line":14,"column":70,"offset":453},"indent":[]},"value":"dendron.community.roles"},{"from":{"fname":"dendron.release.2021-03-29","vaultName":"dendron.dendron-site"},"type":"backlink","position":{"start":{"line":16,"column":38,"offset":660},"end":{"line":16,"column":70,"offset":692},"indent":[]},"value":"dendron.community.roles"},{"from":{"fname":"dendron.release.2021-04-05","vaultName":"dendron.dendron-site"},"type":"backlink","position":{"start":{"line":16,"column":38,"offset":1017},"end":{"line":16,"column":70,"offset":1049},"indent":[]},"value":"dendron.community.roles"},{"from":{"fname":"dendron.release.2021-04-12","vaultName":"dendron.dendron-site"},"type":"backlink","position":{"start":{"line":18,"column":38,"offset":664},"end":{"line":18,"column":70,"offset":696},"indent":[]},"value":"dendron.community.roles"},{"from":{"fname":"dendron.release.2021-04-19","vaultName":"dendron.dendron-site"},"type":"backlink","position":{"start":{"line":11,"column":38,"offset":329},"end":{"line":11,"column":70,"offset":361},"indent":[]},"value":"dendron.community.roles"},{"from":{"fname":"dendron.release.2021-04-25","vaultName":"dendron.dendron-site"},"type":"backlink","position":{"start":{"line":27,"column":38,"offset":1400},"end":{"line":27,"column":70,"offset":1432},"indent":[]},"value":"dendron.community.roles"},{"from":{"fname":"dendron.release.2021-05-03","vaultName":"dendron.dendron-site"},"type":"backlink","position":{"start":{"line":25,"column":38,"offset":1046},"end":{"line":25,"column":70,"offset":1078},"indent":[]},"value":"dendron.community.roles"},{"from":{"fname":"dendron.release.2021-05-10","vaultName":"dendron.dendron-site"},"type":"backlink","position":{"start":{"line":14,"column":38,"offset":523},"end":{"line":14,"column":70,"offset":555},"indent":[]},"value":"dendron.community.roles"},{"from":{"fname":"dendron.release.2021-05-17","vaultName":"dendron.dendron-site"},"type":"backlink","position":{"start":{"line":26,"column":175,"offset":973},"end":{"line":26,"column":207,"offset":1005},"indent":[]},"value":"dendron.community.roles"},{"from":{"fname":"dendron.release.2021-05-17","vaultName":"dendron.dendron-site"},"type":"backlink","position":{"start":{"line":23,"column":1,"offset":739},"end":{"line":23,"column":42,"offset":780},"indent":[]},"value":"dendron.community.roles"},{"from":{"fname":"dendron.release.2021-05-24","vaultName":"dendron.dendron-site"},"type":"backlink","position":{"start":{"line":20,"column":38,"offset":542},"end":{"line":20,"column":70,"offset":574},"indent":[]},"value":"dendron.community.roles"},{"from":{"fname":"dendron.release.2021-05-31","vaultName":"dendron.dendron-site"},"type":"backlink","position":{"start":{"line":46,"column":38,"offset":1964},"end":{"line":46,"column":70,"offset":1996},"indent":[]},"value":"dendron.community.roles"},{"from":{"fname":"dendron.release.2021-06-07","vaultName":"dendron.dendron-site"},"type":"backlink","position":{"start":{"line":39,"column":38,"offset":1524},"end":{"line":39,"column":70,"offset":1556},"indent":[]},"value":"dendron.community.roles"},{"from":{"fname":"dendron.release.2021-06-14","vaultName":"dendron.dendron-site"},"type":"backlink","position":{"start":{"line":30,"column":38,"offset":1232},"end":{"line":30,"column":70,"offset":1264},"indent":[]},"value":"dendron.community.roles"},{"from":{"fname":"dendron.release.2021-06-21","vaultName":"dendron.dendron-site"},"type":"backlink","position":{"start":{"line":47,"column":38,"offset":2369},"end":{"line":47,"column":70,"offset":2401},"indent":[]},"value":"dendron.community.roles"},{"from":{"fname":"dendron.release.2021-06-28","vaultName":"dendron.dendron-site"},"type":"backlink","position":{"start":{"line":53,"column":38,"offset":2763},"end":{"line":53,"column":70,"offset":2795},"indent":[]},"value":"dendron.community.roles"},{"from":{"fname":"dendron.release.2021-07-05","vaultName":"dendron.dendron-site"},"type":"backlink","position":{"start":{"line":52,"column":38,"offset":2568},"end":{"line":52,"column":70,"offset":2600},"indent":[]},"value":"dendron.community.roles"},{"from":{"fname":"dendron.release.2021-07-12","vaultName":"dendron.dendron-site"},"type":"backlink","position":{"start":{"line":54,"column":38,"offset":2997},"end":{"line":54,"column":70,"offset":3029},"indent":[]},"value":"dendron.community.roles"},{"from":{"fname":"dendron.release.2021-07-19","vaultName":"dendron.dendron-site"},"type":"backlink","position":{"start":{"line":32,"column":38,"offset":981},"end":{"line":32,"column":70,"offset":1013},"indent":[]},"value":"dendron.community.roles"},{"from":{"fname":"dendron.release.2021-07-26","vaultName":"dendron.dendron-site"},"type":"backlink","position":{"start":{"line":48,"column":38,"offset":2204},"end":{"line":48,"column":70,"offset":2236},"indent":[]},"value":"dendron.community.roles"},{"from":{"fname":"dendron.release.2021-08-02","vaultName":"dendron.dendron-site"},"type":"backlink","position":{"start":{"line":38,"column":38,"offset":1440},"end":{"line":38,"column":70,"offset":1472},"indent":[]},"value":"dendron.community.roles"},{"from":{"fname":"dendron.release.changelog.0-1-x","vaultName":"dendron.dendron-site"},"type":"backlink","position":{"start":{"line":52,"column":65,"offset":2252},"end":{"line":52,"column":127,"offset":2314},"indent":[]},"value":"dendron.community.roles"},{"from":{"fname":"dendron.release.changelog.0-3-x","vaultName":"dendron.dendron-site"},"type":"backlink","position":{"start":{"line":298,"column":255,"offset":8884},"end":{"line":298,"column":316,"offset":8945},"indent":[]},"value":"dendron.community.roles"},{"from":{"fname":"dendron.topic.managed-publishing.advanced","vaultName":"dendron.dendron-site"},"type":"backlink","position":{"start":{"line":4,"column":30,"offset":67},"end":{"line":4,"column":91,"offset":128},"indent":[]},"value":"dendron.community.roles"},{"from":{"fname":"dendron.topic.managed-publishing.advanced","vaultName":"dendron.dendron-site"},"type":"backlink","position":{"start":{"line":31,"column":30,"offset":1837},"end":{"line":31,"column":91,"offset":1898},"indent":[]},"value":"dendron.community.roles"},{"from":{"fname":"dendron.topic.managed-publishing.advanced","vaultName":"dendron.dendron-site"},"type":"backlink","position":{"start":{"line":62,"column":10,"offset":3464},"end":{"line":62,"column":82,"offset":3536},"indent":[]},"value":"dendron.community.roles"}],"anchors":{"summary":{"type":"header","value":"summary","line":8,"column":0},"roles":{"type":"header","value":"roles","line":17,"column":0},"dendrologist":{"type":"header","value":"dendrologist","line":19,"column":0},"environmentalist":{"type":"header","value":"environmentalist","line":25,"column":0},"horticulturalist":{"type":"header","value":"horticulturalist","line":38,"column":0},"taxonomist":{"type":"header","value":"taxonomist","line":42,"column":0},"planter":{"type":"header","value":"planter","line":46,"column":0},"bug-catcher":{"type":"header","value":"bug-catcher","line":50,"column":0},"seeder":{"type":"header","value":"seeder","line":54,"column":0}},"fname":"dendron.community.roles","updated":1622954219917,"created":1604237102230,"parent":"6f4cd441-f883-4e75-871b-b7f93895c91b","children":[],"data":{},"contentHash":"c62b4f39ac1dec6cb1d771e0c2299bd8","custom":{}}
