{"id":"7cd5b849-7ccb-4189-9f02-2f13db16298b","title":"Library Research","vault":{"fsPath":"vault","name":"dendron.dendron-site"},"type":"note","desc":"","links":[{"from":{"fname":"dendron.rfc.7-graph-rework.design","vaultName":"dendron.dendron-site"},"type":"backlink","position":{"start":{"line":32,"column":13,"offset":1374},"end":{"line":32,"column":94,"offset":1455},"indent":[]},"value":"dendron.rfc.7-graph-rework.library-research"}],"anchors":{"data-structures":{"type":"header","value":"data-structures","line":8,"column":0},"rendering-libraries":{"type":"header","value":"rendering-libraries","line":15,"column":0},"viable-options":{"type":"header","value":"viable-options","line":17,"column":0},"other-libraries":{"type":"header","value":"other-libraries","line":25,"column":0},"references":{"type":"header","value":"references","line":36,"column":0}},"fname":"dendron.rfc.7-graph-rework.library-research","updated":1621369037782,"created":1621365376034,"parent":"c998c642-a748-4f77-9285-cfec35330251","children":[],"data":{},"contentHash":"1401d4d1ab125ea416341125026262f8","custom":{}}
