{"id":"7cdd9a74-8b8f-4564-906b-c963bed34273","title":"Dendron Next Server","vault":{"fsPath":"vault","name":"dendron.dendron-site"},"type":"note","desc":"","links":[{"from":{"fname":"pkg","vaultName":"dendron.dendron-site"},"type":"backlink","position":{"start":{"line":12,"column":5,"offset":304},"end":{"line":12,"column":52,"offset":351},"indent":[]},"value":"pkg.dendron-next-server"},{"from":{"fname":"dendron.dev.setup","vaultName":"dendron.dendron-site"},"type":"backlink","position":{"start":{"line":40,"column":113,"offset":1616},"end":{"line":40,"column":147,"offset":1650},"indent":[]},"value":"pkg.dendron-next-server"},{"from":{"fname":"dendron.dev.setup","vaultName":"dendron.dendron-site"},"type":"backlink","position":{"start":{"line":88,"column":151,"offset":4713},"end":{"line":88,"column":198,"offset":4760},"indent":[]},"value":"pkg.dendron-next-server"}],"anchors":{"summary":{"type":"header","value":"summary","line":8,"column":0}},"fname":"pkg.dendron-next-server","updated":1626724639899,"created":1604511741960,"parent":"32cdd4aa-d9f6-4582-8d0c-07f64a00299b","children":["a0240c63-2000-4542-a0ba-d570f42323b9","1698aef0-efd4-4c92-a3b0-5ca702b228a3","024b33fa-9b8d-472a-b793-4dabcaabf3d8","6293d9dc-9bd3-4b01-8428-34d8256f0a32","e4162af6-36e3-483e-b44f-1df1f3659556","2a015bf5-7465-43f0-86fa-42a83a456cdb","9aa25182-4f40-45ce-b94c-f9eaf7a9a073"],"data":{},"contentHash":"1674d4848264d45d13a0d554078d979b","custom":{}}
