{"id":"7e1693a0-ada4-4250-962c-c1fdf46a3a0f","title":"Graphviz","vault":{"fsPath":"vault","name":"dendron.dendron-site"},"type":"note","desc":"","links":[{"type":"ref","from":{"fname":"dendron.topic.pod.builtin.graphviz","id":"7e1693a0-ada4-4250-962c-c1fdf46a3a0f","vaultName":"dendron.dendron-site"},"value":"dendron.topic.pod.builtin.graphviz.export","position":{"start":{"line":11,"column":1,"offset":101},"end":{"line":11,"column":60,"offset":160},"indent":[]},"xvault":false,"to":{"fname":"dendron.topic.pod.builtin.graphviz.export","anchorHeader":"summary,1:#*"}},{"from":{"fname":"dendron.rfc.7-graph-rework.design","vaultName":"dendron.dendron-site"},"type":"backlink","position":{"start":{"line":2,"column":124,"offset":124},"end":{"line":2,"column":201,"offset":201},"indent":[]},"value":"dendron.topic.pod.builtin.graphviz"}],"anchors":{"summary":{"type":"header","value":"summary","line":8,"column":0},"export":{"type":"header","value":"export","line":15,"column":0}},"fname":"dendron.topic.pod.builtin.graphviz","updated":1621366563535,"created":1621365703101,"parent":"3e519113-5820-4a84-bef8-85103a7b296b","children":["f1847179-e74d-4fc6-a853-441674e6de8e"],"data":{},"contentHash":"30468a6350110ba8108dcdee7d516765","custom":{}}
