{"id":"7fcebd7d-6411-4c9d-8baf-65629dc018a1","title":"Principles","vault":{"fsPath":"vault","name":"dendron.dendron-site"},"type":"note","desc":"","links":[{"from":{"fname":"dendron.release.2021-06-28","vaultName":"dendron.dendron-site"},"type":"backlink","position":{"start":{"line":16,"column":33,"offset":777},"end":{"line":16,"column":91,"offset":835},"indent":[]},"value":"dendron.principles"},{"from":{"fname":"dendron.roadmap.project.n.2020.principles-and-values","vaultName":"dendron.dendron-site"},"type":"backlink","position":{"start":{"line":4,"column":140,"offset":150},"end":{"line":4,"column":162,"offset":172},"indent":[]},"value":"dendron.principles"},{"from":{"fname":"dendron.roadmap.project.n.2020.principles-and-values","vaultName":"dendron.dendron-site"},"type":"backlink","position":{"start":{"line":41,"column":5,"offset":2372},"end":{"line":41,"column":27,"offset":2394},"indent":[]},"value":"dendron.principles"}],"anchors":{"product":{"type":"header","value":"product","line":9,"column":0},"speed":{"type":"header","value":"speed","line":11,"column":0},"scale":{"type":"header","value":"scale","line":18,"column":0},"sensible-defaults":{"type":"header","value":"sensible-defaults","line":22,"column":0},"ownership":{"type":"header","value":"ownership","line":26,"column":0},"interoperability":{"type":"header","value":"interoperability","line":30,"column":0},"easy-to-learn-hard-to-master":{"type":"header","value":"easy-to-learn-hard-to-master","line":34,"column":0},"community":{"type":"header","value":"community","line":39,"column":0},"open-and-inclusive":{"type":"header","value":"open-and-inclusive","line":41,"column":0},"have-it-in-writing":{"type":"header","value":"have-it-in-writing","line":45,"column":0},"tradeoffs":{"type":"header","value":"tradeoffs","line":49,"column":0},"function-over-form":{"type":"header","value":"function-over-form","line":53,"column":0},"focus-on-hierarchies":{"type":"header","value":"focus-on-hierarchies","line":58,"column":0},"focus-on-speed":{"type":"header","value":"focus-on-speed","line":62,"column":0},"retrieval-over-insertion":{"type":"header","value":"retrieval-over-insertion","line":67,"column":0}},"fname":"dendron.principles","updated":1628435541479,"created":1600440828180,"parent":"b0fe6ef7-1553-4280-bc45-a71824c2ce36","children":[],"data":{},"contentHash":"52410fbaa51d654c1cabe22e28e9a58a","custom":{"stub":false,"nav_order":1.3},"schema":{"schemaId":"principles","moduleId":"dendron"}}
