{"id":"7K1nizLK9AJkOwjQ","title":"Head of Growth","vault":{"fsPath":"vault","name":"dendron.dendron-site"},"type":"note","desc":"","links":[{"from":{"fname":"dendron.release.2021-07-26","vaultName":"dendron.dendron-site"},"type":"backlink","position":{"start":{"line":26,"column":25,"offset":1332},"end":{"line":26,"column":71,"offset":1378},"indent":[]},"value":"dendron.jobs.head-of-growth"},{"from":{"fname":"dendron.release.2021-08-02","vaultName":"dendron.dendron-site"},"type":"backlink","position":{"start":{"line":23,"column":3,"offset":666},"end":{"line":23,"column":49,"offset":712},"indent":[]},"value":"dendron.jobs.head-of-growth"}],"anchors":{"what-youll-do":{"type":"header","value":"what-youll-do","line":15,"column":0},"who-you-are":{"type":"header","value":"who-you-are","line":24,"column":0},"what-we-offer":{"type":"header","value":"what-we-offer","line":30,"column":0},"our-mission":{"type":"header","value":"our-mission","line":38,"column":0},"apply":{"type":"header","value":"apply","line":44,"column":0}},"fname":"dendron.jobs.head-of-growth","updated":1626881369794,"created":1626839523125,"parent":"c378b702-7d49-4e91-be6e-b2078103c86e","children":[],"data":{},"contentHash":"803ee619a17a424db8ef183130653940","custom":{"published":true}}
