{"id":"7tLYKjTIXKWItRr0","title":"Verdaccio","vault":{"fsPath":"vault","name":"dendron.dendron-site"},"type":"note","desc":"","links":[{"from":{"fname":"dendron.dev.qa.build-repo","vaultName":"dendron.dendron-site"},"type":"backlink","position":{"start":{"line":4,"column":122,"offset":134},"end":{"line":4,"column":160,"offset":172},"indent":[]},"value":"dendron.dev.qa.verdaccio"}],"anchors":{"summary":{"type":"header","value":"summary","line":8,"column":0},"setup":{"type":"header","value":"setup","line":12,"column":0},"cook":{"type":"header","value":"cook","line":38,"column":0},"use-local-registry":{"type":"header","value":"use-local-registry","line":40,"column":0},"use-remote-registry":{"type":"header","value":"use-remote-registry","line":49,"column":0}},"fname":"dendron.dev.qa.verdaccio","updated":1626634396957,"created":1626634278984,"parent":"cb22bd36-d45a-4ffd-a31e-96c4b39cb7fb","children":[],"data":{},"contentHash":"cdbf0bd3ca76cfd4082765b26b8ff55d","custom":{}}
