{"id":"7XlJ3dRf_3z2GMP9_MC7q","title":"Quickstart","vault":{"fsPath":"vault","name":"dendron.dendron-site"},"type":"note","desc":"","links":[{"from":{"fname":"dendron.topic.seed-bank","vaultName":"dendron.dendron-site"},"type":"backlink","position":{"start":{"line":9,"column":1,"offset":300},"end":{"line":9,"column":71,"offset":370},"indent":[]},"value":"dendron.topic.seed-bank.quickstart"},{"from":{"fname":"dendron.topic.templates","vaultName":"dendron.dendron-site"},"type":"backlink","position":{"start":{"line":14,"column":1,"offset":1444},"end":{"line":14,"column":110,"offset":1553},"indent":[]},"value":"dendron.topic.seed-bank.quickstart"}],"anchors":{"adding-a-seed-to-an-existing-workspace":{"type":"header","value":"adding-a-seed-to-an-existing-workspace","line":8,"column":0}},"fname":"dendron.topic.seed-bank.quickstart","updated":1623883884333,"created":1623883762370,"parent":"6ff8cbb6-e4b8-449b-a967-277b76e4ecef","children":[],"data":{},"contentHash":"1a756ec7549ce792d89cf52ba77d2ca1","custom":{}}
