{"id":"81da87be-2d4e-47b5-a1d6-c0d647e1ab00","title":"Development","vault":{"fsPath":"vault","name":"dendron.dendron-site"},"type":"note","desc":"","links":[{"type":"wiki","from":{"fname":"dendron.contribute.dev","id":"81da87be-2d4e-47b5-a1d6-c0d647e1ab00","vaultName":"dendron.dendron-site"},"value":"dendron.dev.setup","alias":"setup instructions","position":{"start":{"line":5,"column":25,"offset":175},"end":{"line":5,"column":71,"offset":221},"indent":[]},"xvault":false,"sameFile":false,"to":{"fname":"dendron.dev.setup","anchorHeader":"build"}},{"type":"wiki","from":{"fname":"dendron.contribute.dev","id":"81da87be-2d4e-47b5-a1d6-c0d647e1ab00","vaultName":"dendron.dendron-site"},"value":"tags.dev","alias":"#dev","position":{"start":{"line":11,"column":66,"offset":650},"end":{"line":11,"column":70,"offset":654},"indent":[]},"xvault":false,"to":{"fname":"tags.dev"}},{"type":"wiki","from":{"fname":"dendron.contribute.dev","id":"81da87be-2d4e-47b5-a1d6-c0d647e1ab00","vaultName":"dendron.dendron-site"},"value":"dendron.dev.qa","alias":"test","position":{"start":{"line":23,"column":13,"offset":1206},"end":{"line":23,"column":50,"offset":1243},"indent":[]},"xvault":false,"sameFile":false,"to":{"fname":"dendron.dev.qa","anchorHeader":"writing-tests"}},{"type":"wiki","from":{"fname":"dendron.contribute.dev","id":"81da87be-2d4e-47b5-a1d6-c0d647e1ab00","vaultName":"dendron.dendron-site"},"value":"dendron.dev.qa","alias":"tests","position":{"start":{"line":24,"column":34,"offset":1297},"end":{"line":24,"column":76,"offset":1339},"indent":[]},"xvault":false,"sameFile":false,"to":{"fname":"dendron.dev.qa","anchorHeader":"running-all-tests"}},{"type":"wiki","from":{"fname":"dendron.contribute.dev","id":"81da87be-2d4e-47b5-a1d6-c0d647e1ab00","vaultName":"dendron.dendron-site"},"value":"dendron.community.roles","alias":"horticulturalist","position":{"start":{"line":26,"column":100,"offset":1626},"end":{"line":26,"column":161,"offset":1687},"indent":[]},"xvault":false,"sameFile":false,"to":{"fname":"dendron.community.roles","anchorHeader":"horticulturalist"}},{"from":{"fname":"dendron.contribute","vaultName":"dendron.dendron-site"},"type":"backlink","position":{"start":{"line":6,"column":1,"offset":39},"end":{"line":6,"column":41,"offset":79},"indent":[]},"value":"dendron.contribute.dev"},{"from":{"fname":"dendron.contribute.first-dev","vaultName":"dendron.dendron-site"},"type":"backlink","position":{"start":{"line":10,"column":83,"offset":654},"end":{"line":10,"column":126,"offset":697},"indent":[]},"value":"dendron.contribute.dev"}],"anchors":{"summary":{"type":"header","value":"summary","line":7,"column":0},"vscode-extension-development":{"type":"header","value":"vscode-extension-development","line":19,"column":0},"pull-request-checklist":{"type":"header","value":"pull-request-checklist","line":27,"column":0}},"fname":"dendron.contribute.dev","updated":1626986736065,"created":1604236041570,"parent":"125c990b-6fe7-4ada-a65f-44cbde8b33f0","children":[],"data":{},"contentHash":"fc5916692c429c8a831c8899bfdfddb3","custom":{}}
