{"id":"82130f1f-521d-42ec-a7da-b76a82f0d39d","title":"Release Notes (version 0.39)","vault":{"fsPath":"vault","name":"dendron.dendron-site"},"type":"note","desc":"","links":[{"type":"wiki","from":{"fname":"dendron.release.2021-04-25","id":"82130f1f-521d-42ec-a7da-b76a82f0d39d","vaultName":"dendron.dendron-site"},"value":"dendron.release.changelog","alias":"Dendron 0.39","position":{"start":{"line":2,"column":1,"offset":1},"end":{"line":2,"column":47,"offset":47},"indent":[]},"xvault":false,"to":{"fname":"dendron.release.changelog","anchorHeader":"039"}},{"type":"wiki","from":{"fname":"dendron.release.2021-04-25","id":"82130f1f-521d-42ec-a7da-b76a82f0d39d","vaultName":"dendron.dendron-site"},"value":"dendron.ref.telemetry","alias":"telemetry documentation","position":{"start":{"line":16,"column":77,"offset":604},"end":{"line":16,"column":126,"offset":653},"indent":[]},"xvault":false,"to":{"fname":"dendron.ref.telemetry"}},{"type":"wiki","from":{"fname":"dendron.release.2021-04-25","id":"82130f1f-521d-42ec-a7da-b76a82f0d39d","vaultName":"dendron.dendron-site"},"value":"tags.feedback","alias":"#feedback","position":{"start":{"line":18,"column":58,"offset":768},"end":{"line":18,"column":67,"offset":777},"indent":[]},"xvault":false,"to":{"fname":"tags.feedback"}},{"type":"wiki","from":{"fname":"dendron.release.2021-04-25","id":"82130f1f-521d-42ec-a7da-b76a82f0d39d","vaultName":"dendron.dendron-site"},"value":"dendron.community.roles","alias":"here","position":{"start":{"line":27,"column":38,"offset":1400},"end":{"line":27,"column":70,"offset":1432},"indent":[]},"xvault":false,"to":{"fname":"dendron.community.roles"}}],"anchors":{"highlights":{"type":"header","value":"highlights","line":10,"column":0},"telemetry":{"type":"header","value":"telemetry","line":16,"column":0},"office-hours":{"type":"header","value":"office-hours","line":26,"column":0},"community":{"type":"header","value":"community","line":30,"column":0}},"fname":"dendron.release.2021-04-25","updated":1619488308792,"created":1619460958432,"parent":"932534e7-e788-4fdb-bc8c-eaf761992a8d","children":[],"data":{},"contentHash":"c8e16cec3d11aec3da50b248ea9de755","custom":{}}
