{"id":"8289cf77-51fa-4644-96c6-b5b2c2ef62fc","title":"Markdown","vault":{"fsPath":"vault","name":"dendron.dendron-site"},"type":"note","desc":"","links":[],"anchors":{"note-refs---markdown":{"type":"header","value":"note-refs---markdown","line":9,"column":0},"note-refs---html":{"type":"header","value":"note-refs---html","line":47,"column":0}},"fname":"pkg.dendron-markdown.internal.markdown","updated":1621965547243,"created":1613752938733,"parent":"abdfcc43-59a2-4363-abc9-72c0b6ebc2ba","children":[],"data":{},"contentHash":"709048c75f8f6cea01133ae25cd1c716","custom":{}}
