{"id":"832a6e4d-4ed9-414f-baa8-d2f20432c934","title":"Dev","vault":{"fsPath":"vault","name":"dendron.dendron-site"},"type":"note","desc":"","links":[{"type":"wiki","from":{"fname":"pkg.dendron-cli.dev","id":"832a6e4d-4ed9-414f-baa8-d2f20432c934","vaultName":"dendron.dendron-site"},"value":"dendron.dev.setup","alias":"dendron.dev.setup","position":{"start":{"line":4,"column":3,"offset":15},"end":{"line":4,"column":24,"offset":36},"indent":[]},"xvault":false,"sameFile":false,"to":{"fname":"dendron.dev.setup"}},{"from":{"fname":"pkg.dendron-next-server.dev","vaultName":"dendron.dendron-site"},"type":"backlink","position":{"start":{"line":6,"column":3,"offset":55},"end":{"line":6,"column":50,"offset":102},"indent":[]},"value":"pkg.dendron-cli.dev"}],"anchors":{"pre-req":{"type":"header","value":"pre-req","line":9,"column":0},"cook":{"type":"header","value":"cook","line":12,"column":0},"symlink":{"type":"header","value":"symlink","line":13,"column":0}},"fname":"pkg.dendron-cli.dev","updated":1621994598072,"created":1609350672493,"parent":"c968377f-56e5-470f-801e-c730a1c071d4","children":[],"data":{},"contentHash":"cf3f771cc236a14078bd7644a1c552bc","custom":{}}
