{"id":"843d155e-123d-4052-bbde-e4970ae02c80","title":"Dendron Frontend","vault":{"fsPath":"vault","name":"dendron.dendron-site"},"type":"note","desc":"","links":[{"type":"wiki","from":{"fname":"pkg.dendron-frontend","id":"843d155e-123d-4052-bbde-e4970ae02c80","vaultName":"dendron.dendron-site"},"value":"tags.experimental","alias":"#experimental","position":{"start":{"line":4,"column":66,"offset":94},"end":{"line":4,"column":79,"offset":107},"indent":[]},"xvault":false,"to":{"fname":"tags.experimental"}},{"from":{"fname":"pkg","vaultName":"dendron.dendron-site"},"type":"backlink","position":{"start":{"line":6,"column":3,"offset":68},"end":{"line":6,"column":44,"offset":109},"indent":[]},"value":"pkg.dendron-frontend"}],"anchors":{"active-feature-branches":{"type":"header","value":"active-feature-branches","line":9,"column":0}},"fname":"pkg.dendron-frontend","updated":1621094555753,"created":1621094518077,"parent":"32cdd4aa-d9f6-4582-8d0c-07f64a00299b","children":[],"data":{},"contentHash":"8ee18e48895946a35799d4c1305f99fe","custom":{}}
