{"id":"849ee8ee-05a5-47bf-b44d-d7c257117bc4","title":"Summary","vault":{"fsPath":"vault","name":"dendron.dendron-site"},"type":"note","desc":"","links":[{"type":"wiki","from":{"fname":"dendron.dev.design.engine","id":"849ee8ee-05a5-47bf-b44d-d7c257117bc4","vaultName":"dendron.dendron-site"},"value":"dendron.topic.references","alias":"dendron.topic.references","position":{"start":{"line":271,"column":3,"offset":5819},"end":{"line":271,"column":31,"offset":5847},"indent":[]},"xvault":false,"to":{"fname":"dendron.topic.references"}},{"type":"wiki","from":{"fname":"dendron.dev.design.engine","id":"849ee8ee-05a5-47bf-b44d-d7c257117bc4","vaultName":"dendron.dendron-site"},"value":"dendron.scratch.2020.09.12-091632","alias":"replaceRefs","position":{"start":{"line":279,"column":5,"offset":5947},"end":{"line":279,"column":54,"offset":5996},"indent":[]},"xvault":false,"to":{"fname":"dendron.scratch.2020.09.12-091632"}},{"from":{"fname":"dendron.release.changelog.0-1-x","vaultName":"dendron.dendron-site"},"type":"backlink","position":{"start":{"line":722,"column":65,"offset":36408},"end":{"line":722,"column":109,"offset":36452},"indent":[]},"value":"dendron.dev.design.engine"}],"anchors":{"pseudo-code":{"type":"header","value":"pseudo-code","line":21,"column":0},"initializing-the-engine":{"type":"header","value":"initializing-the-engine","line":32,"column":0},"summary":{"type":"header","value":"summary","line":34,"column":0},"flow":{"type":"header","value":"flow","line":56,"column":0},"initialize-the-engine":{"type":"header","value":"initialize-the-engine","line":58,"column":0},"query---engine":{"type":"header","value":"query---engine","line":78,"column":0},"query---store":{"type":"header","value":"query---store","line":95,"column":0},"parse-files":{"type":"header","value":"parse-files","line":118,"column":0},"build-nodes":{"type":"header","value":"build-nodes","line":167,"column":0},"new-node":{"type":"header","value":"new-node","line":200,"column":0},"flow-1":{"type":"header","value":"flow-1","line":202,"column":0},"updating-a-node":{"type":"header","value":"updating-a-node","line":213,"column":0},"summary-1":{"type":"header","value":"summary-1","line":215,"column":0},"flow-2":{"type":"header","value":"flow-2","line":217,"column":0},"deleting-a-node":{"type":"header","value":"deleting-a-node","line":237,"column":0},"summary-2":{"type":"header","value":"summary-2","line":239,"column":0},"flow-3":{"type":"header","value":"flow-3","line":241,"column":0},"parsing-note-references":{"type":"header","value":"parsing-note-references","line":276,"column":0},"summary-3":{"type":"header","value":"summary-3","line":280,"column":0},"flow-4":{"type":"header","value":"flow-4","line":282,"column":0},"related":{"type":"header","value":"related","line":326,"column":0},"reference":{"type":"header","value":"reference","line":336,"column":0},"refresh-node":{"type":"header","value":"refresh-node","line":338,"column":0}},"fname":"dendron.dev.design.engine","updated":1616949584388,"created":1598652399447,"parent":"c160ddce-edec-4f6e-841b-418d6030fa37","children":[],"data":{},"contentHash":"d0252a4782685b5ba3e9ecd0762c572c","custom":{"stub":false}}
