{"id":"84df871b-9442-42fd-b4c3-0024e35b5f3c","title":"Telemetry","vault":{"fsPath":"vault","name":"dendron.dendron-site"},"type":"note","desc":"","links":[{"type":"wiki","from":{"fname":"dendron.ref.telemetry","id":"84df871b-9442-42fd-b4c3-0024e35b5f3c","vaultName":"dendron.dendron-site"},"value":"dendron.topic.commands","alias":"commands","position":{"start":{"line":86,"column":40,"offset":4848},"end":{"line":86,"column":75,"offset":4883},"indent":[]},"xvault":false,"to":{"fname":"dendron.topic.commands"}},{"type":"wiki","from":{"fname":"dendron.ref.telemetry","id":"84df871b-9442-42fd-b4c3-0024e35b5f3c","vaultName":"dendron.dendron-site"},"value":"dendron.ref.web-ui","alias":"TreeView","position":{"start":{"line":100,"column":50,"offset":5582},"end":{"line":100,"column":90,"offset":5622},"indent":[]},"xvault":false,"to":{"fname":"dendron.ref.web-ui","anchorHeader":"treeview"}},{"type":"wiki","from":{"fname":"dendron.ref.telemetry","id":"84df871b-9442-42fd-b4c3-0024e35b5f3c","vaultName":"dendron.dendron-site"},"value":"dendron.topic.commands","alias":"Disable Telemetry","position":{"start":{"line":117,"column":55,"offset":6878},"end":{"line":117,"column":117,"offset":6940},"indent":[]},"xvault":false,"to":{"fname":"dendron.topic.commands","anchorHeader":"disable-telemetry"}},{"from":{"fname":"dendron.release.2021-04-25","vaultName":"dendron.dendron-site"},"type":"backlink","position":{"start":{"line":16,"column":77,"offset":604},"end":{"line":16,"column":126,"offset":653},"indent":[]},"value":"dendron.ref.telemetry"},{"from":{"fname":"dendron.release.changelog","vaultName":"dendron.dendron-site"},"type":"backlink","position":{"start":{"line":251,"column":52,"offset":8211},"end":{"line":251,"column":103,"offset":8262},"indent":[]},"value":"dendron.ref.telemetry"},{"from":{"fname":"dendron.release.changelog","vaultName":"dendron.dendron-site"},"type":"backlink","position":{"start":{"line":287,"column":45,"offset":9317},"end":{"line":287,"column":84,"offset":9356},"indent":[]},"value":"dendron.ref.telemetry"},{"from":{"fname":"dendron.release.changelog","vaultName":"dendron.dendron-site"},"type":"backlink","position":{"start":{"line":387,"column":47,"offset":12066},"end":{"line":387,"column":111,"offset":12130},"indent":[]},"value":"dendron.ref.telemetry"},{"from":{"fname":"dendron.release.changelog","vaultName":"dendron.dendron-site"},"type":"backlink","position":{"start":{"line":400,"column":72,"offset":12514},"end":{"line":400,"column":119,"offset":12561},"indent":[]},"value":"dendron.ref.telemetry"},{"from":{"fname":"dendron.release.changelog","vaultName":"dendron.dendron-site"},"type":"backlink","position":{"start":{"line":435,"column":78,"offset":13505},"end":{"line":435,"column":128,"offset":13555},"indent":[]},"value":"dendron.ref.telemetry"},{"from":{"fname":"dendron.release.changelog","vaultName":"dendron.dendron-site"},"type":"backlink","position":{"start":{"line":564,"column":44,"offset":16161},"end":{"line":564,"column":80,"offset":16197},"indent":[]},"value":"dendron.ref.telemetry"},{"from":{"fname":"dendron.release.changelog","vaultName":"dendron.dendron-site"},"type":"backlink","position":{"start":{"line":599,"column":50,"offset":16981},"end":{"line":599,"column":87,"offset":17018},"indent":[]},"value":"dendron.ref.telemetry"},{"from":{"fname":"dendron.release.changelog","vaultName":"dendron.dendron-site"},"type":"backlink","position":{"start":{"line":655,"column":79,"offset":18128},"end":{"line":655,"column":117,"offset":18166},"indent":[]},"value":"dendron.ref.telemetry"},{"from":{"fname":"dendron.topic.commands","vaultName":"dendron.dendron-site"},"type":"backlink","position":{"start":{"line":323,"column":9,"offset":10872},"end":{"line":323,"column":44,"offset":10907},"indent":[]},"value":"dendron.ref.telemetry"},{"from":{"fname":"dendron.topic.commands","vaultName":"dendron.dendron-site"},"type":"backlink","position":{"start":{"line":327,"column":8,"offset":10973},"end":{"line":327,"column":43,"offset":11008},"indent":[]},"value":"dendron.ref.telemetry"},{"from":{"fname":"dendron.release.changelog.0-3-x","vaultName":"dendron.dendron-site"},"type":"backlink","position":{"start":{"line":29,"column":77,"offset":1091},"end":{"line":29,"column":126,"offset":1140},"indent":[]},"value":"dendron.ref.telemetry"},{"from":{"fname":"dendron.topic.config.dendron","vaultName":"dendron.dendron-site"},"type":"backlink","position":{"start":{"line":47,"column":9,"offset":1069},"end":{"line":47,"column":44,"offset":1104},"indent":[]},"value":"dendron.ref.telemetry"}],"anchors":{"overview":{"type":"header","value":"overview","line":8,"column":0},"why-does-dendron-collect-metrics":{"type":"header","value":"why-does-dendron-collect-metrics","line":14,"column":0},"what-is-not-collected":{"type":"header","value":"what-is-not-collected","line":23,"column":0},"what-is-collected":{"type":"header","value":"what-is-collected","line":27,"column":0},"when-is-data-collected":{"type":"header","value":"when-is-data-collected","line":43,"column":0},"startup":{"type":"header","value":"startup","line":47,"column":0},"tutorial-progression":{"type":"header","value":"tutorial-progression","line":59,"column":0},"installationupgradeuninstall":{"type":"header","value":"installationupgradeuninstall","line":64,"column":0},"lookup":{"type":"header","value":"lookup","line":73,"column":0},"commands":{"type":"header","value":"commands","line":90,"column":0},"other":{"type":"header","value":"other","line":101,"column":0},"telemetry-toggle":{"type":"header","value":"telemetry-toggle","line":112,"column":0},"how-to-opt-out-of-data-collection":{"type":"header","value":"how-to-opt-out-of-data-collection","line":119,"column":0},"why-not-have-opt-in-telemetry":{"type":"header","value":"why-not-have-opt-in-telemetry","line":125,"column":0}},"fname":"dendron.ref.telemetry","updated":1626381612883,"created":1619460500071,"parent":"f308164e-faff-43a1-8d34-72ed060275b0","children":[],"data":{},"contentHash":"c27ed4970354e8f1277668b5f8eb0e57","custom":{}}
