{"id":"84e01690-4ea0-4b71-8cc4-c2d38e09dcf4","title":"Math","vault":{"fsPath":"vault","name":"dendron.dendron-site"},"type":"note","desc":"","links":[{"from":{"fname":"dendron.release.changelog.0-1-x","vaultName":"dendron.dendron-site"},"type":"backlink","position":{"start":{"line":792,"column":1,"offset":39431},"end":{"line":792,"column":45,"offset":39475},"indent":[]},"value":"pkg.dendron-jekyll.topic.math"}],"anchors":{"example":{"type":"header","value":"example","line":22,"column":0}},"fname":"pkg.dendron-jekyll.topic.math","updated":1603589517663,"created":1602087509879,"parent":"442df590-669a-45b4-8e0c-ba9bd699413f","children":[],"data":{},"contentHash":"16f788cbf26144d55ca38690aa133e92","custom":{"stub":false}}
