{"id":"84fbcc64-7646-4a4d-80b9-1a2c866567a4","title":"Graph Embedding","vault":{"fsPath":"vault","name":"dendron.dendron-site"},"type":"note","desc":"","links":[{"from":{"fname":"dendron.rfc.7-graph-rework","vaultName":"dendron.dendron-site"},"type":"backlink","position":{"start":{"line":67,"column":4,"offset":1883},"end":{"line":67,"column":78,"offset":1957},"indent":[]},"value":"dendron.rfc.7-graph-rework.graph-embedding"}],"anchors":{},"fname":"dendron.rfc.7-graph-rework.graph-embedding","updated":1618215157908,"created":1615194022561,"parent":"c998c642-a748-4f77-9285-cfec35330251","children":[],"data":{},"contentHash":"ff709d39d4e7fe3aaa8499c42112681d","custom":{}}
