{"id":"8514245e-6405-4759-8dda-ab77cf173075","title":"Scripts","vault":{"fsPath":"vault","name":"dendron.dendron-site"},"type":"note","desc":"","links":[],"anchors":{"problem-statement":{"type":"header","value":"problem-statement","line":8,"column":0},"solution":{"type":"header","value":"solution","line":12,"column":0}},"fname":"dendron.workflows.scripts","updated":1600964220962,"created":1600964220962,"parent":"9313b845-d9bf-42c9-aad1-0da34794ce26","children":[],"data":{},"contentHash":"2c2911ce94b0c3384c12cd4093d35f64","custom":{"stub":false}}
