{"id":"85dace70-c2ef-46e9-b467-8d297c420421","title":"Setup","vault":{"fsPath":"vault","name":"dendron.dendron-site"},"type":"note","desc":"","links":[{"type":"wiki","from":{"fname":"pkg.markdown-links.setup","id":"85dace70-c2ef-46e9-b467-8d297c420421","vaultName":"dendron.dendron-site"},"value":"dendron.dev.ref.vscode","alias":"debug pane","position":{"start":{"line":9,"column":33,"offset":191},"end":{"line":9,"column":81,"offset":239},"indent":[]},"xvault":false,"to":{"fname":"dendron.dev.ref.vscode","anchorHeader":"debug-pane"}},{"type":"ref","from":{"fname":"pkg.markdown-links.setup","id":"85dace70-c2ef-46e9-b467-8d297c420421","vaultName":"dendron.dendron-site"},"value":"dendron.topic.cli","position":{"start":{"line":24,"column":4,"offset":1014},"end":{"line":24,"column":50,"offset":1060},"indent":[]},"xvault":false,"to":{"fname":"dendron.topic.cli","anchorHeader":"launchengineserver,1:#*"}}],"anchors":{"getting-started":{"type":"header","value":"getting-started","line":7,"column":0},"setup-without-dendron-extension-installed":{"type":"header","value":"setup-without-dendron-extension-installed","line":18,"column":0}},"fname":"pkg.markdown-links.setup","updated":1614924050222,"created":1611516225361,"parent":"claxLRkCT1gCza2b","children":[],"data":{},"contentHash":"a1bae9611b6eb00c17fa430abf2eada4","custom":{}}
