{"id":"861cbdf8-102e-4633-9933-1f3d74df53d2","title":"Templates","vault":{"fsPath":"vault","name":"dendron.dendron-site"},"type":"note","desc":"","links":[{"type":"wiki","from":{"fname":"dendron.topic.templates","id":"861cbdf8-102e-4633-9933-1f3d74df53d2","vaultName":"dendron.dendron-site"},"value":"dendron.topic.schema","alias":"note on schemas","position":{"start":{"line":8,"column":208,"offset":1039},"end":{"line":8,"column":257,"offset":1088},"indent":[]},"xvault":false,"to":{"fname":"dendron.topic.schema","anchorHeader":"template"}},{"type":"ref","from":{"fname":"dendron.topic.templates","id":"861cbdf8-102e-4633-9933-1f3d74df53d2","vaultName":"dendron.dendron-site"},"value":"dendron.topic.seed-bank.quickstart","position":{"start":{"line":14,"column":1,"offset":1444},"end":{"line":14,"column":110,"offset":1553},"indent":[]},"xvault":true,"to":{"fname":"dendron.topic.seed-bank.quickstart","anchorHeader":"adding-a-seed-to-an-existing-workspace","vaultName":"dendron.dendron-site"}},{"from":{"fname":"dendron.release.changelog","vaultName":"dendron.dendron-site"},"type":"backlink","position":{"start":{"line":161,"column":1,"offset":5433},"end":{"line":161,"column":82,"offset":5514},"indent":[]},"value":"dendron.topic.templates"}],"anchors":{"built-in-templates-":{"type":"header","value":"built-in-templates-","line":17,"column":0}},"fname":"dendron.topic.templates","updated":1620995923860,"created":1602033087611,"parent":"7a7af2fa-b9d0-4adc-81e6-f03186123539","children":[],"data":{},"contentHash":"45c5e4da6e75f8ee384fc6d942879ff6","custom":{"stub":false},"schema":{"schemaId":"topic","moduleId":"dendron"}}
