{"id":"861e4e48-dcc5-4813-a695-8940ba6e64d3","title":"Quickstart","vault":{"fsPath":"vault","name":"dendron.dendron-site"},"type":"note","desc":"","links":[{"from":{"fname":"dendron.release.2020-12-21","vaultName":"dendron.dendron-site"},"type":"backlink","position":{"start":{"line":7,"column":173,"offset":525},"end":{"line":7,"column":217,"offset":569},"indent":[]},"value":"dendron.topic.publishing.quickstart"},{"from":{"fname":"dendron.release.2020-12-28","vaultName":"dendron.dendron-site"},"type":"backlink","position":{"start":{"line":5,"column":110,"offset":462},"end":{"line":5,"column":154,"offset":506},"indent":[]},"value":"dendron.topic.publishing.quickstart"}],"anchors":{},"fname":"dendron.topic.publishing.quickstart","updated":1615522508758,"created":1608528402469,"parent":"579e379b-3eca-4676-b51c-c66eb26a11b8","children":["1399b5d2-28fb-4077-aa5f-c8edbe52bc5d","230d0ccf-5758-4a8f-b39b-3b68e1482e2b"],"data":{},"contentHash":"bfb92b65678de9bb314465498daacfde","custom":{"nav_order":2}}
