{"id":"8683c711-b566-4877-b928-2163ca7897e2","title":"Examples","vault":{"fsPath":"vault","name":"dendron.dendron-site"},"type":"note","desc":"","links":[],"anchors":{"using-a-seed":{"type":"header","value":"using-a-seed","line":8,"column":0},"before-adding-a-seed":{"type":"header","value":"before-adding-a-seed","line":11,"column":0},"running-the-add-command":{"type":"header","value":"running-the-add-command","line":19,"column":0},"resulting-workspace":{"type":"header","value":"resulting-workspace","line":27,"column":0},"publishing-a-seed":{"type":"header","value":"publishing-a-seed","line":51,"column":0}},"fname":"dendron.rfc.14-seed-bank.examples","updated":1623280588455,"created":1623279530864,"parent":"4039fc46-06b2-4f83-b817-fc490bafbcb3","children":[],"data":{},"contentHash":"f40d2dbf5550a6cd9f31f86939f23364","custom":{}}
