{"id":"877f4347-f013-43ba-aec4-87412b2e1bec","title":"Github","vault":{"fsPath":"vault","name":"dendron.dendron-site"},"type":"note","desc":"","links":[{"type":"wiki","from":{"fname":"dendron.topic.publishing.github","id":"877f4347-f013-43ba-aec4-87412b2e1bec","vaultName":"dendron.dendron-site"},"value":"dendron.topic.git","alias":"workspace under version control","position":{"start":{"line":6,"column":27,"offset":109},"end":{"line":6,"column":80,"offset":162},"indent":[]},"xvault":false,"to":{"fname":"dendron.topic.git"}},{"type":"wiki","from":{"fname":"dendron.topic.publishing.github","id":"877f4347-f013-43ba-aec4-87412b2e1bec","vaultName":"dendron.dendron-site"},"value":"dendron.topic.publishing.quickstart.publishing-your-site","alias":"configured","position":{"start":{"line":7,"column":14,"offset":203},"end":{"line":7,"column":122,"offset":311},"indent":[]},"xvault":false,"to":{"fname":"dendron.topic.publishing.quickstart.publishing-your-site","anchorHeader":"configure-your-notes-for-publication"}},{"type":"wiki","from":{"fname":"dendron.topic.publishing.github","id":"877f4347-f013-43ba-aec4-87412b2e1bec","vaultName":"dendron.dendron-site"},"value":"dendron.guides.tips","alias":"the github action guide","position":{"start":{"line":124,"column":39,"offset":3423},"end":{"line":124,"column":123,"offset":3507},"indent":[]},"xvault":false,"to":{"fname":"dendron.guides.tips","anchorHeader":"publish-to-github-pages-with-actions"}},{"from":{"fname":"dendron.release.2020-12-28","vaultName":"dendron.dendron-site"},"type":"backlink","position":{"start":{"line":16,"column":3,"offset":789},"end":{"line":16,"column":79,"offset":865},"indent":[]},"value":"dendron.topic.publishing.github"},{"from":{"fname":"dendron.release.changelog.0-2-x","vaultName":"dendron.dendron-site"},"type":"backlink","position":{"start":{"line":350,"column":9,"offset":11349},"end":{"line":350,"column":71,"offset":11411},"indent":[]},"value":"dendron.topic.publishing.github"},{"from":{"fname":"dendron.topic.publishing.changelogs","vaultName":"dendron.dendron-site"},"type":"backlink","position":{"start":{"line":18,"column":66,"offset":925},"end":{"line":18,"column":132,"offset":991},"indent":[]},"value":"dendron.topic.publishing.github"}],"anchors":{"pre-requisite":{"type":"header","value":"pre-requisite","line":10,"column":0},"checklist":{"type":"header","value":"checklist","line":15,"column":0},"setup":{"type":"header","value":"setup","line":27,"column":0},"lookup":{"type":"header","value":"lookup","line":128,"column":0}},"fname":"dendron.topic.publishing.github","updated":1624965063750,"created":1608770937168,"parent":"579e379b-3eca-4676-b51c-c66eb26a11b8","children":[],"data":{},"contentHash":"f11ac436ca848f691e497242b247b87c","custom":{}}
