{"id":"87d90002-f480-45eb-a8c4-d00df4d61557","title":"Dendron Plugin","vault":{"fsPath":"vault","name":"dendron.dendron-site"},"type":"note","desc":"","links":[{"from":{"fname":"pkg","vaultName":"dendron.dendron-site"},"type":"backlink","position":{"start":{"line":11,"column":5,"offset":262},"end":{"line":11,"column":42,"offset":299},"indent":[]},"value":"pkg.dendron-plugin"},{"from":{"fname":"pkg.dendron-api-server","vaultName":"dendron.dendron-site"},"type":"backlink","position":{"start":{"line":4,"column":142,"offset":154},"end":{"line":4,"column":179,"offset":191},"indent":[]},"value":"pkg.dendron-plugin"},{"from":{"fname":"pkg.utilities","vaultName":"dendron.dendron-site"},"type":"backlink","position":{"start":{"line":39,"column":1,"offset":643},"end":{"line":39,"column":70,"offset":712},"indent":[]},"value":"pkg.dendron-plugin"},{"from":{"fname":"dendron.dev.debug","vaultName":"dendron.dendron-site"},"type":"backlink","position":{"start":{"line":4,"column":94,"offset":106},"end":{"line":4,"column":131,"offset":143},"indent":[]},"value":"pkg.dendron-plugin"},{"from":{"fname":"dendron.dev.troubleshooting","vaultName":"dendron.dendron-site"},"type":"backlink","position":{"start":{"line":38,"column":75,"offset":1102},"end":{"line":38,"column":112,"offset":1139},"indent":[]},"value":"pkg.dendron-plugin"},{"from":{"fname":"pkg.dendron-plugin.qa.debug","vaultName":"dendron.dendron-site"},"type":"backlink","position":{"start":{"line":31,"column":13,"offset":747},"end":{"line":31,"column":50,"offset":784},"indent":[]},"value":"pkg.dendron-plugin"}],"anchors":{"summary":{"type":"header","value":"summary","line":9,"column":0},"utilities":{"type":"header","value":"utilities","line":12,"column":0},"activation":{"type":"header","value":"activation","line":19,"column":0},"dev":{"type":"header","value":"dev","line":24,"column":0}},"fname":"pkg.dendron-plugin","updated":1627139967177,"created":1605375348464,"parent":"32cdd4aa-d9f6-4582-8d0c-07f64a00299b","children":["d1usLHSTfJc-3_JKuYLBr","QtTB_2Lzo6PTVFuw63mD1","2976e5df-c8b4-4176-9d3f-fe4220dfa9b6","04dd9ad8-3d81-4098-a661-21b6acc6f443","4b8f0470-dacb-433b-8d0c-f5a7d8f5245d","31f745c3-73e0-4264-9858-099a826e4fd1","c84aa95c-83b9-4d52-90a1-eeec8f0ca84f","bddecea3-7b64-440b-876d-fcaa0d18bb5f","uGX885MGBFwI1l1q"],"data":{},"contentHash":"6006751264b0340310241d8f64c3c908","custom":{}}
