{"id":"89281554-099e-4f10-b6e1-2aedd37fd419","title":"Create New Note","vault":{"fsPath":"vault","name":"dendron.dendron-site"},"type":"note","desc":"","links":[{"from":{"fname":"pkg.dendron-plugin.internal.lookup-modifiers","vaultName":"dendron.dendron-site"},"type":"backlink","position":{"start":{"line":22,"column":7,"offset":282},"end":{"line":22,"column":93,"offset":368},"indent":[]},"value":"pkg.dendron-plugin.internal.lookup-createNewNote"}],"anchors":{"summary":{"type":"header","value":"summary","line":10,"column":0},"ondidacceptforsingle":{"type":"header","value":"ondidacceptforsingle","line":14,"column":0},"_onacceptnewnote":{"type":"header","value":"_onacceptnewnote","line":28,"column":0},"applytemplate":{"type":"header","value":"applytemplate","line":49,"column":0}},"fname":"pkg.dendron-plugin.internal.lookup-createNewNote","updated":1620440236652,"created":1610206609498,"parent":"4b8f0470-dacb-433b-8d0c-f5a7d8f5245d","children":[],"data":{},"contentHash":"f8edceedaa16d10fc8275fb04f8add9e","custom":{"published":true}}
