{"id":"89980f03-f5fd-4c9a-8325-c450c1108150","title":"Dendron Snippet Maker","vault":{"fsPath":"vault","name":"dendron.dendron-site"},"type":"note","desc":"","links":[{"from":{"fname":"pkg","vaultName":"dendron.dendron-site"},"type":"backlink","position":{"start":{"line":17,"column":5,"offset":491},"end":{"line":17,"column":56,"offset":542},"indent":[]},"value":"pkg.dendron-snippet-maker"},{"from":{"fname":"dendron.release.2020-09-13","vaultName":"dendron.dendron-site"},"type":"backlink","position":{"start":{"line":97,"column":1,"offset":2327},"end":{"line":97,"column":31,"offset":2357},"indent":[]},"value":"pkg.dendron-snippet-maker"},{"from":{"fname":"dendron.topic.snippets","vaultName":"dendron.dendron-site"},"type":"backlink","position":{"start":{"line":18,"column":1,"offset":930},"end":{"line":18,"column":31,"offset":960},"indent":[]},"value":"pkg.dendron-snippet-maker"}],"anchors":{"commands":{"type":"header","value":"commands","line":10,"column":0},"create-global-snippet":{"type":"header","value":"create-global-snippet","line":12,"column":0},"goto-global-snippet":{"type":"header","value":"goto-global-snippet","line":16,"column":0}},"fname":"pkg.dendron-snippet-maker","updated":1599700231902,"created":1599700231902,"parent":"32cdd4aa-d9f6-4582-8d0c-07f64a00299b","children":[],"data":{},"contentHash":"b8a44f770d07c84678ef329812f39cca","custom":{"stub":false}}
