{"id":"8a70e9c9-bf7e-4060-af79-abd206f288df","title":"Reusability","vault":{"fsPath":"vault","name":"dendron.dendron-site"},"type":"note","desc":"","links":[{"from":{"fname":"dendron.rfc.12-schema-improvements","vaultName":"dendron.dendron-site"},"type":"backlink","position":{"start":{"line":17,"column":4,"offset":418},"end":{"line":17,"column":66,"offset":480},"indent":[]},"value":"dendron.rfc.12-schema-improvements.reusability"},{"from":{"fname":"dendron.rfc.12-schema-improvements.vault-specific","vaultName":"dendron.dendron-site"},"type":"backlink","position":{"start":{"line":27,"column":115,"offset":1277},"end":{"line":27,"column":177,"offset":1339},"indent":[]},"value":"dendron.rfc.12-schema-improvements.reusability"}],"anchors":{"goal":{"type":"header","value":"goal","line":8,"column":0},"proposal":{"type":"header","value":"proposal","line":12,"column":0},"json-reference":{"type":"header","value":"json-reference","line":14,"column":0},"example":{"type":"header","value":"example","line":18,"column":0},"extendability":{"type":"header","value":"extendability","line":51,"column":0},"example-1":{"type":"header","value":"example-1","line":62,"column":0}},"fname":"dendron.rfc.12-schema-improvements.reusability","updated":1621088103149,"created":1620582413279,"parent":"8bc80164-6436-4c77-8077-7842f53a4a23","children":[],"data":{},"contentHash":"92d333c7751d09bbce6e6db68162a425","custom":{}}
