{"id":"8b08d91b-3da8-4b8a-90c5-799d3026ad9b","title":"Advanced","vault":{"fsPath":"vault","name":"dendron.dendron-site"},"type":"note","desc":"","links":[{"type":"wiki","from":{"fname":"dendron.topic.managed-publishing.advanced","id":"8b08d91b-3da8-4b8a-90c5-799d3026ad9b","vaultName":"dendron.dendron-site"},"value":"dendron.community.roles","alias":"environmentalist","position":{"start":{"line":4,"column":30,"offset":67},"end":{"line":4,"column":91,"offset":128},"indent":[]},"xvault":false,"to":{"fname":"dendron.community.roles","anchorHeader":"environmentalist"}},{"type":"wiki","from":{"fname":"dendron.topic.managed-publishing.advanced","id":"8b08d91b-3da8-4b8a-90c5-799d3026ad9b","vaultName":"dendron.dendron-site"},"value":"dendron.topic.managed-publishing.quickstart","alias":"Creating a site","position":{"start":{"line":9,"column":51,"offset":266},"end":{"line":9,"column":130,"offset":345},"indent":[]},"xvault":false,"to":{"fname":"dendron.topic.managed-publishing.quickstart","anchorHeader":"creating-a-site"}},{"type":"wiki","from":{"fname":"dendron.topic.managed-publishing.advanced","id":"8b08d91b-3da8-4b8a-90c5-799d3026ad9b","vaultName":"dendron.dendron-site"},"value":"dendron.community.roles","alias":"environmentalist","position":{"start":{"line":31,"column":30,"offset":1837},"end":{"line":31,"column":91,"offset":1898},"indent":[]},"xvault":false,"to":{"fname":"dendron.community.roles","anchorHeader":"environmentalist"}},{"type":"wiki","from":{"fname":"dendron.topic.managed-publishing.advanced","id":"8b08d91b-3da8-4b8a-90c5-799d3026ad9b","vaultName":"dendron.dendron-site"},"value":"dendron.topic.managed-publishing.quickstart","alias":"Creating a site","position":{"start":{"line":36,"column":51,"offset":2042},"end":{"line":36,"column":130,"offset":2121},"indent":[]},"xvault":false,"to":{"fname":"dendron.topic.managed-publishing.quickstart","anchorHeader":"creating-a-site"}},{"type":"wiki","from":{"fname":"dendron.topic.managed-publishing.advanced","id":"8b08d91b-3da8-4b8a-90c5-799d3026ad9b","vaultName":"dendron.dendron-site"},"value":"dendron.community.roles","alias":"sprout or higher level plan","position":{"start":{"line":62,"column":10,"offset":3464},"end":{"line":62,"column":82,"offset":3536},"indent":[]},"xvault":false,"to":{"fname":"dendron.community.roles","anchorHeader":"environmentalist"}},{"type":"wiki","from":{"fname":"dendron.topic.managed-publishing.advanced","id":"8b08d91b-3da8-4b8a-90c5-799d3026ad9b","vaultName":"dendron.dendron-site"},"value":"dendron.topic.managed-publishing.quickstart","alias":"Create a site","position":{"start":{"line":65,"column":4,"offset":3666},"end":{"line":65,"column":81,"offset":3743},"indent":[]},"xvault":false,"to":{"fname":"dendron.topic.managed-publishing.quickstart","anchorHeader":"creating-a-site"}}],"anchors":{"adding-a-custom-domain-via-cname":{"type":"header","value":"adding-a-custom-domain-via-cname","line":8,"column":0},"pre-prequisites":{"type":"header","value":"pre-prequisites","line":12,"column":0},"steps":{"type":"header","value":"steps","line":17,"column":0},"limitations":{"type":"header","value":"limitations","line":32,"column":0},"add-a-custom-domain-via-delegating-name-servers":{"type":"header","value":"add-a-custom-domain-via-delegating-name-servers","line":36,"column":0},"pre-prequisites-1":{"type":"header","value":"pre-prequisites-1","line":39,"column":0},"steps-1":{"type":"header","value":"steps-1","line":44,"column":0},"add-password-protection-to-your-site":{"type":"header","value":"add-password-protection-to-your-site","line":65,"column":0},"pre-requisites":{"type":"header","value":"pre-requisites","line":67,"column":0},"steps-2":{"type":"header","value":"steps-2","line":70,"column":0}},"fname":"dendron.topic.managed-publishing.advanced","updated":1615431809550,"created":1615417851956,"parent":"a6b9c043-7713-48ea-b826-50d003e3e21f","children":[],"data":{},"contentHash":"ca1c6c40f49f556cc681c05239eccef2","custom":{}}
