{"id":"8b3bfb16-8330-4a78-85cc-45581c319450","title":"8 Multi Publish","vault":{"fsPath":"vault","name":"dendron.dendron-site"},"type":"note","desc":"","links":[{"type":"wiki","from":{"fname":"dendron.rfc.8-multi-publish","id":"8b3bfb16-8330-4a78-85cc-45581c319450","vaultName":"dendron.dendron-site"},"value":"dendron.topic.publishing.configuration","alias":"site objects","position":{"start":{"line":18,"column":58,"offset":487},"end":{"line":18,"column":165,"offset":594},"indent":[]},"xvault":true,"to":{"fname":"dendron.topic.publishing.configuration","anchorHeader":"global-configuration","vaultName":"dendron.dendron-site"}},{"type":"wiki","from":{"fname":"dendron.rfc.8-multi-publish","id":"8b3bfb16-8330-4a78-85cc-45581c319450","vaultName":"dendron.dendron-site"},"value":"dendron.topic.commands","alias":"Copy Note URL","position":{"start":{"line":20,"column":18,"offset":614},"end":{"line":20,"column":103,"offset":699},"indent":[]},"xvault":true,"to":{"fname":"dendron.topic.commands","anchorHeader":"copy-note-url","vaultName":"dendron.dendron-site"}},{"from":{"fname":"dendron.release.changelog.0-3-x","vaultName":"dendron.dendron-site"},"type":"backlink","position":{"start":{"line":43,"column":5,"offset":1305},"end":{"line":43,"column":89,"offset":1389},"indent":[]},"value":"dendron.rfc.8-multi-publish"}],"anchors":{"goals":{"type":"header","value":"goals","line":8,"column":0},"sub-goals":{"type":"header","value":"sub-goals","line":12,"column":0},"context":{"type":"header","value":"context","line":16,"column":0},"proposal":{"type":"header","value":"proposal","line":22,"column":0},"details":{"type":"header","value":"details","line":31,"column":0},"calculating-a-published-site":{"type":"header","value":"calculating-a-published-site","line":33,"column":0},"example":{"type":"header","value":"example","line":39,"column":0},"tradeoffs":{"type":"header","value":"tradeoffs","line":71,"column":0}},"fname":"dendron.rfc.8-multi-publish","updated":1618790883101,"created":1618789793997,"parent":"f143ca38-dcc6-4cd3-b84b-997aec1160ef","children":[],"data":{},"contentHash":"ad3a721a7bfde28eb86ab3ac5665092c","custom":{}}
