{"id":"8bc80164-6436-4c77-8077-7842f53a4a23","title":"12 Schema Improvements","vault":{"fsPath":"vault","name":"dendron.dendron-site"},"type":"note","desc":"","links":[{"type":"wiki","from":{"fname":"dendron.rfc.12-schema-improvements","id":"8bc80164-6436-4c77-8077-7842f53a4a23","vaultName":"dendron.dendron-site"},"value":"dendron.rfc.12-schema-improvements.types","alias":"Types","position":{"start":{"line":14,"column":4,"offset":241},"end":{"line":14,"column":54,"offset":291},"indent":[]},"xvault":false,"to":{"fname":"dendron.rfc.12-schema-improvements.types"}},{"type":"wiki","from":{"fname":"dendron.rfc.12-schema-improvements","id":"8bc80164-6436-4c77-8077-7842f53a4a23","vaultName":"dendron.dendron-site"},"value":"dendron.rfc.12-schema-improvements.pattern","alias":"Pattern","position":{"start":{"line":16,"column":4,"offset":341},"end":{"line":16,"column":58,"offset":395},"indent":[]},"xvault":false,"to":{"fname":"dendron.rfc.12-schema-improvements.pattern"}},{"type":"wiki","from":{"fname":"dendron.rfc.12-schema-improvements","id":"8bc80164-6436-4c77-8077-7842f53a4a23","vaultName":"dendron.dendron-site"},"value":"dendron.rfc.12-schema-improvements.reusability","alias":"Reusability","position":{"start":{"line":17,"column":4,"offset":418},"end":{"line":17,"column":66,"offset":480},"indent":[]},"xvault":false,"to":{"fname":"dendron.rfc.12-schema-improvements.reusability"}},{"type":"wiki","from":{"fname":"dendron.rfc.12-schema-improvements","id":"8bc80164-6436-4c77-8077-7842f53a4a23","vaultName":"dendron.dendron-site"},"value":"dendron.rfc.12-schema-improvements.vault-specific","alias":"Vault Specific","position":{"start":{"line":18,"column":4,"offset":484},"end":{"line":18,"column":72,"offset":552},"indent":[]},"xvault":false,"to":{"fname":"dendron.rfc.12-schema-improvements.vault-specific"}},{"type":"wiki","from":{"fname":"dendron.rfc.12-schema-improvements","id":"8bc80164-6436-4c77-8077-7842f53a4a23","vaultName":"dendron.dendron-site"},"value":"dendron.rfc.12-schema-improvements.ui-options","alias":"UI Options","position":{"start":{"line":19,"column":4,"offset":556},"end":{"line":19,"column":64,"offset":616},"indent":[]},"xvault":false,"to":{"fname":"dendron.rfc.12-schema-improvements.ui-options"}},{"type":"wiki","from":{"fname":"dendron.rfc.12-schema-improvements","id":"8bc80164-6436-4c77-8077-7842f53a4a23","vaultName":"dendron.dendron-site"},"value":"dendron.rfc.12-schema-improvements.json-schema","alias":"Json Schema","position":{"start":{"line":20,"column":4,"offset":620},"end":{"line":20,"column":66,"offset":682},"indent":[]},"xvault":false,"to":{"fname":"dendron.rfc.12-schema-improvements.json-schema"}},{"type":"wiki","from":{"fname":"dendron.rfc.12-schema-improvements","id":"8bc80164-6436-4c77-8077-7842f53a4a23","vaultName":"dendron.dendron-site"},"value":"dendron.rfc.12-schema-improvements.custom-editor","alias":"Custom Editor","position":{"start":{"line":21,"column":4,"offset":686},"end":{"line":21,"column":70,"offset":752},"indent":[]},"xvault":false,"to":{"fname":"dendron.rfc.12-schema-improvements.custom-editor"}},{"from":{"fname":"dendron.release.2021-05-17","vaultName":"dendron.dendron-site"},"type":"backlink","position":{"start":{"line":17,"column":3,"offset":439},"end":{"line":17,"column":61,"offset":497},"indent":[]},"value":"dendron.rfc.12-schema-improvements"},{"from":{"fname":"dendron.release.2021-05-31","vaultName":"dendron.dendron-site"},"type":"backlink","position":{"start":{"line":18,"column":7,"offset":492},"end":{"line":18,"column":68,"offset":553},"indent":[]},"value":"dendron.rfc.12-schema-improvements"}],"anchors":{"goals":{"type":"header","value":"goals","line":8,"column":0},"context":{"type":"header","value":"context","line":12,"column":0},"proposal":{"type":"header","value":"proposal","line":16,"column":0},"details":{"type":"header","value":"details","line":29,"column":0},"discussion":{"type":"header","value":"discussion","line":33,"column":0}},"fname":"dendron.rfc.12-schema-improvements","updated":1621954345365,"created":1620580916541,"parent":"f143ca38-dcc6-4cd3-b84b-997aec1160ef","children":["8e249f79-c01c-4750-abe9-8a4f47a0de25","93418a5e-36d5-4251-9ff2-7380c99c9ab9","dd0058a4-ea02-41d3-8e22-fbcba85d2677","8a70e9c9-bf7e-4060-af79-abd206f288df","ffe67303-57be-452c-aa73-f7d7e9c4f00f","72d4dbde-59f6-463b-bcd8-2de3457af96f","fa3b1186-b50f-4b7e-9c46-2a116bfdde51"],"data":{},"contentHash":"837d2ce85d47cd3e4e2c0c0d894dda07","custom":{}}
