{"id":"8bc9b3f1-8508-4d3a-a2de-be9f12ef1821","title":"Tags","vault":{"fsPath":"vault","name":"dendron.dendron-site"},"type":"note","desc":"","links":[{"type":"wiki","from":{"fname":"dendron.topic.tags","id":"8bc9b3f1-8508-4d3a-a2de-be9f12ef1821","vaultName":"dendron.dendron-site"},"value":"tags.example.my-example","alias":"#example.my-example","position":{"start":{"line":10,"column":24,"offset":146},"end":{"line":10,"column":43,"offset":165},"indent":[]},"xvault":false,"to":{"fname":"tags.example.my-example"}},{"type":"wiki","from":{"fname":"dendron.topic.tags","id":"8bc9b3f1-8508-4d3a-a2de-be9f12ef1821","vaultName":"dendron.dendron-site"},"value":"dendron.topic.commands","alias":"Rename Note","position":{"start":{"line":21,"column":31,"offset":817},"end":{"line":21,"column":81,"offset":867},"indent":[]},"xvault":false,"sameFile":false,"to":{"fname":"dendron.topic.commands","anchorHeader":"rename-note"}},{"type":"wiki","from":{"fname":"dendron.topic.tags","id":"8bc9b3f1-8508-4d3a-a2de-be9f12ef1821","vaultName":"dendron.dendron-site"},"value":"dendron.topic.commands","alias":"Refactor Hierarchy","position":{"start":{"line":21,"column":85,"offset":871},"end":{"line":21,"column":149,"offset":935},"indent":[]},"xvault":false,"sameFile":false,"to":{"fname":"dendron.topic.commands","anchorHeader":"refactor-hierarchy"}},{"type":"wiki","from":{"fname":"dendron.topic.tags","id":"8bc9b3f1-8508-4d3a-a2de-be9f12ef1821","vaultName":"dendron.dendron-site"},"value":"tags.example","alias":"#example","position":{"start":{"line":29,"column":33,"offset":1489},"end":{"line":29,"column":41,"offset":1497},"indent":[]},"xvault":false,"to":{"fname":"tags.example"}},{"type":"wiki","from":{"fname":"dendron.topic.tags","id":"8bc9b3f1-8508-4d3a-a2de-be9f12ef1821","vaultName":"dendron.dendron-site"},"value":"tags.tags","alias":"#tags","position":{"start":{"line":29,"column":58,"offset":1514},"end":{"line":29,"column":63,"offset":1519},"indent":[]},"xvault":false,"to":{"fname":"tags.tags"}},{"type":"wiki","from":{"fname":"dendron.topic.tags","id":"8bc9b3f1-8508-4d3a-a2de-be9f12ef1821","vaultName":"dendron.dendron-site"},"value":"dendron.topic.links","alias":"Cross Vault Link","position":{"start":{"line":38,"column":1,"offset":1864},"end":{"line":38,"column":59,"offset":1922},"indent":[]},"xvault":false,"sameFile":false,"to":{"fname":"dendron.topic.links","anchorHeader":"cross-vault-links"}},{"type":"wiki","from":{"fname":"dendron.topic.tags","id":"8bc9b3f1-8508-4d3a-a2de-be9f12ef1821","vaultName":"dendron.dendron-site"},"value":"tags.blue","alias":"#blue","position":{"start":{"line":52,"column":31,"offset":2479},"end":{"line":52,"column":36,"offset":2484},"indent":[]},"xvault":false,"to":{"fname":"tags.blue"}},{"type":"wiki","from":{"fname":"dendron.topic.tags","id":"8bc9b3f1-8508-4d3a-a2de-be9f12ef1821","vaultName":"dendron.dendron-site"},"value":"dendron.topic.frontmatter","alias":"frontmatter","position":{"start":{"line":56,"column":30,"offset":2596},"end":{"line":56,"column":71,"offset":2637},"indent":[]},"xvault":false,"sameFile":false,"to":{"fname":"dendron.topic.frontmatter"}},{"type":"ref","from":{"fname":"dendron.topic.tags","id":"8bc9b3f1-8508-4d3a-a2de-be9f12ef1821","vaultName":"dendron.dendron-site"},"value":"dendron.guides.tips","position":{"start":{"line":87,"column":1,"offset":3201},"end":{"line":87,"column":59,"offset":3259},"indent":[]},"xvault":false,"to":{"fname":"dendron.guides.tips","anchorHeader":"stylized-tags-using-custom-css:#*"}},{"from":{"fname":"dendron.faq","vaultName":"dendron.dendron-site"},"type":"backlink","position":{"start":{"line":150,"column":8,"offset":11078},"end":{"line":150,"column":35,"offset":11105},"indent":[]},"value":"dendron.topic.tags"},{"from":{"fname":"dendron.release.2021-07-26","vaultName":"dendron.dendron-site"},"type":"backlink","position":{"start":{"line":10,"column":38,"offset":554},"end":{"line":10,"column":91,"offset":607},"indent":[]},"value":"dendron.topic.tags"},{"from":{"fname":"dendron.release.changelog","vaultName":"dendron.dendron-site"},"type":"backlink","position":{"start":{"line":134,"column":38,"offset":4726},"end":{"line":134,"column":91,"offset":4779},"indent":[]},"value":"dendron.topic.tags"},{"from":{"fname":"dendron.release.changelog","vaultName":"dendron.dendron-site"},"type":"backlink","position":{"start":{"line":41,"column":1,"offset":627},"end":{"line":41,"column":71,"offset":697},"indent":[]},"value":"dendron.topic.tags"},{"from":{"fname":"dendron.release.changelog","vaultName":"dendron.dendron-site"},"type":"backlink","position":{"start":{"line":193,"column":1,"offset":6284},"end":{"line":193,"column":68,"offset":6351},"indent":[]},"value":"dendron.topic.tags"},{"from":{"fname":"dendron.topic.frontmatter","vaultName":"dendron.dendron-site"},"type":"backlink","position":{"start":{"line":56,"column":20,"offset":2024},"end":{"line":56,"column":76,"offset":2080},"indent":[]},"value":"dendron.topic.tags"},{"from":{"fname":"dendron.release.changelog.0-1-x","vaultName":"dendron.dendron-site"},"type":"backlink","position":{"start":{"line":231,"column":102,"offset":12788},"end":{"line":231,"column":136,"offset":12822},"indent":[]},"value":"dendron.topic.tags"}],"anchors":{"hashtags":{"type":"header","value":"hashtags","line":9,"column":0},"details":{"type":"header","value":"details","line":21,"column":0},"tags-in-sentences":{"type":"header","value":"tags-in-sentences","line":33,"column":0},"multi-vault":{"type":"header","value":"multi-vault","line":40,"column":0},"autocomplete-intellisense":{"type":"header","value":"autocomplete-intellisense","line":48,"column":0},"custom-tag-colors":{"type":"header","value":"custom-tag-colors","line":54,"column":0},"frontmatter-tags":{"type":"header","value":"frontmatter-tags","line":61,"column":0},"pretty-tags":{"type":"header","value":"pretty-tags","line":90,"column":0}},"fname":"dendron.topic.tags","updated":1628316726909,"created":1601910058115,"parent":"7a7af2fa-b9d0-4adc-81e6-f03186123539","children":[],"data":{},"contentHash":"1d7b85374d2db2834d1ff49620fadc49","custom":{"stub":false},"schema":{"schemaId":"topic","moduleId":"dendron"}}
