{"id":"8be5a0d4-4bd1-4da8-ad4b-3146aef432b7","title":"Release Notes (version 0.37)","vault":{"fsPath":"vault","name":"dendron.dendron-site"},"type":"note","desc":"","links":[{"type":"wiki","from":{"fname":"dendron.release.2021-04-12","id":"8be5a0d4-4bd1-4da8-ad4b-3146aef432b7","vaultName":"dendron.dendron-site"},"value":"dendron.topic.commands","alias":"doctor","position":{"start":{"line":10,"column":48,"offset":231},"end":{"line":10,"column":89,"offset":272},"indent":[]},"xvault":false,"to":{"fname":"dendron.topic.commands","anchorHeader":"actions"}},{"type":"wiki","from":{"fname":"dendron.release.2021-04-12","id":"8be5a0d4-4bd1-4da8-ad4b-3146aef432b7","vaultName":"dendron.dendron-site"},"value":"dendron.rfc.7-graph-rework","alias":"a rfc","position":{"start":{"line":13,"column":17,"offset":358},"end":{"line":13,"column":53,"offset":394},"indent":[]},"xvault":false,"to":{"fname":"dendron.rfc.7-graph-rework"}},{"type":"wiki","from":{"fname":"dendron.release.2021-04-12","id":"8be5a0d4-4bd1-4da8-ad4b-3146aef432b7","vaultName":"dendron.dendron-site"},"value":"tags.feedback","alias":"#feedback","position":{"start":{"line":13,"column":122,"offset":463},"end":{"line":13,"column":131,"offset":472},"indent":[]},"xvault":false,"to":{"fname":"tags.feedback"}},{"type":"wiki","from":{"fname":"dendron.release.2021-04-12","id":"8be5a0d4-4bd1-4da8-ad4b-3146aef432b7","vaultName":"dendron.dendron-site"},"value":"dendron.community.roles","alias":"here","position":{"start":{"line":18,"column":38,"offset":664},"end":{"line":18,"column":70,"offset":696},"indent":[]},"xvault":false,"to":{"fname":"dendron.community.roles"}}],"anchors":{"highlights":{"type":"header","value":"highlights","line":10,"column":0},"spring-cleaning":{"type":"header","value":"spring-cleaning","line":15,"column":0},"docs":{"type":"header","value":"docs","line":18,"column":0},"community":{"type":"header","value":"community","line":21,"column":0}},"fname":"dendron.release.2021-04-12","updated":1618263681090,"created":1618263202600,"parent":"932534e7-e788-4fdb-bc8c-eaf761992a8d","children":[],"data":{},"contentHash":"f4771768d07757e57abd4b9ba081b488","custom":{}}
