{"id":"8cf880da-6402-47fb-8e9a-9d5fa38e31d0","title":"Project","vault":{"fsPath":"vault","name":"dendron.dendron-site"},"type":"note","desc":"","links":[{"type":"wiki","from":{"fname":"dendron.roadmap.project","id":"8cf880da-6402-47fb-8e9a-9d5fa38e31d0","vaultName":"dendron.dendron-site"},"value":"dendron.roadmap.project.n.2020.principles-and-values","alias":"Principles and Values","position":{"start":{"line":5,"column":3,"offset":90},"end":{"line":5,"column":81,"offset":168},"indent":[]},"xvault":false,"to":{"fname":"dendron.roadmap.project.n.2020.principles-and-values"}},{"type":"wiki","from":{"fname":"dendron.roadmap.project","id":"8cf880da-6402-47fb-8e9a-9d5fa38e31d0","vaultName":"dendron.dendron-site"},"value":"dendron.roadmap.project.n.2020.pods","alias":"Pods","position":{"start":{"line":6,"column":3,"offset":171},"end":{"line":6,"column":47,"offset":215},"indent":[]},"xvault":false,"to":{"fname":"dendron.roadmap.project.n.2020.pods"}},{"type":"wiki","from":{"fname":"dendron.roadmap.project","id":"8cf880da-6402-47fb-8e9a-9d5fa38e31d0","vaultName":"dendron.dendron-site"},"value":"dendron.roadmap.project.n.2020.seeds","alias":"The Seed Bank","position":{"start":{"line":7,"column":3,"offset":218},"end":{"line":7,"column":57,"offset":272},"indent":[]},"xvault":false,"to":{"fname":"dendron.roadmap.project.n.2020.seeds"}},{"type":"wiki","from":{"fname":"dendron.roadmap.project","id":"8cf880da-6402-47fb-8e9a-9d5fa38e31d0","vaultName":"dendron.dendron-site"},"value":"dendron.roadmap.project.n.2020.recruit-gardeners","alias":"Recruit Gardeners","position":{"start":{"line":8,"column":3,"offset":275},"end":{"line":8,"column":73,"offset":345},"indent":[]},"xvault":false,"to":{"fname":"dendron.roadmap.project.n.2020.recruit-gardeners"}},{"type":"wiki","from":{"fname":"dendron.roadmap.project","id":"8cf880da-6402-47fb-8e9a-9d5fa38e31d0","vaultName":"dendron.dendron-site"},"value":"dendron.roadmap.project.n.2020.qol","alias":"Quality of Life Improvements","position":{"start":{"line":9,"column":3,"offset":348},"end":{"line":9,"column":70,"offset":415},"indent":[]},"xvault":false,"to":{"fname":"dendron.roadmap.project.n.2020.qol"}},{"type":"wiki","from":{"fname":"dendron.roadmap.project","id":"8cf880da-6402-47fb-8e9a-9d5fa38e31d0","vaultName":"dendron.dendron-site"},"value":"dendron.roadmap.project.n.2020.server-migration","alias":"Dendron Language Server Protocol","position":{"start":{"line":10,"column":3,"offset":418},"end":{"line":10,"column":87,"offset":502},"indent":[]},"xvault":false,"to":{"fname":"dendron.roadmap.project.n.2020.server-migration"}},{"type":"wiki","from":{"fname":"dendron.roadmap.project","id":"8cf880da-6402-47fb-8e9a-9d5fa38e31d0","vaultName":"dendron.dendron-site"},"value":"dendron.roadmap.project.n.2020.multi-vault","alias":"Multi-Vault Support","position":{"start":{"line":11,"column":3,"offset":505},"end":{"line":11,"column":69,"offset":571},"indent":[]},"xvault":false,"to":{"fname":"dendron.roadmap.project.n.2020.multi-vault"}},{"type":"wiki","from":{"fname":"dendron.roadmap.project","id":"8cf880da-6402-47fb-8e9a-9d5fa38e31d0","vaultName":"dendron.dendron-site"},"value":"dendron.roadmap.project.n.2020.community-building","alias":"Community Building","position":{"start":{"line":12,"column":3,"offset":574},"end":{"line":12,"column":75,"offset":646},"indent":[]},"xvault":false,"to":{"fname":"dendron.roadmap.project.n.2020.community-building"}},{"type":"wiki","from":{"fname":"dendron.roadmap.project","id":"8cf880da-6402-47fb-8e9a-9d5fa38e31d0","vaultName":"dendron.dendron-site"},"value":"dendron.roadmap.project.n.2020.power-functionality","alias":"Power Functionality","position":{"start":{"line":13,"column":3,"offset":649},"end":{"line":13,"column":77,"offset":723},"indent":[]},"xvault":false,"to":{"fname":"dendron.roadmap.project.n.2020.power-functionality"}},{"type":"wiki","from":{"fname":"dendron.roadmap.project","id":"8cf880da-6402-47fb-8e9a-9d5fa38e31d0","vaultName":"dendron.dendron-site"},"value":"dendron.roadmap.project.n.2020.better-docs","alias":"Better Docs","position":{"start":{"line":14,"column":3,"offset":726},"end":{"line":14,"column":61,"offset":784},"indent":[]},"xvault":false,"to":{"fname":"dendron.roadmap.project.n.2020.better-docs"}},{"type":"wiki","from":{"fname":"dendron.roadmap.project","id":"8cf880da-6402-47fb-8e9a-9d5fa38e31d0","vaultName":"dendron.dendron-site"},"value":"dendron.roadmap.project.n.2020.git","alias":"Git All The People","position":{"start":{"line":15,"column":3,"offset":787},"end":{"line":15,"column":60,"offset":844},"indent":[]},"xvault":false,"to":{"fname":"dendron.roadmap.project.n.2020.git"}},{"type":"wiki","from":{"fname":"dendron.roadmap.project","id":"8cf880da-6402-47fb-8e9a-9d5fa38e31d0","vaultName":"dendron.dendron-site"},"value":"dendron.roadmap.project.n.2020.long-term-sustainability","alias":"Long Term Sustainability","position":{"start":{"line":16,"column":3,"offset":847},"end":{"line":16,"column":87,"offset":931},"indent":[]},"xvault":false,"to":{"fname":"dendron.roadmap.project.n.2020.long-term-sustainability"}},{"type":"wiki","from":{"fname":"dendron.roadmap.project","id":"8cf880da-6402-47fb-8e9a-9d5fa38e31d0","vaultName":"dendron.dendron-site"},"value":"dendron.roadmap.project.cook","alias":"Cookbook","position":{"start":{"line":32,"column":3,"offset":1488},"end":{"line":32,"column":44,"offset":1529},"indent":[]},"xvault":false,"to":{"fname":"dendron.roadmap.project.cook"}}],"anchors":{"q4-2020":{"type":"header","value":"q4-2020","line":10,"column":0},"commenting-and-reviews":{"type":"header","value":"commenting-and-reviews","line":25,"column":0},"for-dendrologists":{"type":"header","value":"for-dendrologists","line":27,"column":0},"other-resources":{"type":"header","value":"other-resources","line":37,"column":0},"structure":{"type":"header","value":"structure","line":41,"column":0},"custom-frontmatter":{"type":"header","value":"custom-frontmatter","line":43,"column":0},"snipets":{"type":"header","value":"snipets","line":48,"column":0},"sections":{"type":"header","value":"sections","line":52,"column":0}},"fname":"dendron.roadmap.project","updated":1618848171888,"created":1599498964153,"parent":"6e4c4f61-80a3-46fa-9ad3-04b99d9e9695","children":["3f63b02d-6385-45ad-b0b6-b797d221d714","167bd57c-fb54-4a71-85b2-c26ba6df29fc","c17fa26b-702b-47b7-a9a2-4a8218fc26e4","28acd3e7-2102-4b8d-8d69-0d7b2f83bb54"],"data":{},"contentHash":"3713fdbb0d86ca6f02983203749a5324","custom":{"stub":false}}
