{"id":"8d09cc3f-25e3-42a2-ac86-82806c0c8c65","title":"Startup","vault":{"fsPath":"vault","name":"dendron.dendron-site"},"type":"note","desc":"","links":[{"type":"wiki","from":{"fname":"pkg.dendron-plugin.arch.startup","id":"8d09cc3f-25e3-42a2-ac86-82806c0c8c65","vaultName":"dendron.dendron-site"},"value":"pkg.dendron-api-server.internal","alias":"Internal","position":{"start":{"line":29,"column":7,"offset":475},"end":{"line":29,"column":51,"offset":519},"indent":[]},"xvault":false,"to":{"fname":"pkg.dendron-api-server.internal"}},{"type":"wiki","from":{"fname":"pkg.dendron-plugin.arch.startup","id":"8d09cc3f-25e3-42a2-ac86-82806c0c8c65","vaultName":"dendron.dendron-site"},"value":"pkg.dendron-api-server.internal","alias":"launch","position":{"start":{"line":87,"column":12,"offset":1445},"end":{"line":87,"column":61,"offset":1494},"indent":[]},"xvault":false,"to":{"fname":"pkg.dendron-api-server.internal","anchorHeader":"launch"}},{"type":"wiki","from":{"fname":"pkg.dendron-plugin.arch.startup","id":"8d09cc3f-25e3-42a2-ac86-82806c0c8c65","vaultName":"dendron.dendron-site"},"value":"pkg.dendron-plugin.internal","alias":"workspace.vaults","position":{"start":{"line":100,"column":3,"offset":1603},"end":{"line":100,"column":67,"offset":1667},"indent":[]},"xvault":false,"to":{"fname":"pkg.dendron-plugin.internal","anchorHeader":"workspacevaults"}},{"from":{"fname":"pkg.dendron-plugin.ops.logs","vaultName":"dendron.dendron-site"},"type":"backlink","position":{"start":{"line":5,"column":5,"offset":78},"end":{"line":5,"column":56,"offset":129},"indent":[]},"value":"pkg.dendron-plugin.arch.startup"}],"anchors":{"summary":{"type":"header","value":"summary","line":7,"column":0},"code":{"type":"header","value":"code","line":14,"column":0},"check-for-workspace":{"type":"header","value":"check-for-workspace","line":18,"column":0},"reload-workspace":{"type":"header","value":"reload-workspace","line":37,"column":0},"postreloadworkspace":{"type":"header","value":"postreloadworkspace","line":52,"column":0},"reference":{"type":"header","value":"reference","line":74,"column":0},"getorcreate":{"type":"header","value":"getorcreate","line":76,"column":0},"startserver":{"type":"header","value":"startserver","line":90,"column":0},"updateengine":{"type":"header","value":"updateengine","line":104,"column":0},"workspacevaults":{"type":"header","value":"workspacevaults","line":125,"column":0},"wsreloadworkspace":{"type":"header","value":"wsreloadworkspace","line":134,"column":0}},"fname":"pkg.dendron-plugin.arch.startup","updated":1621097087889,"created":1610160007286,"parent":"d1usLHSTfJc-3_JKuYLBr","children":[],"data":{},"contentHash":"5c828b32adc8df09b51d377ef8f33151","custom":{}}
