{"id":"8d3c8142-7481-40da-9a5c-69a3d4bab697","title":"Best Practices","vault":{"fsPath":"vault","name":"dendron.dendron-site"},"type":"note","desc":"","links":[{"type":"wiki","from":{"fname":"dendron.guides.best-practices","id":"8d3c8142-7481-40da-9a5c-69a3d4bab697","vaultName":"dendron.dendron-site"},"value":"dendron.concepts","alias":"kebab case","position":{"start":{"line":4,"column":30,"offset":41},"end":{"line":4,"column":72,"offset":83},"indent":[]},"xvault":false,"to":{"fname":"dendron.concepts","anchorHeader":"kebab-case"}},{"type":"wiki","from":{"fname":"dendron.guides.best-practices","id":"8d3c8142-7481-40da-9a5c-69a3d4bab697","vaultName":"dendron.dendron-site"},"value":"dendron.ref.workspace","alias":"Workspace: Sync","position":{"start":{"line":36,"column":30,"offset":1566},"end":{"line":36,"column":86,"offset":1622},"indent":[]},"xvault":false,"to":{"fname":"dendron.ref.workspace","anchorHeader":"workspace-sync"}},{"type":"wiki","from":{"fname":"dendron.guides.best-practices","id":"8d3c8142-7481-40da-9a5c-69a3d4bab697","vaultName":"dendron.dendron-site"},"value":"dendron.topic.vaults.multi-vault","alias":"Multi Vault","position":{"start":{"line":41,"column":44,"offset":1780},"end":{"line":41,"column":92,"offset":1828},"indent":[]},"xvault":false,"to":{"fname":"dendron.topic.vaults.multi-vault"}},{"type":"wiki","from":{"fname":"dendron.guides.best-practices","id":"8d3c8142-7481-40da-9a5c-69a3d4bab697","vaultName":"dendron.dendron-site"},"value":"dendron.topic.seed-bank","alias":"Seed Bank","position":{"start":{"line":41,"column":130,"offset":1866},"end":{"line":41,"column":167,"offset":1903},"indent":[]},"xvault":false,"to":{"fname":"dendron.topic.seed-bank"}},{"type":"wiki","from":{"fname":"dendron.guides.best-practices","id":"8d3c8142-7481-40da-9a5c-69a3d4bab697","vaultName":"dendron.dendron-site"},"value":"dendron.topic.vaults","alias":"vaults","position":{"start":{"line":43,"column":115,"offset":2020},"end":{"line":43,"column":146,"offset":2051},"indent":[]},"xvault":false,"to":{"fname":"dendron.topic.vaults"}},{"type":"wiki","from":{"fname":"dendron.guides.best-practices","id":"8d3c8142-7481-40da-9a5c-69a3d4bab697","vaultName":"dendron.dendron-site"},"value":"dendron.guides.cook","alias":"here","position":{"start":{"line":53,"column":71,"offset":2373},"end":{"line":53,"column":142,"offset":2444},"indent":[]},"xvault":false,"to":{"fname":"dendron.guides.cook","anchorHeader":"converting-a-local-vault-to-a-remote-vault"}},{"from":{"fname":"dendron.faq","vaultName":"dendron.dendron-site"},"type":"backlink","position":{"start":{"line":340,"column":5,"offset":23178},"end":{"line":340,"column":98,"offset":23271},"indent":[]},"value":"dendron.guides.best-practices"},{"from":{"fname":"dendron.release.2021-07-12","vaultName":"dendron.dendron-site"},"type":"backlink","position":{"start":{"line":22,"column":9,"offset":1419},"end":{"line":22,"column":42,"offset":1452},"indent":[]},"value":"dendron.guides.best-practices"},{"from":{"fname":"dendron.release.changelog.0-2-x","vaultName":"dendron.dendron-site"},"type":"backlink","position":{"start":{"line":278,"column":29,"offset":8844},"end":{"line":278,"column":74,"offset":8889},"indent":[]},"value":"dendron.guides.best-practices"},{"from":{"fname":"dendron.topic.vaults.multi-vault","vaultName":"dendron.dendron-site"},"type":"backlink","position":{"start":{"line":101,"column":3,"offset":3935},"end":{"line":101,"column":96,"offset":4028},"indent":[]},"value":"dendron.guides.best-practices"}],"anchors":{"naming":{"type":"header","value":"naming","line":8,"column":0},"using-dendron-across-machines":{"type":"header","value":"using-dendron-across-machines","line":24,"column":0},"synchronizing-everything-in-one-repo":{"type":"header","value":"synchronizing-everything-in-one-repo","line":28,"column":0},"synchronizing-everything-across-multiple-repos":{"type":"header","value":"synchronizing-everything-across-multiple-repos","line":45,"column":0}},"fname":"dendron.guides.best-practices","updated":1627660513029,"created":1619103186948,"parent":"02c2d7b6-2ea2-4e15-9894-9dead50d5ca2","children":[],"data":{},"contentHash":"08baf7f0b4dea1c5dccd7614cd050c54","custom":{}}
