{"id":"8d76cb22-f14c-438c-821e-37c91d1b857a","title":"Release Notes (version 0.30)","vault":{"fsPath":"vault","name":"dendron.dendron-site"},"type":"note","desc":"","links":[{"type":"wiki","from":{"fname":"dendron.release.2021-02-22","id":"8d76cb22-f14c-438c-821e-37c91d1b857a","vaultName":"dendron.dendron-site"},"value":"dendron.rfc.2-managed-publishing","alias":"managed publishing","position":{"start":{"line":11,"column":22,"offset":228},"end":{"line":11,"column":77,"offset":283},"indent":[]},"xvault":false,"to":{"fname":"dendron.rfc.2-managed-publishing"}},{"type":"wiki","from":{"fname":"dendron.release.2021-02-22","id":"8d76cb22-f14c-438c-821e-37c91d1b857a","vaultName":"dendron.dendron-site"},"value":"dendron.community.roles","alias":"here","position":{"start":{"line":16,"column":38,"offset":475},"end":{"line":16,"column":70,"offset":507},"indent":[]},"xvault":false,"to":{"fname":"dendron.community.roles"}},{"type":"ref","from":{"fname":"dendron.release.2021-02-22","id":"8d76cb22-f14c-438c-821e-37c91d1b857a","vaultName":"dendron.dendron-site"},"value":"dendron.release.changelog","position":{"start":{"line":32,"column":1,"offset":1071},"end":{"line":32,"column":42,"offset":1112},"indent":[]},"xvault":false,"to":{"fname":"dendron.release.changelog","anchorHeader":"0292:#0281"}}],"anchors":{"highlights":{"type":"header","value":"highlights","line":10,"column":0},"in-the-works":{"type":"header","value":"in-the-works","line":16,"column":0},"community":{"type":"header","value":"community","line":19,"column":0}},"fname":"dendron.release.2021-02-22","updated":1614139494099,"created":1614059104275,"parent":"932534e7-e788-4fdb-bc8c-eaf761992a8d","children":[],"data":{},"contentHash":"73f3bed22e9768dcadf6a7af18600af8","custom":{}}
