{"id":"8DCgctK-RMD4EeHjC5_hI","title":"Rich Formatting","vault":{"fsPath":"vault","name":"dendron.dendron-site"},"type":"note","desc":"","links":[{"type":"wiki","from":{"fname":"dendron.tutorial.rich-formatting","id":"8DCgctK-RMD4EeHjC5_hI","vaultName":"dendron.dendron-site"},"value":"dendron.topic.references","alias":"References Docs","position":{"start":{"line":60,"column":1,"offset":1721},"end":{"line":60,"column":45,"offset":1765},"indent":[]},"xvault":false,"to":{"fname":"dendron.topic.references"}},{"type":"wiki","from":{"fname":"dendron.tutorial.rich-formatting","id":"8DCgctK-RMD4EeHjC5_hI","vaultName":"dendron.dendron-site"},"value":"dendron.tutorial.conclusion","alias":"Conclude the Tutorial","position":{"start":{"line":64,"column":3,"offset":1785},"end":{"line":64,"column":56,"offset":1838},"indent":[]},"xvault":false,"to":{"fname":"dendron.tutorial.conclusion"}},{"type":"ref","from":{"fname":"dendron.tutorial.rich-formatting","id":"8DCgctK-RMD4EeHjC5_hI","vaultName":"dendron.dendron-site"},"value":"dendron.tutorial.conclusion","position":{"start":{"line":58,"column":1,"offset":1595},"end":{"line":58,"column":125,"offset":1719},"indent":[]},"xvault":false,"to":{"fname":"dendron.tutorial.conclusion","anchorHeader":"join-the-community-of-dendrologists:#^discord-block-ref"}},{"from":{"fname":"dendron.tutorial.linking-notes","vaultName":"dendron.dendron-site"},"type":"backlink","position":{"start":{"line":31,"column":20,"offset":1467},"end":{"line":31,"column":72,"offset":1519},"indent":[]},"value":"dendron.tutorial.rich-formatting"}],"anchors":{"markdown-formatting-options":{"type":"header","value":"markdown-formatting-options","line":11,"column":0},"images":{"type":"header","value":"images","line":20,"column":0},"equations":{"type":"header","value":"equations","line":29,"column":0},"diagrams":{"type":"header","value":"diagrams","line":37,"column":0},"flow-charts":{"type":"header","value":"flow-charts","line":41,"column":0},"sequence-diagrams":{"type":"header","value":"sequence-diagrams","line":49,"column":0},"note-references":{"type":"header","value":"note-references","line":61,"column":0},"next-steps":{"type":"header","value":"next-steps","line":69,"column":0}},"fname":"dendron.tutorial.rich-formatting","updated":1625578804366,"created":1625573403967,"parent":"678c77d9-ef2c-4537-97b5-64556d6337f1","children":[],"data":{},"contentHash":"3c6b0839a59cc65c7d31a62c988f9499","custom":{"nav_order":3}}
