{"id":"8de4209d-84d3-45f8-96a4-34282e34507d","title":"Preview","vault":{"fsPath":"vault","name":"dendron.dendron-site"},"type":"note","desc":"","links":[{"type":"wiki","from":{"fname":"dendron.topic.preview","id":"8de4209d-84d3-45f8-96a4-34282e34507d","vaultName":"dendron.dendron-site"},"value":"dendron.topic.preview-v2","alias":"Preview V2","position":{"start":{"line":4,"column":73,"offset":85},"end":{"line":4,"column":112,"offset":124},"indent":[]},"xvault":false,"to":{"fname":"dendron.topic.preview-v2"}},{"type":"wiki","from":{"fname":"dendron.topic.preview","id":"8de4209d-84d3-45f8-96a4-34282e34507d","vaultName":"dendron.dendron-site"},"value":"dendron.guides.tips","alias":"Always show preview of md being edited","position":{"start":{"line":20,"column":17,"offset":971},"end":{"line":20,"column":118,"offset":1072},"indent":[]},"xvault":false,"to":{"fname":"dendron.guides.tips","anchorHeader":"always-show-preview-of-md-being-edited"}},{"from":{"fname":"dendron.topic.preview-v2","vaultName":"dendron.dendron-site"},"type":"backlink","position":{"start":{"line":6,"column":78,"offset":158},"end":{"line":6,"column":111,"offset":191},"indent":[]},"value":"dendron.topic.preview"}],"anchors":{"summary":{"type":"header","value":"summary","line":8,"column":0},"setup":{"type":"header","value":"setup","line":16,"column":0},"issues":{"type":"header","value":"issues","line":23,"column":0}},"fname":"dendron.topic.preview","updated":1627320748582,"created":1603383580067,"parent":"7a7af2fa-b9d0-4adc-81e6-f03186123539","children":[],"data":{},"contentHash":"f121a01b73a1c0f18287aa87379c4bd1","custom":{},"schema":{"schemaId":"topic","moduleId":"dendron"}}
