{"id":"8e249f79-c01c-4750-abe9-8a4f47a0de25","title":"Custom Editor","vault":{"fsPath":"vault","name":"dendron.dendron-site"},"type":"note","desc":"","links":[{"type":"wiki","from":{"fname":"dendron.rfc.12-schema-improvements.custom-editor","id":"8e249f79-c01c-4750-abe9-8a4f47a0de25","vaultName":"dendron.dendron-site"},"value":"dendron.rfc.12-schema-improvements.json-schema","alias":"Json Schema","position":{"start":{"line":8,"column":120,"offset":188},"end":{"line":8,"column":182,"offset":250},"indent":[]},"xvault":false,"to":{"fname":"dendron.rfc.12-schema-improvements.json-schema"}},{"from":{"fname":"dendron.rfc.12-schema-improvements","vaultName":"dendron.dendron-site"},"type":"backlink","position":{"start":{"line":21,"column":4,"offset":686},"end":{"line":21,"column":70,"offset":752},"indent":[]},"value":"dendron.rfc.12-schema-improvements.custom-editor"}],"anchors":{"goal":{"type":"header","value":"goal","line":8,"column":0},"proposal":{"type":"header","value":"proposal","line":12,"column":0}},"fname":"dendron.rfc.12-schema-improvements.custom-editor","updated":1621159511927,"created":1621159249084,"parent":"8bc80164-6436-4c77-8077-7842f53a4a23","children":[],"data":{},"contentHash":"4863210a3dc726cba43d4fe9c86bc91f","custom":{}}
