{"id":"8ec553b8-5dfc-4a72-b73f-25c8e59d1538","title":"Publishing","vault":{"fsPath":"vault","name":"dendron.dendron-site"},"type":"note","desc":"","links":[],"anchors":{"summary":{"type":"header","value":"summary","line":8,"column":0},"flows":{"type":"header","value":"flows","line":10,"column":0}},"fname":"dendron.dev.design.publishing","updated":1599927898931,"created":1599927898931,"parent":"c160ddce-edec-4f6e-841b-418d6030fa37","children":[],"data":{},"contentHash":"ecf3d5015b9d52a3e6f1eaa68b211a99","custom":{"stub":false}}
