{"id":"8fade289-92bf-4f8b-a58a-74d91c3d6655","title":"05","vault":{"fsPath":"vault","name":"dendron.dendron-site"},"type":"note","desc":"","links":[],"anchors":{},"fname":"dendron.community.office-hours.2021.05","updated":1620495912524,"created":1620495912524,"parent":"1ef1b15e-b61d-4901-9a41-5244e5e602ba","children":["693cf49f-1351-44fb-bca3-4bc183a0cccd","cf8e0533-51e5-444a-a1bb-6c7f71276e54","55080702-eabb-4433-89b7-c51be5391398","f49f6c7a-80f3-4097-a9ac-5f2223626eeb","3da0e9c2-c6cb-468c-a0bf-be2a267a1a41"],"data":{},"contentHash":"d49f56db9594f79d22ba77712fea29b2","stub":false,"custom":{"stub":true}}
