{"id":"8JECQzntY2P5ha3U","title":"Publish","vault":{"fsPath":"vault","name":"dendron.dendron-site"},"type":"note","desc":"","links":[],"anchors":{"summary":{"type":"header","value":"summary","line":8,"column":0},"example-workflow":{"type":"header","value":"example-workflow","line":12,"column":0},"configuration":{"type":"header","value":"configuration","line":31,"column":0},"owner":{"type":"header","value":"owner","line":33,"column":0},"repository":{"type":"header","value":"repository","line":38,"column":0},"token":{"type":"header","value":"token","line":43,"column":0},"example-configuration":{"type":"header","value":"example-configuration","line":48,"column":0},"authentication-populating-the-token-field-in-the-configuration":{"type":"header","value":"authentication-populating-the-token-field-in-the-configuration","line":55,"column":0}},"fname":"dendron.topic.pod.builtin.github.publish","updated":1628252755094,"created":1627560101451,"parent":"PuDUEyUAPmvpBvaFWHDOS","children":[],"data":{},"contentHash":"dd2da463a4e6221476bebc573a67381e","custom":{}}
