{"id":"9293d889-e07f-4a01-b67f-e8aca7c1c7f7","title":"Release Notes (version 0.25)","vault":{"fsPath":"vault","name":"dendron.dendron-site"},"type":"note","desc":"","links":[{"type":"wiki","from":{"fname":"dendron.release.2021-01-18","id":"9293d889-e07f-4a01-b67f-e8aca7c1c7f7","vaultName":"dendron.dendron-site"},"value":"dendron.topic.commands","alias":"docs","position":{"start":{"line":6,"column":70,"offset":137},"end":{"line":6,"column":112,"offset":179},"indent":[]},"xvault":false,"to":{"fname":"dendron.topic.commands","anchorHeader":"site-build"}},{"type":"wiki","from":{"fname":"dendron.release.2021-01-18","id":"9293d889-e07f-4a01-b67f-e8aca7c1c7f7","vaultName":"dendron.dendron-site"},"value":"dendron.topic.publishing.configuration","alias":"docs","position":{"start":{"line":8,"column":47,"offset":251},"end":{"line":8,"column":120,"offset":324},"indent":[]},"xvault":false,"to":{"fname":"dendron.topic.publishing.configuration","anchorHeader":"customheaderpath-optional"}},{"type":"wiki","from":{"fname":"dendron.release.2021-01-18","id":"9293d889-e07f-4a01-b67f-e8aca7c1c7f7","vaultName":"dendron.dendron-site"},"value":"dendron.topic.publishing","alias":"dendron v1","position":{"start":{"line":13,"column":3,"offset":388},"end":{"line":13,"column":42,"offset":427},"indent":[]},"xvault":false,"to":{"fname":"dendron.topic.publishing"}},{"type":"wiki","from":{"fname":"dendron.release.2021-01-18","id":"9293d889-e07f-4a01-b67f-e8aca7c1c7f7","vaultName":"dendron.dendron-site"},"value":"dendron.topic.publishing","alias":"Publishing V2","position":{"start":{"line":14,"column":43,"offset":505},"end":{"line":14,"column":85,"offset":547},"indent":[]},"xvault":false,"to":{"fname":"dendron.topic.publishing"}},{"type":"wiki","from":{"fname":"dendron.release.2021-01-18","id":"9293d889-e07f-4a01-b67f-e8aca7c1c7f7","vaultName":"dendron.dendron-site"},"value":"dendron.topic.commands","alias":"Build Pod Command","position":{"start":{"line":17,"column":7,"offset":666},"end":{"line":17,"column":61,"offset":720},"indent":[]},"xvault":false,"to":{"fname":"dendron.topic.commands","anchorHeader":"build-pod"}},{"type":"wiki","from":{"fname":"dendron.release.2021-01-18","id":"9293d889-e07f-4a01-b67f-e8aca7c1c7f7","vaultName":"dendron.dendron-site"},"value":"dendron.topic.commands","alias":"Publish Command","position":{"start":{"line":18,"column":7,"offset":727},"end":{"line":18,"column":57,"offset":777},"indent":[]},"xvault":false,"to":{"fname":"dendron.topic.commands","anchorHeader":"publish"}},{"type":"wiki","from":{"fname":"dendron.release.2021-01-18","id":"9293d889-e07f-4a01-b67f-e8aca7c1c7f7","vaultName":"dendron.dendron-site"},"value":"dendron.topic.cli","alias":"buildSite CLI","position":{"start":{"line":19,"column":7,"offset":784},"end":{"line":19,"column":52,"offset":829},"indent":[]},"xvault":false,"to":{"fname":"dendron.topic.cli","anchorHeader":"buildsite"}},{"type":"wiki","from":{"fname":"dendron.release.2021-01-18","id":"9293d889-e07f-4a01-b67f-e8aca7c1c7f7","vaultName":"dendron.dendron-site"},"value":"dendron.topic.cli","alias":"publishnotes CLI","position":{"start":{"line":20,"column":7,"offset":836},"end":{"line":20,"column":58,"offset":887},"indent":[]},"xvault":false,"to":{"fname":"dendron.topic.cli","anchorHeader":"publishnotes"}},{"type":"wiki","from":{"fname":"dendron.release.2021-01-18","id":"9293d889-e07f-4a01-b67f-e8aca7c1c7f7","vaultName":"dendron.dendron-site"},"value":"dendron.topic.config.vscode-config","alias":"dendron.copyNoteUrlRoot","position":{"start":{"line":21,"column":3,"offset":890},"end":{"line":21,"column":88,"offset":975},"indent":[]},"xvault":false,"to":{"fname":"dendron.topic.config.vscode-config","anchorHeader":"dendroncopynoteurlroot"}},{"type":"wiki","from":{"fname":"dendron.release.2021-01-18","id":"9293d889-e07f-4a01-b67f-e8aca7c1c7f7","vaultName":"dendron.dendron-site"},"value":"dendron.dev.qa.notes","alias":"Dendron QA Notes","position":{"start":{"line":32,"column":5,"offset":1483},"end":{"line":32,"column":46,"offset":1524},"indent":[]},"xvault":false,"to":{"fname":"dendron.dev.qa.notes"}},{"type":"wiki","from":{"fname":"dendron.release.2021-01-18","id":"9293d889-e07f-4a01-b67f-e8aca7c1c7f7","vaultName":"dendron.dendron-site"},"value":"dendron.community.roles","alias":"here","position":{"start":{"line":39,"column":38,"offset":1943},"end":{"line":39,"column":70,"offset":1975},"indent":[]},"xvault":false,"to":{"fname":"dendron.community.roles"}},{"type":"wiki","from":{"fname":"dendron.release.2021-01-18","id":"9293d889-e07f-4a01-b67f-e8aca7c1c7f7","vaultName":"dendron.dendron-site"},"value":"dendron.guides.upgrading","alias":"here for dendron-11ty and dendron cli","position":{"start":{"line":55,"column":32,"offset":2262},"end":{"line":55,"column":127,"offset":2357},"indent":[]},"xvault":false,"to":{"fname":"dendron.guides.upgrading","anchorHeader":"dendron-cli-and-dendron-11ty"}},{"type":"ref","from":{"fname":"dendron.release.2021-01-18","id":"9293d889-e07f-4a01-b67f-e8aca7c1c7f7","vaultName":"dendron.dendron-site"},"value":"dendron.release.changelog","position":{"start":{"line":57,"column":1,"offset":2359},"end":{"line":57,"column":42,"offset":2400},"indent":[]},"xvault":false,"to":{"fname":"dendron.release.changelog","anchorHeader":"0242:#0232"}}],"anchors":{"highlights":{"type":"header","value":"highlights","line":9,"column":0},"spring-cleaning":{"type":"header","value":"spring-cleaning","line":17,"column":0},"community":{"type":"header","value":"community","line":29,"column":0},"version-numbers":{"type":"header","value":"version-numbers","line":47,"column":0}},"fname":"dendron.release.2021-01-18","updated":1619549858849,"created":1610992021546,"parent":"932534e7-e788-4fdb-bc8c-eaf761992a8d","children":[],"data":{},"contentHash":"979379d5cdac04da807df7635cccb63c","custom":{}}
