{"id":"92df74a7-39e7-453a-b940-013f3a48f513","title":"Dendron Preview","vault":{"fsPath":"vault","name":"dendron.dendron-site"},"type":"note","desc":"","links":[{"from":{"fname":"pkg","vaultName":"dendron.dendron-site"},"type":"backlink","position":{"start":{"line":16,"column":5,"offset":447},"end":{"line":16,"column":44,"offset":486},"indent":[]},"value":"pkg.dendron-preview"}],"anchors":{},"fname":"pkg.dendron-preview","updated":1615999537811,"created":1607127810303,"parent":"32cdd4aa-d9f6-4582-8d0c-07f64a00299b","children":["fb2cfc7e-f71d-4ec6-8c17-90f323a6c075","5f66bcc7-fcb5-4c83-917b-6e8c68a3fef7","59c41809-f3e9-457a-8b2c-7daecf7d338f"],"data":{},"contentHash":"ab6967e80d9faa9ff3333e3da9d5bdec","custom":{}}
