{"id":"93022442-b49b-4510-b695-e10d8651ecfe","title":"Caching","vault":{"fsPath":"vault","name":"dendron.dendron-site"},"type":"note","desc":"","links":[{"type":"wiki","from":{"fname":"dendron.ref.caching","id":"93022442-b49b-4510-b695-e10d8651ecfe","vaultName":"dendron.dendron-site"},"value":"dendron.topic.config.dendron","alias":"noCaching","position":{"start":{"line":10,"column":39,"offset":454},"end":{"line":10,"column":91,"offset":506},"indent":[]},"xvault":false,"to":{"fname":"dendron.topic.config.dendron","anchorHeader":"nocaching"}},{"from":{"fname":"dendron.guides.troubleshooting","vaultName":"dendron.dendron-site"},"type":"backlink","position":{"start":{"line":230,"column":16,"offset":8251},"end":{"line":230,"column":53,"offset":8288},"indent":[]},"value":"dendron.ref.caching"},{"from":{"fname":"dendron.release.changelog","vaultName":"dendron.dendron-site"},"type":"backlink","position":{"start":{"line":663,"column":143,"offset":18368},"end":{"line":663,"column":171,"offset":18396},"indent":[]},"value":"dendron.ref.caching"},{"from":{"fname":"dendron.release.changelog.0-3-x","vaultName":"dendron.dendron-site"},"type":"backlink","position":{"start":{"line":9,"column":206,"offset":328},"end":{"line":9,"column":234,"offset":356},"indent":[]},"value":"dendron.ref.caching"},{"from":{"fname":"dendron.topic.config.dendron","vaultName":"dendron.dendron-site"},"type":"backlink","position":{"start":{"line":38,"column":17,"offset":940},"end":{"line":38,"column":48,"offset":971},"indent":[]},"value":"dendron.ref.caching"}],"anchors":{"summary":{"type":"header","value":"summary","line":8,"column":0},"details":{"type":"header","value":"details","line":19,"column":0}},"fname":"dendron.ref.caching","updated":1619793919083,"created":1619455498421,"parent":"f308164e-faff-43a1-8d34-72ed060275b0","children":[],"data":{},"contentHash":"ab44b820a03c8ac9956ba77c6ff41dc6","custom":{}}
