{"id":"93418a5e-36d5-4251-9ff2-7380c99c9ab9","title":"Json Schema","vault":{"fsPath":"vault","name":"dendron.dendron-site"},"type":"note","desc":"","links":[{"from":{"fname":"dendron.rfc.12-schema-improvements","vaultName":"dendron.dendron-site"},"type":"backlink","position":{"start":{"line":20,"column":4,"offset":620},"end":{"line":20,"column":66,"offset":682},"indent":[]},"value":"dendron.rfc.12-schema-improvements.json-schema"},{"from":{"fname":"dendron.rfc.12-schema-improvements.custom-editor","vaultName":"dendron.dendron-site"},"type":"backlink","position":{"start":{"line":8,"column":120,"offset":188},"end":{"line":8,"column":182,"offset":250},"indent":[]},"value":"dendron.rfc.12-schema-improvements.json-schema"}],"anchors":{"goal":{"type":"header","value":"goal","line":8,"column":0},"proposal":{"type":"header","value":"proposal","line":12,"column":0}},"fname":"dendron.rfc.12-schema-improvements.json-schema","updated":1621159651140,"created":1621158570591,"parent":"8bc80164-6436-4c77-8077-7842f53a4a23","children":[],"data":{},"contentHash":"a69b86ea4d09d02284d353922869d484","custom":{}}
