{"id":"94131f34-a7bf-4075-9da4-c853f0c5eca6","title":"API","vault":{"fsPath":"vault","name":"dendron.dendron-site"},"type":"note","desc":"","links":[{"type":"wiki","from":{"fname":"dendron.topic.hooks.api","id":"94131f34-a7bf-4075-9da4-c853f0c5eca6","vaultName":"dendron.dendron-site"},"value":"dendron.ref.status","alias":"Experimental 🧪","position":{"start":{"line":3,"column":3,"offset":14},"end":{"line":3,"column":57,"offset":68},"indent":[]},"xvault":false,"to":{"fname":"dendron.ref.status","anchorHeader":"experimental-🧪"}},{"type":"wiki","from":{"fname":"dendron.topic.hooks.api","id":"94131f34-a7bf-4075-9da4-c853f0c5eca6","vaultName":"dendron.dendron-site"},"value":"pro.common-all","alias":"NoteProps","position":{"start":{"line":6,"column":76,"offset":164},"end":{"line":6,"column":114,"offset":202},"indent":[]},"xvault":false,"to":{"fname":"pro.common-all","anchorHeader":"noteprops"}},{"from":{"fname":"dendron.topic.hooks","vaultName":"dendron.dendron-site"},"type":"backlink","position":{"start":{"line":3,"column":3,"offset":14},"end":{"line":3,"column":44,"offset":55},"indent":[]},"value":"dendron.topic.hooks.api"}],"anchors":{"summary":{"type":"header","value":"summary","line":8,"column":0},"note":{"type":"header","value":"note","line":11,"column":0},"^bPnv52_x":{"type":"block","value":"bPnv52_x","line":9,"column":57}},"fname":"dendron.topic.hooks.api","updated":1623706746401,"created":1620495861222,"parent":"12551d19-04c2-4d26-ac1e-d23ff3181a9c","children":[],"data":{},"contentHash":"4740ce5a1cfb3a8422423f964f3195a6","custom":{}}
