{"id":"945a1bf2-2d6c-4792-87d0-bf87b7f94182","title":"Methods","vault":{"fsPath":"vault","name":"dendron.dendron-site"},"type":"note","desc":"","links":[{"from":{"fname":"dendron.rfc.14-seed-bank","vaultName":"dendron.dendron-site"},"type":"backlink","position":{"start":{"line":50,"column":5,"offset":2018},"end":{"line":50,"column":49,"offset":2062},"indent":[]},"value":"dendron.rfc.14-seed-bank.methods"},{"from":{"fname":"dendron.rfc.14-seed-bank","vaultName":"dendron.dendron-site"},"type":"backlink","position":{"start":{"line":153,"column":20,"offset":4706},"end":{"line":153,"column":64,"offset":4750},"indent":[]},"value":"dendron.rfc.14-seed-bank.methods"},{"from":{"fname":"dendron.topic.seed-bank","vaultName":"dendron.dendron-site"},"type":"backlink","position":{"start":{"line":21,"column":1,"offset":786},"end":{"line":21,"column":78,"offset":863},"indent":[]},"value":"dendron.rfc.14-seed-bank.methods"},{"from":{"fname":"dendron.topic.seed-bank","vaultName":"dendron.dendron-site"},"type":"backlink","position":{"start":{"line":24,"column":1,"offset":874},"end":{"line":24,"column":79,"offset":952},"indent":[]},"value":"dendron.rfc.14-seed-bank.methods"},{"from":{"fname":"dendron.topic.seed-bank","vaultName":"dendron.dendron-site"},"type":"backlink","position":{"start":{"line":27,"column":1,"offset":963},"end":{"line":27,"column":85,"offset":1047},"indent":[]},"value":"dendron.rfc.14-seed-bank.methods"},{"from":{"fname":"dendron.topic.seed-bank","vaultName":"dendron.dendron-site"},"type":"backlink","position":{"start":{"line":30,"column":1,"offset":1060},"end":{"line":30,"column":81,"offset":1140},"indent":[]},"value":"dendron.rfc.14-seed-bank.methods"}],"anchors":{"add":{"type":"header","value":"add","line":8,"column":0},"info":{"type":"header","value":"info","line":42,"column":0},"init":{"type":"header","value":"init","line":63,"column":0},"publish":{"type":"header","value":"publish","line":71,"column":0},"schema":{"type":"header","value":"schema","line":81,"column":0},"remove":{"type":"header","value":"remove","line":98,"column":0},"search":{"type":"header","value":"search","line":108,"column":0}},"fname":"dendron.rfc.14-seed-bank.methods","updated":1624071086578,"created":1623022056338,"parent":"4039fc46-06b2-4f83-b817-fc490bafbcb3","children":[],"data":{},"contentHash":"92e811b96d6625345883f66fd0b881ec","custom":{}}
