{"id":"95ab0095-a5be-4e54-a205-70da8d6dd671","title":"Concepts","vault":{"fsPath":"vault","name":"dendron.dendron-site"},"type":"note","desc":"","links":[{"type":"wiki","from":{"fname":"dendron.rfc.14-seed-bank.concepts","id":"95ab0095-a5be-4e54-a205-70da8d6dd671","vaultName":"dendron.dendron-site"},"value":"dendron.topic.vaults","alias":"vaults","position":{"start":{"line":4,"column":111,"offset":126},"end":{"line":4,"column":142,"offset":157},"indent":[]},"xvault":false,"to":{"fname":"dendron.topic.vaults"}},{"type":"wiki","from":{"fname":"dendron.rfc.14-seed-bank.concepts","id":"95ab0095-a5be-4e54-a205-70da8d6dd671","vaultName":"dendron.dendron-site"},"value":"dendron.topic.vaults","alias":"Workspace Vault","position":{"start":{"line":7,"column":13,"offset":181},"end":{"line":7,"column":69,"offset":237},"indent":[]},"xvault":false,"to":{"fname":"dendron.topic.vaults","anchorHeader":"workspace-vault"}}],"anchors":{"seed-bank":{"type":"header","value":"seed-bank","line":8,"column":0},"seed":{"type":"header","value":"seed","line":12,"column":0}},"fname":"dendron.rfc.14-seed-bank.concepts","updated":1623037739582,"created":1623022099803,"parent":"4039fc46-06b2-4f83-b817-fc490bafbcb3","children":[],"data":{},"contentHash":"5a40f59df14a73ab68fddc1047cbbd29","custom":{}}
