{"id":"95f7193b-9940-42ba-841f-3e2a4d937ba3","title":"10 Blocks","vault":{"fsPath":"vault","name":"dendron.dendron-site"},"type":"note","desc":"","links":[{"type":"wiki","from":{"fname":"dendron.rfc.10-blocks","id":"95f7193b-9940-42ba-841f-3e2a4d937ba3","vaultName":"dendron.dendron-site"},"value":"dendron.topic.references","alias":"range references","position":{"start":{"line":61,"column":38,"offset":1898},"end":{"line":61,"column":105,"offset":1965},"indent":[]},"xvault":false,"to":{"fname":"dendron.topic.references","anchorHeader":"block-range-reference"}},{"type":"wiki","from":{"fname":"dendron.rfc.10-blocks","id":"95f7193b-9940-42ba-841f-3e2a4d937ba3","vaultName":"dendron.dendron-site"},"value":"dendron.topic.links","alias":"wiki link","position":{"start":{"line":95,"column":51,"offset":2644},"end":{"line":95,"column":95,"offset":2688},"indent":[]},"xvault":false,"to":{"fname":"dendron.topic.links","anchorHeader":"wiki-links"}},{"type":"wiki","from":{"fname":"dendron.rfc.10-blocks","id":"95f7193b-9940-42ba-841f-3e2a4d937ba3","vaultName":"dendron.dendron-site"},"value":"dendron.rfc.10-blocks.parsing-block-syntax","alias":"Parsing block syntax","position":{"start":{"line":105,"column":7,"offset":2974},"end":{"line":105,"column":74,"offset":3041},"indent":[]},"xvault":false,"to":{"fname":"dendron.rfc.10-blocks.parsing-block-syntax"}},{"type":"wiki","from":{"fname":"dendron.rfc.10-blocks","id":"95f7193b-9940-42ba-841f-3e2a4d937ba3","vaultName":"dendron.dendron-site"},"value":"dendron.rfc.10-blocks.markdown-integration","alias":"Markdown integration","position":{"start":{"line":106,"column":7,"offset":3048},"end":{"line":106,"column":74,"offset":3115},"indent":[]},"xvault":false,"to":{"fname":"dendron.rfc.10-blocks.markdown-integration"}},{"type":"wiki","from":{"fname":"dendron.rfc.10-blocks","id":"95f7193b-9940-42ba-841f-3e2a4d937ba3","vaultName":"dendron.dendron-site"},"value":"dendron.rfc.10-blocks.html-integration","alias":"Html integration","position":{"start":{"line":107,"column":7,"offset":3122},"end":{"line":107,"column":66,"offset":3181},"indent":[]},"xvault":false,"to":{"fname":"dendron.rfc.10-blocks.html-integration"}},{"type":"wiki","from":{"fname":"dendron.rfc.10-blocks","id":"95f7193b-9940-42ba-841f-3e2a4d937ba3","vaultName":"dendron.dendron-site"},"value":"dendron.rfc.10-blocks.vscode-integration","alias":"Integration with Vscode","position":{"start":{"line":108,"column":7,"offset":3188},"end":{"line":108,"column":75,"offset":3256},"indent":[]},"xvault":false,"to":{"fname":"dendron.rfc.10-blocks.vscode-integration"}},{"from":{"fname":"dendron.release.2021-05-03","vaultName":"dendron.dendron-site"},"type":"backlink","position":{"start":{"line":20,"column":3,"offset":819},"end":{"line":20,"column":38,"offset":854},"indent":[]},"value":"dendron.rfc.10-blocks"},{"from":{"fname":"dendron.rfc.10-blocks.parsing-block-syntax","vaultName":"dendron.dendron-site"},"type":"backlink","position":{"start":{"line":10,"column":7,"offset":378},"end":{"line":10,"column":56,"offset":427},"indent":[]},"value":"dendron.rfc.10-blocks"},{"from":{"fname":"dendron.rfc.10-blocks.parsing-block-syntax","vaultName":"dendron.dendron-site"},"type":"backlink","position":{"start":{"line":17,"column":7,"offset":766},"end":{"line":17,"column":58,"offset":817},"indent":[]},"value":"dendron.rfc.10-blocks"},{"from":{"fname":"dendron.rfc.10-blocks.parsing-block-syntax","vaultName":"dendron.dendron-site"},"type":"backlink","position":{"start":{"line":23,"column":7,"offset":959},"end":{"line":23,"column":74,"offset":1026},"indent":[]},"value":"dendron.rfc.10-blocks"}],"anchors":{"goals":{"type":"header","value":"goals","line":7,"column":0},"context":{"type":"header","value":"context","line":11,"column":0},"lookup":{"type":"header","value":"lookup","line":15,"column":0},"proposal":{"type":"header","value":"proposal","line":22,"column":0},"concepts":{"type":"header","value":"concepts","line":26,"column":0},"block-links":{"type":"header","value":"block-links","line":28,"column":0},"block-anchor":{"type":"header","value":"block-anchor","line":36,"column":0},"block-reference-link":{"type":"header","value":"block-reference-link","line":57,"column":0},"block-range-references":{"type":"header","value":"block-range-references","line":65,"column":0},"details":{"type":"header","value":"details","line":99,"column":0},"tasks":{"type":"header","value":"tasks","line":109,"column":0},"example":{"type":"header","value":"example","line":116,"column":0},"block-link-inside-same-file":{"type":"header","value":"block-link-inside-same-file","line":118,"column":0},"block-link-to-other-file":{"type":"header","value":"block-link-to-other-file","line":146,"column":0},"block-reference-to-other-file":{"type":"header","value":"block-reference-to-other-file","line":184,"column":0},"tradeoffs":{"type":"header","value":"tradeoffs","line":222,"column":0},"discussion":{"type":"header","value":"discussion","line":227,"column":0}},"fname":"dendron.rfc.10-blocks","updated":1622526720220,"created":1619804977969,"parent":"f143ca38-dcc6-4cd3-b84b-997aec1160ef","children":["0a0fe3fa-949d-46aa-97b9-d1b003e3d8f9","137008c9-29ca-436c-a94c-dc378a942b1f","0f4f9dd0-396b-4064-b451-97a2276ce4e1","3b52d81b-f5c5-491c-bf9c-58bd0f5826be"],"data":{},"contentHash":"8c336a842bd188a6b00cc7b0778b5ef7","custom":{}}
