{"id":"9884bdb4-8050-4659-bd51-143940b20db8","title":"Cook","vault":{"fsPath":"vault","name":"dendron.dendron-site"},"type":"note","desc":"","links":[{"type":"wiki","from":{"fname":"pkg.engine-test-utils.cook","id":"9884bdb4-8050-4659-bd51-143940b20db8","vaultName":"dendron.dendron-site"},"value":"pkg.engine-test-utils","alias":"Engine Test Utils","position":{"start":{"line":4,"column":7,"offset":43},"end":{"line":4,"column":50,"offset":86},"indent":[]},"xvault":false,"to":{"fname":"pkg.engine-test-utils"}},{"from":{"fname":"dendron.dev.qa","vaultName":"dendron.dendron-site"},"type":"backlink","position":{"start":{"line":199,"column":1,"offset":6518},"end":{"line":199,"column":62,"offset":6579},"indent":[]},"value":"pkg.engine-test-utils.cook"}],"anchors":{"stubbing-dendronyml-in-a-test":{"type":"header","value":"stubbing-dendronyml-in-a-test","line":9,"column":0}},"fname":"pkg.engine-test-utils.cook","updated":1623255663412,"created":1623255634411,"parent":"f041ed84-a842-4aed-93aa-cdf9e953826a","children":[],"data":{},"contentHash":"e31e2cca20f56af70940b983e08bae90","custom":{}}
