{"id":"98ad9b6b-53f3-4883-939e-e14055f2cac7","title":"Release Notes(version 0.14)","vault":{"fsPath":"vault","name":"dendron.dendron-site"},"type":"note","desc":"","links":[{"type":"wiki","from":{"fname":"dendron.release.2020-11-01","id":"98ad9b6b-53f3-4883-939e-e14055f2cac7","vaultName":"dendron.dendron-site"},"value":"dendron.roadmap.project.n.2020.server-migration","alias":"server migration","position":{"start":{"line":19,"column":12,"offset":1688},"end":{"line":19,"column":80,"offset":1756},"indent":[]},"xvault":false,"to":{"fname":"dendron.roadmap.project.n.2020.server-migration"}},{"type":"wiki","from":{"fname":"dendron.release.2020-11-01","id":"98ad9b6b-53f3-4883-939e-e14055f2cac7","vaultName":"dendron.dendron-site"},"value":"dendron.topic.capabilities.snapshot","alias":"snapshots","position":{"start":{"line":20,"column":10,"offset":1780},"end":{"line":20,"column":59,"offset":1829},"indent":[]},"xvault":false,"to":{"fname":"dendron.topic.capabilities.snapshot"}},{"type":"wiki","from":{"fname":"dendron.release.2020-11-01","id":"98ad9b6b-53f3-4883-939e-e14055f2cac7","vaultName":"dendron.dendron-site"},"value":"dendron.community","alias":"community","position":{"start":{"line":51,"column":21,"offset":3267},"end":{"line":51,"column":52,"offset":3298},"indent":[]},"xvault":false,"to":{"fname":"dendron.community"}},{"type":"wiki","from":{"fname":"dendron.release.2020-11-01","id":"98ad9b6b-53f3-4883-939e-e14055f2cac7","vaultName":"dendron.dendron-site"},"value":"dendron.roadmap.project.n.2020.multi-vault","alias":"Multi Vault Support","position":{"start":{"line":61,"column":11,"offset":3902},"end":{"line":61,"column":77,"offset":3968},"indent":[]},"xvault":false,"to":{"fname":"dendron.roadmap.project.n.2020.multi-vault"}}],"anchors":{"highlights":{"type":"header","value":"highlights","line":23,"column":0},"community":{"type":"header","value":"community","line":35,"column":0},"house-keeping":{"type":"header","value":"house-keeping","line":59,"column":0},"upcoming":{"type":"header","value":"upcoming","line":64,"column":0},"thanks":{"type":"header","value":"thanks","line":70,"column":0}},"fname":"dendron.release.2020-11-01","updated":1616950002664,"created":1604241475533,"parent":"932534e7-e788-4fdb-bc8c-eaf761992a8d","children":[],"data":{},"contentHash":"4a1d1df6e357fe6d406f71c6072a559d","custom":{}}
