{"id":"98f6d928-3f61-49fb-9c9e-70c27d25f838","title":"Teams","vault":{"fsPath":"vault","name":"dendron.dendron-site"},"type":"note","desc":"","links":[{"type":"wiki","from":{"fname":"dendron.topic.teams","id":"98f6d928-3f61-49fb-9c9e-70c27d25f838","vaultName":"dendron.dendron-site"},"value":"dendron.guides.cook","alias":"converting a local vault to a remote vault","position":{"start":{"line":21,"column":28,"offset":462},"end":{"line":21,"column":137,"offset":571},"indent":[]},"xvault":false,"to":{"fname":"dendron.guides.cook","anchorHeader":"converting-a-local-vault-to-a-remote-vault"}},{"type":"wiki","from":{"fname":"dendron.topic.teams","id":"98f6d928-3f61-49fb-9c9e-70c27d25f838","vaultName":"dendron.dendron-site"},"value":"dendron.topic.commands","alias":"docs","position":{"start":{"line":74,"column":16,"offset":1898},"end":{"line":74,"column":57,"offset":1939},"indent":[]},"xvault":false,"to":{"fname":"dendron.topic.commands","anchorHeader":"vault-add"}},{"type":"wiki","from":{"fname":"dendron.topic.teams","id":"98f6d928-3f61-49fb-9c9e-70c27d25f838","vaultName":"dendron.dendron-site"},"value":"dendron.topic.commands","alias":"docs","position":{"start":{"line":78,"column":16,"offset":2080},"end":{"line":78,"column":57,"offset":2121},"indent":[]},"xvault":false,"to":{"fname":"dendron.topic.commands","anchorHeader":"move-note"}},{"type":"wiki","from":{"fname":"dendron.topic.teams","id":"98f6d928-3f61-49fb-9c9e-70c27d25f838","vaultName":"dendron.dendron-site"},"value":"dendron.topic.commands","alias":"dendron.topic.commands","position":{"start":{"line":82,"column":25,"offset":2293},"end":{"line":82,"column":70,"offset":2338},"indent":[]},"xvault":false,"to":{"fname":"dendron.topic.commands","anchorHeader":"refactor-hierarchy"}},{"type":"wiki","from":{"fname":"dendron.topic.teams","id":"98f6d928-3f61-49fb-9c9e-70c27d25f838","vaultName":"dendron.dendron-site"},"value":"dendron.topic.vaults","alias":"workspace vault","position":{"start":{"line":92,"column":232,"offset":2793},"end":{"line":92,"column":288,"offset":2849},"indent":[]},"xvault":false,"to":{"fname":"dendron.topic.vaults","anchorHeader":"workspace-vault"}},{"type":"ref","from":{"fname":"dendron.topic.teams","id":"98f6d928-3f61-49fb-9c9e-70c27d25f838","vaultName":"dendron.dendron-site"},"value":"dendron.topic.commands","position":{"start":{"line":88,"column":1,"offset":2457},"end":{"line":88,"column":79,"offset":2535},"indent":[]},"xvault":true,"to":{"fname":"dendron.topic.commands","anchorHeader":"workspace-sync,1:#*","vaultName":"dendron.dendron-site"}},{"from":{"fname":"dendron.release.changelog.0-3-x","vaultName":"dendron.dendron-site"},"type":"backlink","position":{"start":{"line":157,"column":24,"offset":4391},"end":{"line":157,"column":53,"offset":4420},"indent":[]},"value":"dendron.topic.teams"}],"anchors":{"summary":{"type":"header","value":"summary","line":8,"column":0},"workspace":{"type":"header","value":"workspace","line":14,"column":0},"vaults":{"type":"header","value":"vaults","line":29,"column":0},"main":{"type":"header","value":"main","line":31,"column":0},"optional":{"type":"header","value":"optional","line":37,"column":0},"schemas":{"type":"header","value":"schemas","line":43,"column":0},"hiearchies":{"type":"header","value":"hiearchies","line":53,"column":0},"example-workspace":{"type":"header","value":"example-workspace","line":59,"column":0},"helpful-commands":{"type":"header","value":"helpful-commands","line":76,"column":0},"vault-add-docs":{"type":"header","value":"vault-add-docs","line":80,"column":0},"move-note-docs":{"type":"header","value":"move-note-docs","line":84,"column":0},"refactor-hierarchy-dendrontopiccommands":{"type":"header","value":"refactor-hierarchy-dendrontopiccommands","line":88,"column":0},"workspace-sync":{"type":"header","value":"workspace-sync","line":92,"column":0},"user-private-vaults":{"type":"header","value":"user-private-vaults","line":96,"column":0},"related":{"type":"header","value":"related","line":100,"column":0}},"fname":"dendron.topic.teams","updated":1628125026019,"created":1617062224981,"parent":"7a7af2fa-b9d0-4adc-81e6-f03186123539","children":["31cb97b5-4ac7-48dd-abcf-107ce78ea8ae"],"data":{},"contentHash":"e69e7d27fee6c7d70fb4e6e799091f05","custom":{},"schema":{"schemaId":"topic","moduleId":"dendron"}}
