{"id":"99f7dd68-b2dc-46d0-a556-8a607223dc25","title":"Lookup","vault":{"fsPath":"vault","name":"dendron.dendron-site"},"type":"note","desc":"","links":[],"anchors":{"lookup-command":{"type":"header","value":"lookup-command","line":8,"column":0},"updatepickerbehavior":{"type":"header","value":"updatepickerbehavior","line":27,"column":0},"provide":{"type":"header","value":"provide","line":53,"column":0},"lookup-modifiers":{"type":"header","value":"lookup-modifiers","line":65,"column":0}},"fname":"dendron.dev.design.lookup","updated":1604600828175,"created":1602392064100,"parent":"c160ddce-edec-4f6e-841b-418d6030fa37","children":[],"data":{},"contentHash":"05e65833f85ac48ad3affb7ebdfa0798","custom":{"stub":false}}
