{"id":"9aa25182-4f40-45ce-b94c-f9eaf7a9a073","title":"Quickstart","vault":{"fsPath":"vault","name":"dendron.dendron-site"},"type":"note","desc":"Getting started with the project\n","links":[{"type":"wiki","from":{"fname":"pkg.dendron-next-server.quickstart","id":"9aa25182-4f40-45ce-b94c-f9eaf7a9a073","vaultName":"dendron.dendron-site"},"value":"dendron.dev.setup","alias":"here","position":{"start":{"line":4,"column":24,"offset":41},"end":{"line":4,"column":50,"offset":67},"indent":[]},"xvault":false,"to":{"fname":"dendron.dev.setup"}},{"type":"wiki","from":{"fname":"pkg.dendron-next-server.quickstart","id":"9aa25182-4f40-45ce-b94c-f9eaf7a9a073","vaultName":"dendron.dendron-site"},"value":"dendron.dev.setup","alias":"new packages","position":{"start":{"line":5,"column":181,"offset":297},"end":{"line":5,"column":228,"offset":344},"indent":[]},"xvault":false,"to":{"fname":"dendron.dev.setup","anchorHeader":"new-packages"}},{"type":"wiki","from":{"fname":"pkg.dendron-next-server.quickstart","id":"9aa25182-4f40-45ce-b94c-f9eaf7a9a073","vaultName":"dendron.dendron-site"},"value":"dendron.dev.qa","alias":"Test Workspace","position":{"start":{"line":40,"column":3,"offset":1340},"end":{"line":40,"column":51,"offset":1388},"indent":[]},"xvault":false,"to":{"fname":"dendron.dev.qa","anchorHeader":"test-workspace"}},{"type":"ref","from":{"fname":"pkg.dendron-next-server.quickstart","id":"9aa25182-4f40-45ce-b94c-f9eaf7a9a073","vaultName":"dendron.dendron-site"},"value":"pkg.dendron-next-server.dev","position":{"start":{"line":21,"column":1,"offset":632},"end":{"line":21,"column":81,"offset":712},"indent":[]},"xvault":true,"to":{"fname":"pkg.dendron-next-server.dev","anchorHeader":"development,1:#*","vaultName":"dendron.dendron-site"}},{"type":"ref","from":{"fname":"pkg.dendron-next-server.quickstart","id":"9aa25182-4f40-45ce-b94c-f9eaf7a9a073","vaultName":"dendron.dendron-site"},"value":"pkg.dendron-next-server.dev","position":{"start":{"line":25,"column":1,"offset":731},"end":{"line":25,"column":82,"offset":812},"indent":[]},"xvault":true,"to":{"fname":"pkg.dendron-next-server.dev","anchorHeader":"static-build,1:#*","vaultName":"dendron.dendron-site"}},{"from":{"fname":"dendron.dev.setup","vaultName":"dendron.dendron-site"},"type":"backlink","position":{"start":{"line":90,"column":270,"offset":5033},"end":{"line":90,"column":313,"offset":5076},"indent":[]},"value":"pkg.dendron-next-server.quickstart"}],"anchors":{"instructions":{"type":"header","value":"instructions","line":10,"column":0},"development":{"type":"header","value":"development","line":26,"column":0},"static-build":{"type":"header","value":"static-build","line":30,"column":0},"tools":{"type":"header","value":"tools","line":34,"column":0},"lookup":{"type":"header","value":"lookup","line":39,"column":0},"related":{"type":"header","value":"related","line":46,"column":0}},"fname":"pkg.dendron-next-server.quickstart","updated":1621630231311,"created":1621201571965,"parent":"7cdd9a74-8b8f-4564-906b-c963bed34273","children":[],"data":{},"contentHash":"77f7c119b2b2e03bd2d04ecb854293a6","custom":{}}
