{"id":"9af9cf56-d2a0-47d1-b8bf-5a02c42ac2fd","title":"Dendron Markdown Links","vault":{"fsPath":"vault","name":"dendron.dendron-site"},"type":"note","desc":"","links":[{"from":{"fname":"pkg","vaultName":"dendron.dendron-site"},"type":"backlink","position":{"start":{"line":18,"column":5,"offset":547},"end":{"line":18,"column":58,"offset":600},"indent":[]},"value":"pkg.dendron-markdown-links"}],"anchors":{},"fname":"pkg.dendron-markdown-links","updated":1611516225457,"created":1608753702392,"parent":"32cdd4aa-d9f6-4582-8d0c-07f64a00299b","children":[],"data":{},"contentHash":"b3ee47c6ec5982bb2b97dc7d763a390f","custom":{}}
