{"id":"9bc92432-a24c-492b-b831-4d5378c1692b","title":"Changelog","vault":{"fsPath":"vault","name":"dendron.dendron-site"},"type":"note","desc":"","links":[{"type":"wiki","from":{"fname":"dendron.release.changelog","id":"9bc92432-a24c-492b-b831-4d5378c1692b","vaultName":"dendron.dendron-site"},"value":"user.joshi","alias":"user.joshi","position":{"start":{"line":9,"column":3,"offset":61},"end":{"line":9,"column":17,"offset":75},"indent":[]},"xvault":false,"sameFile":false,"to":{"fname":"user.joshi"}},{"type":"wiki","from":{"fname":"dendron.release.changelog","id":"9bc92432-a24c-492b-b831-4d5378c1692b","vaultName":"dendron.dendron-site"},"value":"user.kaan","alias":"user.kaan","position":{"start":{"line":12,"column":3,"offset":107},"end":{"line":12,"column":16,"offset":120},"indent":[]},"xvault":false,"sameFile":false,"to":{"fname":"user.kaan"}},{"type":"wiki","from":{"fname":"dendron.release.changelog","id":"9bc92432-a24c-492b-b831-4d5378c1692b","vaultName":"dendron.dendron-site"},"value":"user.kaan","alias":"user.kaan","position":{"start":{"line":15,"column":3,"offset":151},"end":{"line":15,"column":16,"offset":164},"indent":[]},"xvault":false,"sameFile":false,"to":{"fname":"user.kaan"}},{"type":"wiki","from":{"fname":"dendron.release.changelog","id":"9bc92432-a24c-492b-b831-4d5378c1692b","vaultName":"dendron.dendron-site"},"value":"dendron.topic.lookup.modifiers","alias":"splitType","position":{"start":{"line":20,"column":26,"offset":223},"end":{"line":20,"column":80,"offset":277},"indent":[]},"xvault":false,"sameFile":false,"to":{"fname":"dendron.topic.lookup.modifiers","anchorHeader":"splittype"}},{"type":"wiki","from":{"fname":"dendron.release.changelog","id":"9bc92432-a24c-492b-b831-4d5378c1692b","vaultName":"dendron.dendron-site"},"value":"dendron.topic.commands","alias":"Lookup Note","position":{"start":{"line":51,"column":70,"offset":1056},"end":{"line":51,"column":120,"offset":1106},"indent":[]},"xvault":false,"sameFile":false,"to":{"fname":"dendron.topic.commands","anchorHeader":"lookup-note"}},{"type":"wiki","from":{"fname":"dendron.release.changelog","id":"9bc92432-a24c-492b-b831-4d5378c1692b","vaultName":"dendron.dendron-site"},"value":"dendron.topic.commands","alias":"Lookup Schema","position":{"start":{"line":51,"column":125,"offset":1111},"end":{"line":51,"column":179,"offset":1165},"indent":[]},"xvault":false,"sameFile":false,"to":{"fname":"dendron.topic.commands","anchorHeader":"lookup-schema"}},{"type":"wiki","from":{"fname":"dendron.release.changelog","id":"9bc92432-a24c-492b-b831-4d5378c1692b","vaultName":"dendron.dendron-site"},"value":"dendron.topic.commands","alias":"Lookup Note","position":{"start":{"line":53,"column":24,"offset":1338},"end":{"line":53,"column":74,"offset":1388},"indent":[]},"xvault":false,"sameFile":false,"to":{"fname":"dendron.topic.commands","anchorHeader":"lookup-note"}},{"type":"wiki","from":{"fname":"dendron.release.changelog","id":"9bc92432-a24c-492b-b831-4d5378c1692b","vaultName":"dendron.dendron-site"},"value":"dendron.topic.lookup.modifiers","alias":"vaultSelection","position":{"start":{"line":53,"column":238,"offset":1552},"end":{"line":53,"column":302,"offset":1616},"indent":[]},"xvault":false,"sameFile":false,"to":{"fname":"dendron.topic.lookup.modifiers","anchorHeader":"vaultselection"}},{"type":"wiki","from":{"fname":"dendron.release.changelog","id":"9bc92432-a24c-492b-b831-4d5378c1692b","vaultName":"dendron.dendron-site"},"value":"dendron.topic.pod.builtin.google-docs.import","alias":"confirmOverwrite configuration.","position":{"start":{"line":56,"column":102,"offset":1804},"end":{"line":56,"column":199,"offset":1901},"indent":[]},"xvault":false,"sameFile":false,"to":{"fname":"dendron.topic.pod.builtin.google-docs.import","anchorHeader":"confirmoverwrite"}},{"type":"wiki","from":{"fname":"dendron.release.changelog","id":"9bc92432-a24c-492b-b831-4d5378c1692b","vaultName":"dendron.dendron-site"},"value":"dendron.topic.preview-v2","alias":"Preview V2","position":{"start":{"line":100,"column":36,"offset":3026},"end":{"line":100,"column":75,"offset":3065},"indent":[]},"xvault":false,"sameFile":false,"to":{"fname":"dendron.topic.preview-v2"}},{"type":"wiki","from":{"fname":"dendron.release.changelog","id":"9bc92432-a24c-492b-b831-4d5378c1692b","vaultName":"dendron.dendron-site"},"value":"dendron.topic.preview-v2","alias":"here","position":{"start":{"line":100,"column":233,"offset":3223},"end":{"line":100,"column":310,"offset":3300},"indent":[]},"xvault":false,"sameFile":false,"to":{"fname":"dendron.topic.preview-v2","anchorHeader":"uninstall-dendron-markdown-preview-enhanced"}},{"type":"wiki","from":{"fname":"dendron.release.changelog","id":"9bc92432-a24c-492b-b831-4d5378c1692b","vaultName":"dendron.dendron-site"},"value":"dendron.topic.commands","alias":"docs","position":{"start":{"line":131,"column":44,"offset":4505},"end":{"line":131,"column":100,"offset":4561},"indent":[]},"xvault":false,"sameFile":false,"to":{"fname":"dendron.topic.commands","anchorHeader":"createmissinglinkednotes"}},{"type":"wiki","from":{"fname":"dendron.release.changelog","id":"9bc92432-a24c-492b-b831-4d5378c1692b","vaultName":"dendron.dendron-site"},"value":"dendron.topic.commands","alias":"docs","position":{"start":{"line":133,"column":37,"offset":4641},"end":{"line":133,"column":83,"offset":4687},"indent":[]},"xvault":false,"sameFile":false,"to":{"fname":"dendron.topic.commands","anchorHeader":"fixfrontmatter"}},{"type":"wiki","from":{"fname":"dendron.release.changelog","id":"9bc92432-a24c-492b-b831-4d5378c1692b","vaultName":"dendron.dendron-site"},"value":"dendron.topic.tags","alias":"docs","position":{"start":{"line":134,"column":38,"offset":4726},"end":{"line":134,"column":91,"offset":4779},"indent":[]},"xvault":false,"sameFile":false,"to":{"fname":"dendron.topic.tags","anchorHeader":"autocomplete-intellisense"}},{"type":"wiki","from":{"fname":"dendron.release.changelog","id":"9bc92432-a24c-492b-b831-4d5378c1692b","vaultName":"dendron.dendron-site"},"value":"dendron.topic.commands","alias":"docs","position":{"start":{"line":135,"column":56,"offset":4836},"end":{"line":135,"column":102,"offset":4882},"indent":[]},"xvault":false,"sameFile":false,"to":{"fname":"dendron.topic.commands","anchorHeader":"fixfrontmatter"}},{"type":"wiki","from":{"fname":"dendron.release.changelog","id":"9bc92432-a24c-492b-b831-4d5378c1692b","vaultName":"dendron.dendron-site"},"value":"dendron.topic.commands","alias":"Insert Note","position":{"start":{"line":205,"column":3,"offset":6672},"end":{"line":205,"column":53,"offset":6722},"indent":[]},"xvault":false,"sameFile":false,"to":{"fname":"dendron.topic.commands","anchorHeader":"insert-note"}},{"type":"wiki","from":{"fname":"dendron.release.changelog","id":"9bc92432-a24c-492b-b831-4d5378c1692b","vaultName":"dendron.dendron-site"},"value":"dendron.topic.snippets","alias":"docs","position":{"start":{"line":205,"column":90,"offset":6759},"end":{"line":205,"column":131,"offset":6800},"indent":[]},"xvault":false,"sameFile":false,"to":{"fname":"dendron.topic.snippets","anchorHeader":"variables"}},{"type":"wiki","from":{"fname":"dendron.release.changelog","id":"9bc92432-a24c-492b-b831-4d5378c1692b","vaultName":"dendron.dendron-site"},"value":"dendron.topic.links","alias":"docs","position":{"start":{"line":206,"column":46,"offset":6847},"end":{"line":206,"column":84,"offset":6885},"indent":[]},"xvault":false,"sameFile":false,"to":{"fname":"dendron.topic.links","anchorHeader":"highlghts"}},{"type":"wiki","from":{"fname":"dendron.release.changelog","id":"9bc92432-a24c-492b-b831-4d5378c1692b","vaultName":"dendron.dendron-site"},"value":"dendron.ref.intellisense","alias":"docs","position":{"start":{"line":237,"column":47,"offset":7591},"end":{"line":237,"column":80,"offset":7624},"indent":[]},"xvault":false,"sameFile":false,"to":{"fname":"dendron.ref.intellisense"}},{"type":"wiki","from":{"fname":"dendron.release.changelog","id":"9bc92432-a24c-492b-b831-4d5378c1692b","vaultName":"dendron.dendron-site"},"value":"dendron.topic.pod","alias":"publish pod","position":{"start":{"line":241,"column":40,"offset":7773},"end":{"line":241,"column":81,"offset":7814},"indent":[]},"xvault":false,"sameFile":false,"to":{"fname":"dendron.topic.pod","anchorHeader":"publish"}},{"type":"wiki","from":{"fname":"dendron.release.changelog","id":"9bc92432-a24c-492b-b831-4d5378c1692b","vaultName":"dendron.dendron-site"},"value":"dendron.topic.lookup.modifiers","alias":"directChildOnly modifier","position":{"start":{"line":244,"column":31,"offset":7931},"end":{"line":244,"column":106,"offset":8006},"indent":[]},"xvault":false,"sameFile":false,"to":{"fname":"dendron.topic.lookup.modifiers","anchorHeader":"directchildonly"}},{"type":"wiki","from":{"fname":"dendron.release.changelog","id":"9bc92432-a24c-492b-b831-4d5378c1692b","vaultName":"dendron.dendron-site"},"value":"dendron.ref.telemetry","alias":"docs","position":{"start":{"line":251,"column":52,"offset":8211},"end":{"line":251,"column":103,"offset":8262},"indent":[]},"xvault":false,"sameFile":false,"to":{"fname":"dendron.ref.telemetry","anchorHeader":"tutorial-progression"}},{"type":"wiki","from":{"fname":"dendron.release.changelog","id":"9bc92432-a24c-492b-b831-4d5378c1692b","vaultName":"dendron.dendron-site"},"value":"dendron.ref.web-ui","alias":"docs","position":{"start":{"line":268,"column":27,"offset":8535},"end":{"line":268,"column":62,"offset":8570},"indent":[]},"xvault":false,"sameFile":false,"to":{"fname":"dendron.ref.web-ui","anchorHeader":"preview"}},{"type":"wiki","from":{"fname":"dendron.release.changelog","id":"9bc92432-a24c-492b-b831-4d5378c1692b","vaultName":"dendron.dendron-site"},"value":"dendron.topic.commands","alias":"docs","position":{"start":{"line":269,"column":34,"offset":8605},"end":{"line":269,"column":81,"offset":8652},"indent":[]},"xvault":false,"sameFile":false,"to":{"fname":"dendron.topic.commands","anchorHeader":"launch-tutorial"}},{"type":"wiki","from":{"fname":"dendron.release.changelog","id":"9bc92432-a24c-492b-b831-4d5378c1692b","vaultName":"dendron.dendron-site"},"value":"dendron.ref.telemetry","alias":"docs","position":{"start":{"line":287,"column":45,"offset":9317},"end":{"line":287,"column":84,"offset":9356},"indent":[]},"xvault":false,"sameFile":false,"to":{"fname":"dendron.ref.telemetry","anchorHeader":"commands"}},{"type":"wiki","from":{"fname":"dendron.release.changelog","id":"9bc92432-a24c-492b-b831-4d5378c1692b","vaultName":"dendron.dendron-site"},"value":"dendron.topic.config.dendron","alias":"docs","position":{"start":{"line":301,"column":28,"offset":9525},"end":{"line":301,"column":85,"offset":9582},"indent":[]},"xvault":false,"sameFile":false,"to":{"fname":"dendron.topic.config.dendron","anchorHeader":"autofoldfrontmatter"}},{"type":"wiki","from":{"fname":"dendron.release.changelog","id":"9bc92432-a24c-492b-b831-4d5378c1692b","vaultName":"dendron.dendron-site"},"value":"dendron.topic.publishing.configuration","alias":"docs","position":{"start":{"line":303,"column":48,"offset":9686},"end":{"line":303,"column":107,"offset":9745},"indent":[]},"xvault":false,"sameFile":false,"to":{"fname":"dendron.topic.publishing.configuration","anchorHeader":"seo-options"}},{"type":"wiki","from":{"fname":"dendron.release.changelog","id":"9bc92432-a24c-492b-b831-4d5378c1692b","vaultName":"dendron.dendron-site"},"value":"dendron.topic.pod.builtin.markdown.export","alias":"Markdown Pod","position":{"start":{"line":308,"column":5,"offset":9776},"end":{"line":308,"column":63,"offset":9834},"indent":[]},"xvault":false,"sameFile":false,"to":{"fname":"dendron.topic.pod.builtin.markdown.export"}},{"type":"wiki","from":{"fname":"dendron.release.changelog","id":"9bc92432-a24c-492b-b831-4d5378c1692b","vaultName":"dendron.dendron-site"},"value":"dendron.topic.graph-view","alias":"docs","position":{"start":{"line":309,"column":39,"offset":9903},"end":{"line":309,"column":87,"offset":9951},"indent":[]},"xvault":false,"sameFile":false,"to":{"fname":"dendron.topic.graph-view","anchorHeader":"string-filters"}},{"type":"wiki","from":{"fname":"dendron.release.changelog","id":"9bc92432-a24c-492b-b831-4d5378c1692b","vaultName":"dendron.dendron-site"},"value":"dendron.topic.graph-view","alias":"docs","position":{"start":{"line":310,"column":39,"offset":9991},"end":{"line":310,"column":86,"offset":10038},"indent":[]},"xvault":false,"sameFile":false,"to":{"fname":"dendron.topic.graph-view","anchorHeader":"other-filters"}},{"type":"wiki","from":{"fname":"dendron.release.changelog","id":"9bc92432-a24c-492b-b831-4d5378c1692b","vaultName":"dendron.dendron-site"},"value":"dendron.topic.publishing.configuration","alias":"docs","position":{"start":{"line":316,"column":51,"offset":10219},"end":{"line":316,"column":111,"offset":10279},"indent":[]},"xvault":false,"sameFile":false,"to":{"fname":"dendron.topic.publishing.configuration","anchorHeader":"canonicalurl"}},{"type":"wiki","from":{"fname":"dendron.release.changelog","id":"9bc92432-a24c-492b-b831-4d5378c1692b","vaultName":"dendron.dendron-site"},"value":"dendron.topic.config.dendron","alias":"docs","position":{"start":{"line":334,"column":42,"offset":10795},"end":{"line":334,"column":90,"offset":10843},"indent":[]},"xvault":false,"sameFile":false,"to":{"fname":"dendron.topic.config.dendron","anchorHeader":"dailyvault"}},{"type":"wiki","from":{"fname":"dendron.release.changelog","id":"9bc92432-a24c-492b-b831-4d5378c1692b","vaultName":"dendron.dendron-site"},"value":"tags.headers","alias":"#headers","position":{"start":{"line":363,"column":49,"offset":11514},"end":{"line":363,"column":57,"offset":11522},"indent":[]},"xvault":false,"to":{"fname":"tags.headers"}},{"type":"wiki","from":{"fname":"dendron.release.changelog","id":"9bc92432-a24c-492b-b831-4d5378c1692b","vaultName":"dendron.dendron-site"},"value":"tags.^anchors","alias":"#^anchors","position":{"start":{"line":363,"column":62,"offset":11527},"end":{"line":363,"column":71,"offset":11536},"indent":[]},"xvault":false,"to":{"fname":"tags.^anchors"}},{"type":"wiki","from":{"fname":"dendron.release.changelog","id":"9bc92432-a24c-492b-b831-4d5378c1692b","vaultName":"dendron.dendron-site"},"value":"dendron.topic.config.dendron","alias":"docs","position":{"start":{"line":372,"column":87,"offset":11788},"end":{"line":372,"column":132,"offset":11833},"indent":[]},"xvault":false,"sameFile":false,"to":{"fname":"dendron.topic.config.dendron","anchorHeader":"journal"}},{"type":"wiki","from":{"fname":"dendron.release.changelog","id":"9bc92432-a24c-492b-b831-4d5378c1692b","vaultName":"dendron.dendron-site"},"value":"dendron.ref.telemetry","alias":"docs","position":{"start":{"line":387,"column":47,"offset":12066},"end":{"line":387,"column":111,"offset":12130},"indent":[]},"xvault":false,"sameFile":false,"to":{"fname":"dendron.ref.telemetry","anchorHeader":"how-to-opt-out-of-data-collection"}},{"type":"wiki","from":{"fname":"dendron.release.changelog","id":"9bc92432-a24c-492b-b831-4d5378c1692b","vaultName":"dendron.dendron-site"},"value":"dendron.ref.telemetry","alias":"docs","position":{"start":{"line":400,"column":72,"offset":12514},"end":{"line":400,"column":119,"offset":12561},"indent":[]},"xvault":false,"sameFile":false,"to":{"fname":"dendron.ref.telemetry","anchorHeader":"telemetry-toggle"}},{"type":"wiki","from":{"fname":"dendron.release.changelog","id":"9bc92432-a24c-492b-b831-4d5378c1692b","vaultName":"dendron.dendron-site"},"value":"dendron.topic.commands","alias":"docs","position":{"start":{"line":424,"column":108,"offset":13073},"end":{"line":424,"column":153,"offset":13118},"indent":[]},"xvault":false,"sameFile":false,"to":{"fname":"dendron.topic.commands","anchorHeader":"copy-note-ref"}},{"type":"wiki","from":{"fname":"dendron.release.changelog","id":"9bc92432-a24c-492b-b831-4d5378c1692b","vaultName":"dendron.dendron-site"},"value":"dendron.topic.commands","alias":"docs","position":{"start":{"line":425,"column":110,"offset":13229},"end":{"line":425,"column":156,"offset":13275},"indent":[]},"xvault":false,"sameFile":false,"to":{"fname":"dendron.topic.commands","anchorHeader":"copy-note-link"}},{"type":"wiki","from":{"fname":"dendron.release.changelog","id":"9bc92432-a24c-492b-b831-4d5378c1692b","vaultName":"dendron.dendron-site"},"value":"dendron.ref.telemetry","alias":"docs","position":{"start":{"line":435,"column":78,"offset":13505},"end":{"line":435,"column":128,"offset":13555},"indent":[]},"xvault":false,"sameFile":false,"to":{"fname":"dendron.ref.telemetry","anchorHeader":"installationupgrade"}},{"type":"wiki","from":{"fname":"dendron.release.changelog","id":"9bc92432-a24c-492b-b831-4d5378c1692b","vaultName":"dendron.dendron-site"},"value":"dendron.ref.workspace","alias":"docs","position":{"start":{"line":461,"column":46,"offset":14155},"end":{"line":461,"column":91,"offset":14200},"indent":[]},"xvault":false,"sameFile":false,"to":{"fname":"dendron.ref.workspace","anchorHeader":"workspace-sync"}},{"type":"wiki","from":{"fname":"dendron.release.changelog","id":"9bc92432-a24c-492b-b831-4d5378c1692b","vaultName":"dendron.dendron-site"},"value":"dendron.topic.commands","alias":"plugin docs","position":{"start":{"line":465,"column":51,"offset":14355},"end":{"line":465,"column":96,"offset":14400},"indent":[]},"xvault":false,"sameFile":false,"to":{"fname":"dendron.topic.commands","anchorHeader":"doctor"}},{"type":"wiki","from":{"fname":"dendron.release.changelog","id":"9bc92432-a24c-492b-b831-4d5378c1692b","vaultName":"dendron.dendron-site"},"value":"dendron.topic.cli","alias":"cli docs","position":{"start":{"line":465,"column":99,"offset":14403},"end":{"line":465,"column":136,"offset":14440},"indent":[]},"xvault":false,"sameFile":false,"to":{"fname":"dendron.topic.cli","anchorHeader":"doctor"}},{"type":"wiki","from":{"fname":"dendron.release.changelog","id":"9bc92432-a24c-492b-b831-4d5378c1692b","vaultName":"dendron.dendron-site"},"value":"dendron.topic.vaults","alias":"Vaults","position":{"start":{"line":495,"column":5,"offset":14797},"end":{"line":495,"column":36,"offset":14828},"indent":[]},"xvault":false,"sameFile":false,"to":{"fname":"dendron.topic.vaults"}},{"type":"wiki","from":{"fname":"dendron.release.changelog","id":"9bc92432-a24c-492b-b831-4d5378c1692b","vaultName":"dendron.dendron-site"},"value":"dendron.topic.commands","alias":"docs","position":{"start":{"line":520,"column":31,"offset":15197},"end":{"line":520,"column":72,"offset":15238},"indent":[]},"xvault":false,"sameFile":false,"to":{"fname":"dendron.topic.commands","anchorHeader":"open-link"}},{"type":"wiki","from":{"fname":"dendron.release.changelog","id":"9bc92432-a24c-492b-b831-4d5378c1692b","vaultName":"dendron.dendron-site"},"value":"dendron.topic.lookup","alias":"Lookup Internals","position":{"start":{"line":524,"column":5,"offset":15255},"end":{"line":524,"column":54,"offset":15304},"indent":[]},"xvault":false,"sameFile":false,"to":{"fname":"dendron.topic.lookup","anchorHeader":"details"}},{"type":"wiki","from":{"fname":"dendron.release.changelog","id":"9bc92432-a24c-492b-b831-4d5378c1692b","vaultName":"dendron.dendron-site"},"value":"dendron.topic.commands","alias":"docs","position":{"start":{"line":556,"column":74,"offset":15992},"end":{"line":556,"column":120,"offset":16038},"indent":[]},"xvault":false,"sameFile":false,"to":{"fname":"dendron.topic.commands","anchorHeader":"workspace-sync"}},{"type":"wiki","from":{"fname":"dendron.release.changelog","id":"9bc92432-a24c-492b-b831-4d5378c1692b","vaultName":"dendron.dendron-site"},"value":"dendron.ref.telemetry","alias":"docs","position":{"start":{"line":564,"column":44,"offset":16161},"end":{"line":564,"column":80,"offset":16197},"indent":[]},"xvault":false,"sameFile":false,"to":{"fname":"dendron.ref.telemetry","anchorHeader":"other"}},{"type":"wiki","from":{"fname":"dendron.release.changelog","id":"9bc92432-a24c-492b-b831-4d5378c1692b","vaultName":"dendron.dendron-site"},"value":"dendron.topic.lookup.modifiers","alias":"docs","position":{"start":{"line":577,"column":70,"offset":16397},"end":{"line":577,"column":115,"offset":16442},"indent":[]},"xvault":false,"sameFile":false,"to":{"fname":"dendron.topic.lookup.modifiers","anchorHeader":"value"}},{"type":"wiki","from":{"fname":"dendron.release.changelog","id":"9bc92432-a24c-492b-b831-4d5378c1692b","vaultName":"dendron.dendron-site"},"value":"dendron.ref.telemetry","alias":"docs","position":{"start":{"line":599,"column":50,"offset":16981},"end":{"line":599,"column":87,"offset":17018},"indent":[]},"xvault":false,"sameFile":false,"to":{"fname":"dendron.ref.telemetry","anchorHeader":"lookup"}},{"type":"wiki","from":{"fname":"dendron.release.changelog","id":"9bc92432-a24c-492b-b831-4d5378c1692b","vaultName":"dendron.dendron-site"},"value":"dendron.tutorial","alias":"docs","position":{"start":{"line":600,"column":139,"offset":17158},"end":{"line":600,"column":164,"offset":17183},"indent":[]},"xvault":false,"sameFile":false,"to":{"fname":"dendron.tutorial"}},{"type":"wiki","from":{"fname":"dendron.release.changelog","id":"9bc92432-a24c-492b-b831-4d5378c1692b","vaultName":"dendron.dendron-site"},"value":"dendron.tutorial","alias":"docs","position":{"start":{"line":604,"column":32,"offset":17228},"end":{"line":604,"column":57,"offset":17253},"indent":[]},"xvault":false,"sameFile":false,"to":{"fname":"dendron.tutorial"}},{"type":"wiki","from":{"fname":"dendron.release.changelog","id":"9bc92432-a24c-492b-b831-4d5378c1692b","vaultName":"dendron.dendron-site"},"value":"dendron.ref.telemetry","alias":"docs","position":{"start":{"line":655,"column":79,"offset":18128},"end":{"line":655,"column":117,"offset":18166},"indent":[]},"xvault":false,"sameFile":false,"to":{"fname":"dendron.ref.telemetry","anchorHeader":"startup"}},{"type":"wiki","from":{"fname":"dendron.release.changelog","id":"9bc92432-a24c-492b-b831-4d5378c1692b","vaultName":"dendron.dendron-site"},"value":"dendron.ref.caching","alias":"here","position":{"start":{"line":663,"column":143,"offset":18368},"end":{"line":663,"column":171,"offset":18396},"indent":[]},"xvault":false,"sameFile":false,"to":{"fname":"dendron.ref.caching"}},{"type":"wiki","from":{"fname":"dendron.release.changelog","id":"9bc92432-a24c-492b-b831-4d5378c1692b","vaultName":"dendron.dendron-site"},"value":"dendron.topic.cli","alias":"docs","position":{"start":{"line":668,"column":27,"offset":18492},"end":{"line":668,"column":72,"offset":18537},"indent":[]},"xvault":false,"sameFile":false,"to":{"fname":"dendron.topic.cli","anchorHeader":"launchengineserver"}},{"type":"wiki","from":{"fname":"dendron.release.changelog","id":"9bc92432-a24c-492b-b831-4d5378c1692b","vaultName":"dendron.dendron-site"},"value":"dendron.topic.pod.builtin.html","alias":"docs","position":{"start":{"line":669,"column":19,"offset":18557},"end":{"line":669,"column":66,"offset":18604},"indent":[]},"xvault":false,"sameFile":false,"to":{"fname":"dendron.topic.pod.builtin.html","anchorHeader":"publish"}},{"type":"wiki","from":{"fname":"dendron.release.changelog","id":"9bc92432-a24c-492b-b831-4d5378c1692b","vaultName":"dendron.dendron-site"},"value":"dendron.topic.commands","alias":"move note","position":{"start":{"line":670,"column":5,"offset":18610},"end":{"line":670,"column":51,"offset":18656},"indent":[]},"xvault":false,"sameFile":false,"to":{"fname":"dendron.topic.commands","anchorHeader":"move-note"}},{"type":"wiki","from":{"fname":"dendron.release.changelog","id":"9bc92432-a24c-492b-b831-4d5378c1692b","vaultName":"dendron.dendron-site"},"value":"dendron.topic.commands","alias":"rename note","position":{"start":{"line":671,"column":5,"offset":18694},"end":{"line":671,"column":55,"offset":18744},"indent":[]},"xvault":false,"sameFile":false,"to":{"fname":"dendron.topic.commands","anchorHeader":"rename-note"}},{"type":"ref","from":{"fname":"dendron.release.changelog","id":"9bc92432-a24c-492b-b831-4d5378c1692b","vaultName":"dendron.dendron-site"},"value":"dendron.topic.tags","position":{"start":{"line":41,"column":1,"offset":627},"end":{"line":41,"column":71,"offset":697},"indent":[]},"xvault":false,"to":{"fname":"dendron.topic.tags","anchorHeader":"frontmatter-tags:#pretty-tags"}},{"type":"ref","from":{"fname":"dendron.release.changelog","id":"9bc92432-a24c-492b-b831-4d5378c1692b","vaultName":"dendron.dendron-site"},"value":"dendron.topic.commands","position":{"start":{"line":47,"column":1,"offset":892},"end":{"line":47,"column":74,"offset":965},"indent":[]},"xvault":true,"to":{"fname":"dendron.topic.commands","anchorHeader":"seed-add:#Misc","vaultName":"dendron.dendron-site"}},{"type":"ref","from":{"fname":"dendron.release.changelog","id":"9bc92432-a24c-492b-b831-4d5378c1692b","vaultName":"dendron.dendron-site"},"value":"dendron.topic.pod.builtin.google-docs.import","position":{"start":{"line":110,"column":1,"offset":3518},"end":{"line":110,"column":63,"offset":3580},"indent":[]},"xvault":false,"to":{"fname":"dendron.topic.pod.builtin.google-docs.import","anchorHeader":"summary,1:#*"}},{"type":"ref","from":{"fname":"dendron.release.changelog","id":"9bc92432-a24c-492b-b831-4d5378c1692b","vaultName":"dendron.dendron-site"},"value":"dendron.topic.graph-view","position":{"start":{"line":155,"column":1,"offset":5144},"end":{"line":155,"column":50,"offset":5193},"indent":[]},"xvault":false,"to":{"fname":"dendron.topic.graph-view","anchorHeader":"custom-styling,1:#*"}},{"type":"ref","from":{"fname":"dendron.release.changelog","id":"9bc92432-a24c-492b-b831-4d5378c1692b","vaultName":"dendron.dendron-site"},"value":"dendron.topic.templates","position":{"start":{"line":161,"column":1,"offset":5433},"end":{"line":161,"column":82,"offset":5514},"indent":[]},"xvault":true,"to":{"fname":"dendron.topic.templates","anchorHeader":"built-in-templates-,1","vaultName":"dendron.dendron-site"}},{"type":"ref","from":{"fname":"dendron.release.changelog","id":"9bc92432-a24c-492b-b831-4d5378c1692b","vaultName":"dendron.dendron-site"},"value":"dendron.topic.links","position":{"start":{"line":183,"column":1,"offset":5770},"end":{"line":183,"column":47,"offset":5816},"indent":[]},"xvault":false,"to":{"fname":"dendron.topic.links","anchorHeader":"candidate-backlink:#*"}},{"type":"ref","from":{"fname":"dendron.release.changelog","id":"9bc92432-a24c-492b-b831-4d5378c1692b","vaultName":"dendron.dendron-site"},"value":"dendron.topic.vaults.multi-vault","position":{"start":{"line":189,"column":1,"offset":6132},"end":{"line":189,"column":128,"offset":6259},"indent":[]},"xvault":false,"to":{"fname":"dendron.topic.vaults.multi-vault","anchorHeader":"vault-location-when-creating-a-note:#navigating-links"}},{"type":"ref","from":{"fname":"dendron.release.changelog","id":"9bc92432-a24c-492b-b831-4d5378c1692b","vaultName":"dendron.dendron-site"},"value":"dendron.topic.tags","position":{"start":{"line":193,"column":1,"offset":6284},"end":{"line":193,"column":68,"offset":6351},"indent":[]},"xvault":true,"to":{"fname":"dendron.topic.tags","anchorHeader":"summary,1:#*","vaultName":"dendron.dendron-site"}},{"type":"ref","from":{"fname":"dendron.release.changelog","id":"9bc92432-a24c-492b-b831-4d5378c1692b","vaultName":"dendron.dendron-site"},"value":"dendron.topic.preview-v2","position":{"start":{"line":199,"column":1,"offset":6542},"end":{"line":199,"column":74,"offset":6615},"indent":[]},"xvault":true,"to":{"fname":"dendron.topic.preview-v2","anchorHeader":"summary,1:#*","vaultName":"dendron.dendron-site"}},{"type":"ref","from":{"fname":"dendron.release.changelog","id":"9bc92432-a24c-492b-b831-4d5378c1692b","vaultName":"dendron.dendron-site"},"value":"dendron.topic.graph-view","position":{"start":{"line":223,"column":1,"offset":7160},"end":{"line":223,"column":83,"offset":7242},"indent":[]},"xvault":true,"to":{"fname":"dendron.topic.graph-view","anchorHeader":"local-note-graph,1:#*","vaultName":"dendron.dendron-site"}},{"type":"ref","from":{"fname":"dendron.release.changelog","id":"9bc92432-a24c-492b-b831-4d5378c1692b","vaultName":"dendron.dendron-site"},"value":"dendron.topic.seed-bank","position":{"start":{"line":346,"column":1,"offset":10987},"end":{"line":346,"column":73,"offset":11059},"indent":[]},"xvault":true,"to":{"fname":"dendron.topic.seed-bank","anchorHeader":"summary,1:#*","vaultName":"dendron.dendron-site"}},{"type":"ref","from":{"fname":"dendron.release.changelog","id":"9bc92432-a24c-492b-b831-4d5378c1692b","vaultName":"dendron.dendron-site"},"value":"dendron.ref.web-ui","position":{"start":{"line":350,"column":1,"offset":11081},"end":{"line":350,"column":74,"offset":11154},"indent":[]},"xvault":true,"to":{"fname":"dendron.ref.web-ui","anchorHeader":"calendar-view,1:#*","vaultName":"dendron.dendron-site"}},{"type":"ref","from":{"fname":"dendron.release.changelog","id":"9bc92432-a24c-492b-b831-4d5378c1692b","vaultName":"dendron.dendron-site"},"value":"dendron.topic.pod.builtin.airtable.export","position":{"start":{"line":354,"column":1,"offset":11175},"end":{"line":354,"column":91,"offset":11265},"indent":[]},"xvault":true,"to":{"fname":"dendron.topic.pod.builtin.airtable.export","anchorHeader":"summary,1:#*","vaultName":"dendron.dendron-site"}},{"type":"ref","from":{"fname":"dendron.release.changelog","id":"9bc92432-a24c-492b-b831-4d5378c1692b","vaultName":"dendron.dendron-site"},"value":"dendron.topic.commands","position":{"start":{"line":358,"column":1,"offset":11300},"end":{"line":358,"column":89,"offset":11388},"indent":[]},"xvault":true,"to":{"fname":"dendron.topic.commands","anchorHeader":"createmissinglinkednotes,1:#*","vaultName":"dendron.dendron-site"}},{"type":"ref","from":{"fname":"dendron.release.changelog","id":"9bc92432-a24c-492b-b831-4d5378c1692b","vaultName":"dendron.dendron-site"},"value":"dendron.topic.commands","position":{"start":{"line":408,"column":1,"offset":12624},"end":{"line":408,"column":49,"offset":12672},"indent":[]},"xvault":false,"to":{"fname":"dendron.topic.commands","anchorHeader":"range-selection,1:#*"}},{"type":"ref","from":{"fname":"dendron.release.changelog","id":"9bc92432-a24c-492b-b831-4d5378c1692b","vaultName":"dendron.dendron-site"},"value":"dendron.topic.commands","position":{"start":{"line":412,"column":1,"offset":12700},"end":{"line":412,"column":76,"offset":12775},"indent":[]},"xvault":true,"to":{"fname":"dendron.topic.commands","anchorHeader":"random-note,1:#*","vaultName":"dendron.dendron-site"}},{"type":"ref","from":{"fname":"dendron.release.changelog","id":"9bc92432-a24c-492b-b831-4d5378c1692b","vaultName":"dendron.dendron-site"},"value":"dendron.topic.graph-view","position":{"start":{"line":416,"column":1,"offset":12803},"end":{"line":416,"column":56,"offset":12858},"indent":[]},"xvault":false,"to":{"fname":"dendron.topic.graph-view","anchorHeader":"show-schema-graph-v2,1:#*"}},{"type":"ref","from":{"fname":"dendron.release.changelog","id":"9bc92432-a24c-492b-b831-4d5378c1692b","vaultName":"dendron.dendron-site"},"value":"dendron.topic.graph-view","position":{"start":{"line":420,"column":1,"offset":12897},"end":{"line":420,"column":50,"offset":12946},"indent":[]},"xvault":false,"to":{"fname":"dendron.topic.graph-view","anchorHeader":"filter-view,1:#rfcs"}},{"type":"ref","from":{"fname":"dendron.release.changelog","id":"9bc92432-a24c-492b-b831-4d5378c1692b","vaultName":"dendron.dendron-site"},"value":"dendron.topic.graph-view","position":{"start":{"line":457,"column":1,"offset":14014},"end":{"line":457,"column":77,"offset":14090},"indent":[]},"xvault":true,"to":{"fname":"dendron.topic.graph-view","anchorHeader":"summary,1:#RFCs","vaultName":"dendron.dendron-site"}},{"type":"ref","from":{"fname":"dendron.release.changelog","id":"9bc92432-a24c-492b-b831-4d5378c1692b","vaultName":"dendron.dendron-site"},"value":"dendron.topic.references","position":{"start":{"line":479,"column":1,"offset":14548},"end":{"line":479,"column":51,"offset":14598},"indent":[]},"xvault":false,"to":{"fname":"dendron.topic.references","anchorHeader":"block-reference,1:#*"}},{"type":"ref","from":{"fname":"dendron.release.changelog","id":"9bc92432-a24c-492b-b831-4d5378c1692b","vaultName":"dendron.dendron-site"},"value":"dendron.topic.vaults","position":{"start":{"line":483,"column":1,"offset":14623},"end":{"line":483,"column":59,"offset":14681},"indent":[]},"xvault":false,"to":{"fname":"dendron.topic.vaults","anchorHeader":"workspace-vault,1:#configuration"}},{"type":"ref","from":{"fname":"dendron.release.changelog","id":"9bc92432-a24c-492b-b831-4d5378c1692b","vaultName":"dendron.dendron-site"},"value":"dendron.topic.commands","position":{"start":{"line":505,"column":1,"offset":14895},"end":{"line":505,"column":81,"offset":14975},"indent":[]},"xvault":true,"to":{"fname":"dendron.topic.commands","anchorHeader":"insert-note-link,1:#*","vaultName":"dendron.dendron-site"}},{"type":"ref","from":{"fname":"dendron.release.changelog","id":"9bc92432-a24c-492b-b831-4d5378c1692b","vaultName":"dendron.dendron-site"},"value":"dendron.ref.web-ui","position":{"start":{"line":540,"column":1,"offset":15576},"end":{"line":540,"column":68,"offset":15643},"indent":[]},"xvault":true,"to":{"fname":"dendron.ref.web-ui","anchorHeader":"summary,1:#*","vaultName":"dendron.dendron-site"}},{"type":"ref","from":{"fname":"dendron.release.changelog","id":"9bc92432-a24c-492b-b831-4d5378c1692b","vaultName":"dendron.dendron-site"},"value":"dendron.topic.references","position":{"start":{"line":544,"column":1,"offset":15668},"end":{"line":544,"column":51,"offset":15718},"indent":[]},"xvault":false,"to":{"fname":"dendron.topic.references","anchorHeader":"block-reference,1:#*"}},{"type":"ref","from":{"fname":"dendron.release.changelog","id":"9bc92432-a24c-492b-b831-4d5378c1692b","vaultName":"dendron.dendron-site"},"value":"dendron.topic.commands","position":{"start":{"line":548,"column":1,"offset":15745},"end":{"line":548,"column":44,"offset":15788},"indent":[]},"xvault":false,"to":{"fname":"dendron.topic.commands","anchorHeader":"paste-file,1:#*"}},{"type":"ref","from":{"fname":"dendron.release.changelog","id":"9bc92432-a24c-492b-b831-4d5378c1692b","vaultName":"dendron.dendron-site"},"value":"dendron.topic.pod.builtin.graphviz.export","position":{"start":{"line":552,"column":1,"offset":15809},"end":{"line":552,"column":91,"offset":15899},"indent":[]},"xvault":true,"to":{"fname":"dendron.topic.pod.builtin.graphviz.export","anchorHeader":"summary,1:#*","vaultName":"dendron.dendron-site"}},{"type":"ref","from":{"fname":"dendron.release.changelog","id":"9bc92432-a24c-492b-b831-4d5378c1692b","vaultName":"dendron.dendron-site"},"value":"dendron.topic.schema.lib","position":{"start":{"line":573,"column":1,"offset":16279},"end":{"line":573,"column":30,"offset":16308},"indent":[]},"xvault":false,"to":{"fname":"dendron.topic.schema.lib"}},{"type":"ref","from":{"fname":"dendron.release.changelog","id":"9bc92432-a24c-492b-b831-4d5378c1692b","vaultName":"dendron.dendron-site"},"value":"dendron.topic.hooks","position":{"start":{"line":612,"column":1,"offset":17304},"end":{"line":612,"column":25,"offset":17328},"indent":[]},"xvault":false,"to":{"fname":"dendron.topic.hooks"}},{"from":{"fname":"templates.release","vaultName":"dendron.dendron-site"},"type":"backlink","position":{"start":{"line":27,"column":1,"offset":618},"end":{"line":27,"column":42,"offset":659},"indent":[]},"value":"dendron.release.changelog"},{"from":{"fname":"dendron.release.2020-12-28","vaultName":"dendron.dendron-site"},"type":"backlink","position":{"start":{"line":48,"column":1,"offset":2168},"end":{"line":48,"column":42,"offset":2209},"indent":[]},"value":"dendron.release.changelog"},{"from":{"fname":"dendron.release.2021-01-04","vaultName":"dendron.dendron-site"},"type":"backlink","position":{"start":{"line":54,"column":1,"offset":2129},"end":{"line":54,"column":42,"offset":2170},"indent":[]},"value":"dendron.release.changelog"},{"from":{"fname":"dendron.release.2021-01-11","vaultName":"dendron.dendron-site"},"type":"backlink","position":{"start":{"line":41,"column":1,"offset":1943},"end":{"line":41,"column":42,"offset":1984},"indent":[]},"value":"dendron.release.changelog"},{"from":{"fname":"dendron.release.2021-01-18","vaultName":"dendron.dendron-site"},"type":"backlink","position":{"start":{"line":57,"column":1,"offset":2359},"end":{"line":57,"column":42,"offset":2400},"indent":[]},"value":"dendron.release.changelog"},{"from":{"fname":"dendron.release.2021-01-25","vaultName":"dendron.dendron-site"},"type":"backlink","position":{"start":{"line":40,"column":1,"offset":1493},"end":{"line":40,"column":42,"offset":1534},"indent":[]},"value":"dendron.release.changelog"},{"from":{"fname":"dendron.release.2021-02-01","vaultName":"dendron.dendron-site"},"type":"backlink","position":{"start":{"line":35,"column":1,"offset":1167},"end":{"line":35,"column":42,"offset":1208},"indent":[]},"value":"dendron.release.changelog"},{"from":{"fname":"dendron.release.2021-02-08","vaultName":"dendron.dendron-site"},"type":"backlink","position":{"start":{"line":34,"column":1,"offset":1451},"end":{"line":34,"column":42,"offset":1492},"indent":[]},"value":"dendron.release.changelog"},{"from":{"fname":"dendron.release.2021-02-15","vaultName":"dendron.dendron-site"},"type":"backlink","position":{"start":{"line":24,"column":1,"offset":1031},"end":{"line":24,"column":42,"offset":1072},"indent":[]},"value":"dendron.release.changelog"},{"from":{"fname":"dendron.release.2021-02-22","vaultName":"dendron.dendron-site"},"type":"backlink","position":{"start":{"line":32,"column":1,"offset":1071},"end":{"line":32,"column":42,"offset":1112},"indent":[]},"value":"dendron.release.changelog"},{"from":{"fname":"dendron.release.2021-03-01","vaultName":"dendron.dendron-site"},"type":"backlink","position":{"start":{"line":34,"column":1,"offset":1780},"end":{"line":34,"column":73,"offset":1852},"indent":[]},"value":"dendron.release.changelog"},{"from":{"fname":"dendron.release.2021-03-08","vaultName":"dendron.dendron-site"},"type":"backlink","position":{"start":{"line":29,"column":1,"offset":1388},"end":{"line":29,"column":42,"offset":1429},"indent":[]},"value":"dendron.release.changelog"},{"from":{"fname":"dendron.release.2021-03-15","vaultName":"dendron.dendron-site"},"type":"backlink","position":{"start":{"line":37,"column":1,"offset":1788},"end":{"line":37,"column":42,"offset":1829},"indent":[]},"value":"dendron.release.changelog"},{"from":{"fname":"dendron.release.2021-03-22","vaultName":"dendron.dendron-site"},"type":"backlink","position":{"start":{"line":39,"column":1,"offset":1684},"end":{"line":39,"column":42,"offset":1725},"indent":[]},"value":"dendron.release.changelog"},{"from":{"fname":"dendron.release.2021-03-29","vaultName":"dendron.dendron-site"},"type":"backlink","position":{"start":{"line":34,"column":1,"offset":1494},"end":{"line":34,"column":42,"offset":1535},"indent":[]},"value":"dendron.release.changelog"},{"from":{"fname":"dendron.release.2021-04-05","vaultName":"dendron.dendron-site"},"type":"backlink","position":{"start":{"line":11,"column":298,"offset":558},"end":{"line":11,"column":363,"offset":623},"indent":[]},"value":"dendron.release.changelog"},{"from":{"fname":"dendron.release.2021-04-05","vaultName":"dendron.dendron-site"},"type":"backlink","position":{"start":{"line":31,"column":1,"offset":1758},"end":{"line":31,"column":42,"offset":1799},"indent":[]},"value":"dendron.release.changelog"},{"from":{"fname":"dendron.release.2021-04-19","vaultName":"dendron.dendron-site"},"type":"backlink","position":{"start":{"line":30,"column":3,"offset":1471},"end":{"line":30,"column":44,"offset":1512},"indent":[]},"value":"dendron.release.changelog"},{"from":{"fname":"dendron.release.2021-04-19","vaultName":"dendron.dendron-site"},"type":"backlink","position":{"start":{"line":31,"column":3,"offset":1515},"end":{"line":31,"column":44,"offset":1556},"indent":[]},"value":"dendron.release.changelog"},{"from":{"fname":"dendron.release.2021-04-25","vaultName":"dendron.dendron-site"},"type":"backlink","position":{"start":{"line":2,"column":1,"offset":1},"end":{"line":2,"column":47,"offset":47},"indent":[]},"value":"dendron.release.changelog"},{"from":{"fname":"dendron.release.2021-05-03","vaultName":"dendron.dendron-site"},"type":"backlink","position":{"start":{"line":33,"column":1,"offset":1463},"end":{"line":33,"column":40,"offset":1502},"indent":[]},"value":"dendron.release.changelog"},{"from":{"fname":"dendron.release.2021-05-10","vaultName":"dendron.dendron-site"},"type":"backlink","position":{"start":{"line":42,"column":1,"offset":1695},"end":{"line":42,"column":41,"offset":1735},"indent":[]},"value":"dendron.release.changelog"},{"from":{"fname":"dendron.release.2021-05-17","vaultName":"dendron.dendron-site"},"type":"backlink","position":{"start":{"line":37,"column":1,"offset":1477},"end":{"line":37,"column":40,"offset":1516},"indent":[]},"value":"dendron.release.changelog"},{"from":{"fname":"dendron.release.2021-05-24","vaultName":"dendron.dendron-site"},"type":"backlink","position":{"start":{"line":45,"column":1,"offset":1465},"end":{"line":45,"column":40,"offset":1504},"indent":[]},"value":"dendron.release.changelog"},{"from":{"fname":"dendron.release.2021-05-31","vaultName":"dendron.dendron-site"},"type":"backlink","position":{"start":{"line":68,"column":1,"offset":2951},"end":{"line":68,"column":42,"offset":2992},"indent":[]},"value":"dendron.release.changelog"},{"from":{"fname":"dendron.release.2021-06-07","vaultName":"dendron.dendron-site"},"type":"backlink","position":{"start":{"line":43,"column":1,"offset":1573},"end":{"line":43,"column":42,"offset":1614},"indent":[]},"value":"dendron.release.changelog"},{"from":{"fname":"dendron.release.2021-06-14","vaultName":"dendron.dendron-site"},"type":"backlink","position":{"start":{"line":42,"column":1,"offset":1776},"end":{"line":42,"column":40,"offset":1815},"indent":[]},"value":"dendron.release.changelog"},{"from":{"fname":"dendron.release.2021-06-21","vaultName":"dendron.dendron-site"},"type":"backlink","position":{"start":{"line":50,"column":1,"offset":2417},"end":{"line":50,"column":42,"offset":2458},"indent":[]},"value":"dendron.release.changelog"},{"from":{"fname":"dendron.release.2021-06-28","vaultName":"dendron.dendron-site"},"type":"backlink","position":{"start":{"line":56,"column":1,"offset":2811},"end":{"line":56,"column":42,"offset":2852},"indent":[]},"value":"dendron.release.changelog"},{"from":{"fname":"dendron.release.2021-07-05","vaultName":"dendron.dendron-site"},"type":"backlink","position":{"start":{"line":56,"column":1,"offset":2617},"end":{"line":56,"column":42,"offset":2658},"indent":[]},"value":"dendron.release.changelog"},{"from":{"fname":"dendron.release.2021-07-12","vaultName":"dendron.dendron-site"},"type":"backlink","position":{"start":{"line":57,"column":1,"offset":3045},"end":{"line":57,"column":42,"offset":3086},"indent":[]},"value":"dendron.release.changelog"},{"from":{"fname":"dendron.release.2021-07-19","vaultName":"dendron.dendron-site"},"type":"backlink","position":{"start":{"line":53,"column":1,"offset":1772},"end":{"line":53,"column":42,"offset":1813},"indent":[]},"value":"dendron.release.changelog"},{"from":{"fname":"dendron.release.2021-07-26","vaultName":"dendron.dendron-site"},"type":"backlink","position":{"start":{"line":5,"column":42,"offset":88},"end":{"line":5,"column":114,"offset":160},"indent":[]},"value":"dendron.release.changelog"},{"from":{"fname":"dendron.release.2021-07-26","vaultName":"dendron.dendron-site"},"type":"backlink","position":{"start":{"line":6,"column":57,"offset":218},"end":{"line":6,"column":127,"offset":288},"indent":[]},"value":"dendron.release.changelog"},{"from":{"fname":"dendron.release.2021-07-26","vaultName":"dendron.dendron-site"},"type":"backlink","position":{"start":{"line":73,"column":1,"offset":3672},"end":{"line":73,"column":42,"offset":3713},"indent":[]},"value":"dendron.release.changelog"},{"from":{"fname":"dendron.release.2021-08-02","vaultName":"dendron.dendron-site"},"type":"backlink","position":{"start":{"line":64,"column":1,"offset":3055},"end":{"line":64,"column":40,"offset":3094},"indent":[]},"value":"dendron.release.changelog"},{"from":{"fname":"dendron.release.changelog.early-seed","vaultName":"dendron.dendron-site"},"type":"backlink","position":{"start":{"line":2,"column":1,"offset":1},"end":{"line":2,"column":41,"offset":41},"indent":[]},"value":"dendron.release.changelog"},{"from":{"fname":"dendron.journal.2021.02.20.migration","vaultName":"dendron.dendron-site"},"type":"backlink","position":{"start":{"line":6,"column":28,"offset":181},"end":{"line":6,"column":106,"offset":259},"indent":[]},"value":"dendron.release.changelog"}],"anchors":{"452":{"type":"header","value":"452","line":409,"column":0},"054":{"type":"header","value":"054","line":8,"column":0},"0533":{"type":"header","value":"0533","line":11,"column":0},"features":{"type":"header","value":"features","line":13,"column":0},"github-publish-pod":{"type":"header","value":"github-publish-pod","line":15,"column":0},"custom-colors-for-tags":{"type":"header","value":"custom-colors-for-tags","line":18,"column":0},"rename-header-command":{"type":"header","value":"rename-header-command","line":21,"column":0},"enhancements":{"type":"header","value":"enhancements","line":24,"column":0},"bug-fixes":{"type":"header","value":"bug-fixes","line":26,"column":0},"pruning":{"type":"header","value":"pruning","line":29,"column":0},"house-cleaning":{"type":"header","value":"house-cleaning","line":32,"column":0},"docs":{"type":"header","value":"docs","line":34,"column":0},"0532":{"type":"header","value":"0532","line":36,"column":0},"bug-fixes-1":{"type":"header","value":"bug-fixes-1","line":38,"column":0},"0531":{"type":"header","value":"0531","line":42,"column":0},"features-1":{"type":"header","value":"features-1","line":44,"column":0},"frontmatter-tags":{"type":"header","value":"frontmatter-tags","line":46,"column":0},"seed-commands":{"type":"header","value":"seed-commands","line":50,"column":0},"better-lookup":{"type":"header","value":"better-lookup","line":56,"column":0},"enhancements-1":{"type":"header","value":"enhancements-1","line":62,"column":0},"bug-fixes-2":{"type":"header","value":"bug-fixes-2","line":66,"column":0},"053":{"type":"header","value":"053","line":73,"column":0},"0522":{"type":"header","value":"0522","line":75,"column":0},"enhancements-2":{"type":"header","value":"enhancements-2","line":77,"column":0},"bug-fixes-3":{"type":"header","value":"bug-fixes-3","line":85,"column":0},"house-cleaning-1":{"type":"header","value":"house-cleaning-1","line":89,"column":0},"0521":{"type":"header","value":"0521","line":92,"column":0},"bug-fixes-4":{"type":"header","value":"bug-fixes-4","line":94,"column":0},"052":{"type":"header","value":"052","line":97,"column":0},"0514":{"type":"header","value":"0514","line":99,"column":0},"features-2":{"type":"header","value":"features-2","line":101,"column":0},"deprecate-markdown-preview-enhanced":{"type":"header","value":"deprecate-markdown-preview-enhanced","line":103,"column":0},"enhancements-3":{"type":"header","value":"enhancements-3","line":109,"column":0},"0513":{"type":"header","value":"0513","line":112,"column":0},"features-3":{"type":"header","value":"features-3","line":114,"column":0},"google-doc-import-pod":{"type":"header","value":"google-doc-import-pod","line":116,"column":0},"enhancements-4":{"type":"header","value":"enhancements-4","line":119,"column":0},"bug-fixes-5":{"type":"header","value":"bug-fixes-5","line":123,"column":0},"0512":{"type":"header","value":"0512","line":126,"column":0},"features-4":{"type":"header","value":"features-4","line":127,"column":0},"non-blocking-workspace-initialization":{"type":"header","value":"non-blocking-workspace-initialization","line":129,"column":0},"enhancements-5":{"type":"header","value":"enhancements-5","line":137,"column":0},"bug-fixes-6":{"type":"header","value":"bug-fixes-6","line":144,"column":0},"house-cleaning-2":{"type":"header","value":"house-cleaning-2","line":148,"column":0},"0511":{"type":"header","value":"0511","line":150,"column":0},"enhancements-6":{"type":"header","value":"enhancements-6","line":152,"column":0},"051":{"type":"header","value":"051","line":155,"column":0},"0502":{"type":"header","value":"0502","line":157,"column":0},"features-5":{"type":"header","value":"features-5","line":159,"column":0},"custom-graph-syliing":{"type":"header","value":"custom-graph-syliing","line":161,"column":0},"built-in-note-templates":{"type":"header","value":"built-in-note-templates","line":164,"column":0},"enhancements-7":{"type":"header","value":"enhancements-7","line":171,"column":0},"bug-fixes-7":{"type":"header","value":"bug-fixes-7","line":174,"column":0},"pruning-1":{"type":"header","value":"pruning-1","line":177,"column":0},"house-cleaning-3":{"type":"header","value":"house-cleaning-3","line":179,"column":0},"docs-1":{"type":"header","value":"docs-1","line":181,"column":0},"0501":{"type":"header","value":"0501","line":184,"column":0},"features-6":{"type":"header","value":"features-6","line":186,"column":0},"backlink-candidates":{"type":"header","value":"backlink-candidates","line":188,"column":0},"smart-hierarchy-selection-when-creating-notes-with-multiple-vaults":{"type":"header","value":"smart-hierarchy-selection-when-creating-notes-with-multiple-vaults","line":192,"column":0},"hashtag-support":{"type":"header","value":"hashtag-support","line":198,"column":0},"preview-v2-enhancements":{"type":"header","value":"preview-v2-enhancements","line":202,"column":0},"enhancements-8":{"type":"header","value":"enhancements-8","line":210,"column":0},"bug-fixes-8":{"type":"header","value":"bug-fixes-8","line":216,"column":0},"house-cleaning-4":{"type":"header","value":"house-cleaning-4","line":220,"column":0},"050":{"type":"header","value":"050","line":223,"column":0},"0492":{"type":"header","value":"0492","line":225,"column":0},"features-7":{"type":"header","value":"features-7","line":227,"column":0},"local-graph":{"type":"header","value":"local-graph","line":229,"column":0},"enhancements-9":{"type":"header","value":"enhancements-9","line":232,"column":0},"bug-fixes-9":{"type":"header","value":"bug-fixes-9","line":236,"column":0},"0491":{"type":"header","value":"0491","line":241,"column":0},"features-8":{"type":"header","value":"features-8","line":243,"column":0},"enhancements-10":{"type":"header","value":"enhancements-10","line":246,"column":0},"bug-fixes-10":{"type":"header","value":"bug-fixes-10","line":253,"column":0},"house-cleaning-5":{"type":"header","value":"house-cleaning-5","line":257,"column":0},"049":{"type":"header","value":"049","line":261,"column":0},"0483":{"type":"header","value":"0483","line":262,"column":0},"enhancements-11":{"type":"header","value":"enhancements-11","line":264,"column":0},"bug-fixes-11":{"type":"header","value":"bug-fixes-11","line":267,"column":0},"0482":{"type":"header","value":"0482","line":271,"column":0},"features-9":{"type":"header","value":"features-9","line":273,"column":0},"enhancements-12":{"type":"header","value":"enhancements-12","line":278,"column":0},"bug-fixes-12":{"type":"header","value":"bug-fixes-12","line":283,"column":0},"house-cleaning-6":{"type":"header","value":"house-cleaning-6","line":292,"column":0},"0481":{"type":"header","value":"0481","line":296,"column":0},"bug-fixes-13":{"type":"header","value":"bug-fixes-13","line":298,"column":0},"048":{"type":"header","value":"048","line":301,"column":0},"0473":{"type":"header","value":"0473","line":303,"column":0},"features-10":{"type":"header","value":"features-10","line":305,"column":0},"enhancements-13":{"type":"header","value":"enhancements-13","line":307,"column":0},"0472":{"type":"header","value":"0472","line":312,"column":0},"features-11":{"type":"header","value":"features-11","line":314,"column":0},"enhancements-14":{"type":"header","value":"enhancements-14","line":319,"column":0},"0471":{"type":"header","value":"0471","line":329,"column":0},"bug-fixes-14":{"type":"header","value":"bug-fixes-14","line":331,"column":0},"047":{"type":"header","value":"047","line":335,"column":0},"0463":{"type":"header","value":"0463","line":337,"column":0},"enhancements-15":{"type":"header","value":"enhancements-15","line":339,"column":0},"bug-fixes-15":{"type":"header","value":"bug-fixes-15","line":343,"column":0},"0462":{"type":"header","value":"0462","line":347,"column":0},"features-12":{"type":"header","value":"features-12","line":349,"column":0},"dendron-seed-bank":{"type":"header","value":"dendron-seed-bank","line":351,"column":0},"calendar-view":{"type":"header","value":"calendar-view","line":355,"column":0},"airtable-pod":{"type":"header","value":"airtable-pod","line":359,"column":0},"find-missing-links-command":{"type":"header","value":"find-missing-links-command","line":363,"column":0},"enhancements-16":{"type":"header","value":"enhancements-16","line":367,"column":0},"bug-fixes-16":{"type":"header","value":"bug-fixes-16","line":372,"column":0},"house-cleaning-7":{"type":"header","value":"house-cleaning-7","line":376,"column":0},"0461":{"type":"header","value":"0461","line":381,"column":0},"bug-fixes-17":{"type":"header","value":"bug-fixes-17","line":383,"column":0},"046":{"type":"header","value":"046","line":387,"column":0},"0453":{"type":"header","value":"0453","line":389,"column":0},"enhancements-17":{"type":"header","value":"enhancements-17","line":391,"column":0},"bug-fixes-18":{"type":"header","value":"bug-fixes-18","line":396,"column":0},"house-cleaning-8":{"type":"header","value":"house-cleaning-8","line":403,"column":0},"features-13":{"type":"header","value":"features-13","line":411,"column":0},"copy-note-ref-range-selections":{"type":"header","value":"copy-note-ref-range-selections","line":413,"column":0},"random-note-command":{"type":"header","value":"random-note-command","line":417,"column":0},"show-schema-graph-v2":{"type":"header","value":"show-schema-graph-v2","line":421,"column":0},"better-graph-filtering-options":{"type":"header","value":"better-graph-filtering-options","line":425,"column":0},"enhancements-18":{"type":"header","value":"enhancements-18","line":429,"column":0},"bug-fixes-19":{"type":"header","value":"bug-fixes-19","line":434,"column":0},"house-cleaning-9":{"type":"header","value":"house-cleaning-9","line":439,"column":0},"0451":{"type":"header","value":"0451","line":449,"column":0},"bug-fixes-20":{"type":"header","value":"bug-fixes-20","line":451,"column":0},"045":{"type":"header","value":"045","line":456,"column":0},"0442":{"type":"header","value":"0442","line":458,"column":0},"features-14":{"type":"header","value":"features-14","line":460,"column":0},"native-note-graph":{"type":"header","value":"native-note-graph","line":462,"column":0},"enhancements-19":{"type":"header","value":"enhancements-19","line":466,"column":0},"bug-fixes-21":{"type":"header","value":"bug-fixes-21","line":474,"column":0},"house-cleaning-10":{"type":"header","value":"house-cleaning-10","line":476,"column":0},"docs-2":{"type":"header","value":"docs-2","line":478,"column":0},"0441":{"type":"header","value":"0441","line":480,"column":0},"features-15":{"type":"header","value":"features-15","line":482,"column":0},"block-reference-refs-support":{"type":"header","value":"block-reference-refs-support","line":484,"column":0},"workspace-vaults":{"type":"header","value":"workspace-vaults","line":488,"column":0},"enhancements-20":{"type":"header","value":"enhancements-20","line":492,"column":0},"bug-fixes-22":{"type":"header","value":"bug-fixes-22","line":496,"column":0},"docs-3":{"type":"header","value":"docs-3","line":500,"column":0},"044":{"type":"header","value":"044","line":504,"column":0},"0433":{"type":"header","value":"0433","line":506,"column":0},"features-16":{"type":"header","value":"features-16","line":508,"column":0},"insert-note-link-command":{"type":"header","value":"insert-note-link-command","line":510,"column":0},"enhancements-21":{"type":"header","value":"enhancements-21","line":514,"column":0},"0432":{"type":"header","value":"0432","line":518,"column":0},"features-17":{"type":"header","value":"features-17","line":520,"column":0},"enhancements-22":{"type":"header","value":"enhancements-22","line":524,"column":0},"docs-4":{"type":"header","value":"docs-4","line":529,"column":0},"0431":{"type":"header","value":"0431","line":533,"column":0},"bug-fixes-23":{"type":"header","value":"bug-fixes-23","line":535,"column":0},"043":{"type":"header","value":"043","line":541,"column":0},"features-18":{"type":"header","value":"features-18","line":543,"column":0},"dendron-web-ui-with-a-new-tree-view":{"type":"header","value":"dendron-web-ui-with-a-new-tree-view","line":545,"column":0},"block-references":{"type":"header","value":"block-references","line":549,"column":0},"paste-file-command":{"type":"header","value":"paste-file-command","line":553,"column":0},"graphviz-pod":{"type":"header","value":"graphviz-pod","line":557,"column":0},"enhancements-23":{"type":"header","value":"enhancements-23","line":561,"column":0},"bug-fixes-24":{"type":"header","value":"bug-fixes-24","line":565,"column":0},"house-cleaning-11":{"type":"header","value":"house-cleaning-11","line":569,"column":0},"042":{"type":"header","value":"042","line":574,"column":0},"features-19":{"type":"header","value":"features-19","line":576,"column":0},"schema-library":{"type":"header","value":"schema-library","line":578,"column":0},"enhancements-24":{"type":"header","value":"enhancements-24","line":582,"column":0},"bug-fixes-25":{"type":"header","value":"bug-fixes-25","line":586,"column":0},"041":{"type":"header","value":"041","line":590,"column":0},"enhancements-25":{"type":"header","value":"enhancements-25","line":592,"column":0},"bug-fixes-26":{"type":"header","value":"bug-fixes-26","line":600,"column":0},"house-cleaning-12":{"type":"header","value":"house-cleaning-12","line":604,"column":0},"docs-5":{"type":"header","value":"docs-5","line":609,"column":0},"0403":{"type":"header","value":"0403","line":613,"column":0},"features-20":{"type":"header","value":"features-20","line":615,"column":0},"dendron-hooks-🪝":{"type":"header","value":"dendron-hooks-🪝","line":617,"column":0},"enhancements-26":{"type":"header","value":"enhancements-26","line":621,"column":0},"bug-fixes-27":{"type":"header","value":"bug-fixes-27","line":626,"column":0},"dev":{"type":"header","value":"dev","line":631,"column":0},"0402":{"type":"header","value":"0402","line":635,"column":0},"bug-fixes-28":{"type":"header","value":"bug-fixes-28","line":637,"column":0},"0401":{"type":"header","value":"0401","line":641,"column":0},"bug-fixes-29":{"type":"header","value":"bug-fixes-29","line":643,"column":0},"040":{"type":"header","value":"040","line":647,"column":0},"0393":{"type":"header","value":"0393","line":649,"column":0},"enhancements-27":{"type":"header","value":"enhancements-27","line":651,"column":0},"bug-fixes-30":{"type":"header","value":"bug-fixes-30","line":656,"column":0},"house-cleaning-13":{"type":"header","value":"house-cleaning-13","line":660,"column":0},"0392":{"type":"header","value":"0392","line":664,"column":0},"features-21":{"type":"header","value":"features-21","line":666,"column":0},"more-caching-improvements":{"type":"header","value":"more-caching-improvements","line":668,"column":0},"enhancements-28":{"type":"header","value":"enhancements-28","line":672,"column":0},"bug-fixes-31":{"type":"header","value":"bug-fixes-31","line":680,"column":0},"house-cleaning-14":{"type":"header","value":"house-cleaning-14","line":689,"column":0},"0391":{"type":"header","value":"0391","line":693,"column":0},"bug-fixes-32":{"type":"header","value":"bug-fixes-32","line":695,"column":0},"^sZzM7QHk4i5m":{"type":"block","value":"sZzM7QHk4i5m","line":71,"column":76}},"fname":"dendron.release.changelog","updated":1628438955000,"created":1601508213606,"parent":"932534e7-e788-4fdb-bc8c-eaf761992a8d","children":["ed4162aa-5474-4483-9fbc-c0b505310c59","0eq1mz_b-gpdSZVJqruOg","icBBwbAFLyjsRLheSJkAp","3abd00eb-1c1e-4253-aaf5-dcbe20c21850"],"data":{},"contentHash":"943e68f7c1b80b64f7460064e1de8b1f","custom":{"date":"2022-01-01"}}
