{"id":"9bcb030d-3e8e-4173-85fb-846b3c3bc83a","title":"Rename","vault":{"fsPath":"vault","name":"dendron.dendron-site"},"type":"note","desc":"","links":[],"anchors":{"summary":{"type":"header","value":"summary","line":9,"column":0},"flows":{"type":"header","value":"flows","line":11,"column":0}},"fname":"dendron.dev.design.commands.rename","updated":1606863442772,"created":1598917863248,"parent":"fc73e5c7-d0fa-43d3-9c45-943c67d8afdb","children":[],"data":{},"contentHash":"98c15848c23edec838b49fcb4f4dff26","custom":{"stub":false}}
