{"id":"9de065ab-4802-4580-93a6-769e94a599c8","title":"Notion Vs Dendron","vault":{"fsPath":"vault","name":"dendron.dendron-site"},"type":"note","desc":"","links":[{"type":"ref","from":{"fname":"dendron.alternatives.notion-vs-dendron","id":"9de065ab-4802-4580-93a6-769e94a599c8","vaultName":"dendron.dendron-site"},"value":"dendron.features","position":{"start":{"line":8,"column":1,"offset":297},"end":{"line":8,"column":78,"offset":374},"indent":[]},"xvault":true,"to":{"fname":"dendron.features","anchorHeader":"fast-and-performant,1:#*","vaultName":"dendron.dendron-site"}},{"type":"ref","from":{"fname":"dendron.alternatives.notion-vs-dendron","id":"9de065ab-4802-4580-93a6-769e94a599c8","vaultName":"dendron.dendron-site"},"value":"dendron.features","position":{"start":{"line":12,"column":1,"offset":392},"end":{"line":12,"column":70,"offset":461},"indent":[]},"xvault":true,"to":{"fname":"dendron.features","anchorHeader":"local-first,1:#*","vaultName":"dendron.dendron-site"}},{"type":"ref","from":{"fname":"dendron.alternatives.notion-vs-dendron","id":"9de065ab-4802-4580-93a6-769e94a599c8","vaultName":"dendron.dendron-site"},"value":"dendron.features","position":{"start":{"line":16,"column":1,"offset":494},"end":{"line":16,"column":85,"offset":578},"indent":[]},"xvault":true,"to":{"fname":"dendron.features","anchorHeader":"extensible-and-open-source,1:#*","vaultName":"dendron.dendron-site"}},{"from":{"fname":"dendron.alternatives","vaultName":"dendron.dendron-site"},"type":"backlink","position":{"start":{"line":13,"column":19,"offset":1079},"end":{"line":13,"column":61,"offset":1121},"indent":[]},"value":"dendron.alternatives.notion-vs-dendron"}],"anchors":{"fast-and-performant":{"type":"header","value":"fast-and-performant","line":12,"column":0},"local-first":{"type":"header","value":"local-first","line":16,"column":0},"extensible-and-open-source":{"type":"header","value":"extensible-and-open-source","line":20,"column":0}},"fname":"dendron.alternatives.notion-vs-dendron","updated":1622573721613,"created":1622545672148,"parent":"b33d1803-6e4e-418f-a269-c4d4bde967cf","children":[],"data":{},"contentHash":"ebbd58d6d49cc22890c1fda9c9722512","custom":{}}
