{"id":"9eca1992-7540-4d9d-97fb-328b27748b2c","title":"Snippets","vault":{"fsPath":"vault","name":"dendron.dendron-site"},"type":"note","desc":"","links":[{"type":"wiki","from":{"fname":"dendron.topic.snippets","id":"9eca1992-7540-4d9d-97fb-328b27748b2c","vaultName":"dendron.dendron-site"},"value":"dendron.ref.intellisense","alias":"intellisense","position":{"start":{"line":14,"column":13,"offset":705},"end":{"line":14,"column":54,"offset":746},"indent":[]},"xvault":false,"to":{"fname":"dendron.ref.intellisense"}},{"type":"ref","from":{"fname":"dendron.topic.snippets","id":"9eca1992-7540-4d9d-97fb-328b27748b2c","vaultName":"dendron.dendron-site"},"value":"pkg.dendron-snippet-maker","position":{"start":{"line":18,"column":1,"offset":930},"end":{"line":18,"column":31,"offset":960},"indent":[]},"xvault":false,"to":{"fname":"pkg.dendron-snippet-maker"}},{"from":{"fname":"dendron.release.2020-09-13","vaultName":"dendron.dendron-site"},"type":"backlink","position":{"start":{"line":15,"column":127,"offset":853},"end":{"line":15,"column":162,"offset":888},"indent":[]},"value":"dendron.topic.snippets"},{"from":{"fname":"dendron.release.changelog","vaultName":"dendron.dendron-site"},"type":"backlink","position":{"start":{"line":205,"column":90,"offset":6759},"end":{"line":205,"column":131,"offset":6800},"indent":[]},"value":"dendron.topic.snippets"},{"from":{"fname":"dendron.topic.commands","vaultName":"dendron.dendron-site"},"type":"backlink","position":{"start":{"line":77,"column":36,"offset":3465},"end":{"line":77,"column":82,"offset":3511},"indent":[]},"value":"dendron.topic.snippets"},{"from":{"fname":"dendron.workflows.todos","vaultName":"dendron.dendron-site"},"type":"backlink","position":{"start":{"line":60,"column":9,"offset":1316},"end":{"line":60,"column":44,"offset":1351},"indent":[]},"value":"dendron.topic.snippets"},{"from":{"fname":"dendron.release.changelog.0-1-x","vaultName":"dendron.dendron-site"},"type":"backlink","position":{"start":{"line":788,"column":1,"offset":39342},"end":{"line":788,"column":50,"offset":39391},"indent":[]},"value":"dendron.topic.snippets"}],"anchors":{"summary":{"type":"header","value":"summary","line":8,"column":0},"quickstart":{"type":"header","value":"quickstart","line":18,"column":0},"topics":{"type":"header","value":"topics","line":27,"column":0},"variables":{"type":"header","value":"variables","line":29,"column":0},"default-snippets":{"type":"header","value":"default-snippets","line":76,"column":0},"issues":{"type":"header","value":"issues","line":109,"column":0},"cant-autocomplete-snippets-inline":{"type":"header","value":"cant-autocomplete-snippets-inline","line":111,"column":0}},"fname":"dendron.topic.snippets","updated":1626380955802,"created":1596561207607,"parent":"7a7af2fa-b9d0-4adc-81e6-f03186123539","children":[],"data":{},"contentHash":"9843c7001dff04ebf5304fd167a4dc3a","custom":{},"schema":{"schemaId":"topic","moduleId":"dendron"}}
