{"id":"9MZBqhrijEM4QpZRa5t08","title":"Linking Notes","vault":{"fsPath":"vault","name":"dendron.dendron-site"},"type":"note","desc":"Linking Notes","links":[{"type":"wiki","from":{"fname":"dendron.tutorial.linking-notes","id":"9MZBqhrijEM4QpZRa5t08","vaultName":"dendron.dendron-site"},"value":"dendron.tutorial","alias":"dendron.tutorial","position":{"start":{"line":9,"column":17,"offset":378},"end":{"line":9,"column":37,"offset":398},"indent":[]},"xvault":false,"to":{"fname":"dendron.tutorial"}},{"type":"wiki","from":{"fname":"dendron.tutorial.linking-notes","id":"9MZBqhrijEM4QpZRa5t08","vaultName":"dendron.dendron-site"},"value":"dendron.tutorial.rich-formatting","alias":"Rich Formatting","position":{"start":{"line":31,"column":20,"offset":1467},"end":{"line":31,"column":72,"offset":1519},"indent":[]},"xvault":false,"to":{"fname":"dendron.tutorial.rich-formatting"}},{"type":"wiki","from":{"fname":"dendron.tutorial.linking-notes","id":"9MZBqhrijEM4QpZRa5t08","vaultName":"dendron.dendron-site"},"value":"tutorial","alias":"My Alias","position":{"start":{"line":34,"column":76,"offset":1778},"end":{"line":34,"column":97,"offset":1799},"indent":[]},"xvault":false,"to":{"fname":"tutorial"}},{"type":"wiki","from":{"fname":"dendron.tutorial.linking-notes","id":"9MZBqhrijEM4QpZRa5t08","vaultName":"dendron.dendron-site"},"value":"tutorial.3-links-and-graphs","alias":"Additional Link Features","position":{"start":{"line":35,"column":87,"offset":1886},"end":{"line":35,"column":168,"offset":1967},"indent":[]},"xvault":false,"to":{"fname":"tutorial.3-links-and-graphs","anchorHeader":"additional-link-features"}},{"type":"wiki","from":{"fname":"dendron.tutorial.linking-notes","id":"9MZBqhrijEM4QpZRa5t08","vaultName":"dendron.dendron-site"},"value":"dendron.topic.references","alias":"Note References","position":{"start":{"line":36,"column":5,"offset":1972},"end":{"line":36,"column":49,"offset":2016},"indent":[]},"xvault":false,"to":{"fname":"dendron.topic.references"}},{"from":{"fname":"dendron.tutorial.taking-notes","vaultName":"dendron.dendron-site"},"type":"backlink","position":{"start":{"line":46,"column":20,"offset":3506},"end":{"line":46,"column":68,"offset":3554},"indent":[]},"value":"dendron.tutorial.linking-notes"}],"anchors":{"links":{"type":"header","value":"links","line":9,"column":0},"backlinks":{"type":"header","value":"backlinks","line":22,"column":0},"explore-your-knowledge-graph":{"type":"header","value":"explore-your-knowledge-graph","line":28,"column":0},"next-steps":{"type":"header","value":"next-steps","line":36,"column":0}},"fname":"dendron.tutorial.linking-notes","updated":1625573468621,"created":1625563999532,"parent":"678c77d9-ef2c-4537-97b5-64556d6337f1","children":[],"data":{},"contentHash":"7488f4dc2d65bc1b352fd5b15bcb1697","custom":{"nav_order":2}}
