{"id":"9PXYLuvnSMwMPVwh","title":"Transcript","vault":{"fsPath":"vault","name":"dendron.dendron-site"},"type":"note","desc":"","links":[{"from":{"fname":"dendron.community.greenhouse.2021-07-30-cerebrarium-showcase","vaultName":"dendron.dendron-site"},"type":"backlink","position":{"start":{"line":20,"column":3,"offset":760},"end":{"line":20,"column":89,"offset":846},"indent":[]},"value":"dendron.community.greenhouse.2021-07-30-cerebrarium-showcase.transcript"}],"anchors":{},"fname":"dendron.community.greenhouse.2021-07-30-cerebrarium-showcase.transcript","updated":1627661787342,"created":1627661784348,"parent":"WUy5xtqQt3MwxcPG","children":[],"data":{},"contentHash":"4f1044eb7374cbdfca67d9a722f97c9c","custom":{}}
