{"id":"9rqhTCE1dAUQJ3fD","title":"Release Notes (version 0.51)","vault":{"fsPath":"vault","name":"dendron.dendron-site"},"type":"note","desc":"","links":[{"type":"wiki","from":{"fname":"dendron.release.2021-07-19","id":"9rqhTCE1dAUQJ3fD","vaultName":"dendron.dendron-site"},"value":"tags.tag","alias":"#tag","position":{"start":{"line":6,"column":10,"offset":57},"end":{"line":6,"column":14,"offset":61},"indent":[]},"xvault":false,"to":{"fname":"tags.tag"}},{"type":"wiki","from":{"fname":"dendron.release.2021-07-19","id":"9rqhTCE1dAUQJ3fD","vaultName":"dendron.dendron-site"},"value":"dendron.alternatives.foam-vs-dendron","alias":"Foam Vs Dendron","position":{"start":{"line":21,"column":23,"offset":596},"end":{"line":21,"column":79,"offset":652},"indent":[]},"xvault":false,"to":{"fname":"dendron.alternatives.foam-vs-dendron"}},{"type":"wiki","from":{"fname":"dendron.release.2021-07-19","id":"9rqhTCE1dAUQJ3fD","vaultName":"dendron.dendron-site"},"value":"dendron.community.office-hours.2021.07.18","alias":"here","position":{"start":{"line":27,"column":49,"offset":736},"end":{"line":27,"column":99,"offset":786},"indent":[]},"xvault":false,"to":{"fname":"dendron.community.office-hours.2021.07.18"}},{"type":"wiki","from":{"fname":"dendron.release.2021-07-19","id":"9rqhTCE1dAUQJ3fD","vaultName":"dendron.dendron-site"},"value":"dendron.community.roles","alias":"here","position":{"start":{"line":32,"column":38,"offset":981},"end":{"line":32,"column":70,"offset":1013},"indent":[]},"xvault":false,"to":{"fname":"dendron.community.roles"}},{"type":"ref","from":{"fname":"dendron.release.2021-07-19","id":"9rqhTCE1dAUQJ3fD","vaultName":"dendron.dendron-site"},"value":"dendron.release.changelog","position":{"start":{"line":53,"column":1,"offset":1772},"end":{"line":53,"column":42,"offset":1813},"indent":[]},"xvault":false,"to":{"fname":"dendron.release.changelog","anchorHeader":"051,1:#050"}}],"anchors":{"highlights":{"type":"header","value":"highlights","line":11,"column":0},"docs":{"type":"header","value":"docs","line":24,"column":0},"community":{"type":"header","value":"community","line":30,"column":0},"office-hours":{"type":"header","value":"office-hours","line":32,"column":0},"thank-yous":{"type":"header","value":"thank-yous","line":35,"column":0},"changelog":{"type":"header","value":"changelog","line":58,"column":0}},"fname":"dendron.release.2021-07-19","updated":1626733467887,"created":1626731214821,"parent":"932534e7-e788-4fdb-bc8c-eaf761992a8d","children":[],"data":{},"contentHash":"d919f049ddc956b99d3f20755034a24f","custom":{}}
