{"id":"9yF0IDLdWksfkmas","title":"Debug","vault":{"fsPath":"vault","name":"dendron.dendron-site"},"type":"note","desc":"","links":[{"from":{"fname":"dendron.dev.debug","vaultName":"dendron.dendron-site"},"type":"backlink","position":{"start":{"line":8,"column":40,"offset":334},"end":{"line":8,"column":80,"offset":374},"indent":[]},"value":"pkg.dendron-api-server.qa.debug"}],"anchors":{"launch":{"type":"header","value":"launch","line":8,"column":0},"debug":{"type":"header","value":"debug","line":16,"column":0},"breakpoints":{"type":"header","value":"breakpoints","line":19,"column":0}},"fname":"pkg.dendron-api-server.qa.debug","updated":1627141723147,"created":1627140555421,"parent":"unRqfj6tOIWvcfhf","children":[],"data":{},"contentHash":"8cc0dd1dc4415d3df22e6b8de6175145","custom":{}}
