{"id":"a0240c63-2000-4542-a0ba-d570f42323b9","title":"Arch","vault":{"fsPath":"vault","name":"dendron.dendron-site"},"type":"note","desc":"","links":[{"type":"wiki","from":{"fname":"pkg.dendron-next-server.arch","id":"a0240c63-2000-4542-a0ba-d570f42323b9","vaultName":"dendron.dendron-site"},"value":"dendron.ref.status","alias":"Work In Progress 🚧","position":{"start":{"line":7,"column":11,"offset":162},"end":{"line":7,"column":71,"offset":222},"indent":[]},"xvault":false,"to":{"fname":"dendron.ref.status","anchorHeader":"work-in-progress-"}},{"type":"wiki","from":{"fname":"pkg.dendron-next-server.arch","id":"a0240c63-2000-4542-a0ba-d570f42323b9","vaultName":"dendron.dendron-site"},"value":"pkg.dendron-engine","alias":"Dendron Engine","position":{"start":{"line":27,"column":81,"offset":1187},"end":{"line":27,"column":118,"offset":1224},"indent":[]},"xvault":false,"to":{"fname":"pkg.dendron-engine"}},{"type":"wiki","from":{"fname":"pkg.dendron-next-server.arch","id":"a0240c63-2000-4542-a0ba-d570f42323b9","vaultName":"dendron.dendron-site"},"value":"pkg.dendron-next-server.internal","alias":"here","position":{"start":{"line":35,"column":66,"offset":2069},"end":{"line":35,"column":115,"offset":2118},"indent":[]},"xvault":false,"to":{"fname":"pkg.dendron-next-server.internal","anchorHeader":"onclick"}},{"type":"wiki","from":{"fname":"pkg.dendron-next-server.arch","id":"a0240c63-2000-4542-a0ba-d570f42323b9","vaultName":"dendron.dendron-site"},"value":"dendron.ref.status","alias":"Planning 🗺️","position":{"start":{"line":39,"column":11,"offset":2178},"end":{"line":39,"column":57,"offset":2224},"indent":[]},"xvault":false,"to":{"fname":"dendron.ref.status","anchorHeader":"planning-️"}},{"type":"wiki","from":{"fname":"pkg.dendron-next-server.arch","id":"a0240c63-2000-4542-a0ba-d570f42323b9","vaultName":"dendron.dendron-site"},"value":"pkg.dendron-api-server","alias":"pkg.dendron-api-server","position":{"start":{"line":51,"column":234,"offset":3155},"end":{"line":51,"column":260,"offset":3181},"indent":[]},"xvault":false,"to":{"fname":"pkg.dendron-api-server"}},{"type":"wiki","from":{"fname":"pkg.dendron-next-server.arch","id":"a0240c63-2000-4542-a0ba-d570f42323b9","vaultName":"dendron.dendron-site"},"value":"dendron.ref.status","alias":"Planning 🗺️","position":{"start":{"line":59,"column":11,"offset":3923},"end":{"line":59,"column":57,"offset":3969},"indent":[]},"xvault":false,"to":{"fname":"dendron.ref.status","anchorHeader":"planning-️"}},{"type":"wiki","from":{"fname":"pkg.dendron-next-server.arch","id":"a0240c63-2000-4542-a0ba-d570f42323b9","vaultName":"dendron.dendron-site"},"value":"pro.dendron-next-server.arch","alias":"Dendron Preview","position":{"start":{"line":74,"column":43,"offset":4944},"end":{"line":74,"column":107,"offset":5008},"indent":[]},"xvault":false,"to":{"fname":"pro.dendron-next-server.arch","anchorHeader":"dendron-preview"}},{"from":{"fname":"dendron.release.2021-05-31","vaultName":"dendron.dendron-site"},"type":"backlink","position":{"start":{"line":26,"column":7,"offset":932},"end":{"line":26,"column":59,"offset":984},"indent":[]},"value":"pkg.dendron-next-server.arch"},{"from":{"fname":"pkg.dendron-next-server.dev","vaultName":"dendron.dendron-site"},"type":"backlink","position":{"start":{"line":25,"column":12,"offset":1108},"end":{"line":25,"column":57,"offset":1153},"indent":[]},"value":"pkg.dendron-next-server.arch"}],"anchors":{"summary":{"type":"header","value":"summary","line":8,"column":0},"dendron-plugin":{"type":"header","value":"dendron-plugin","line":12,"column":0},"dendron-preview":{"type":"header","value":"dendron-preview","line":43,"column":0},"details":{"type":"header","value":"details","line":51,"column":0},"images":{"type":"header","value":"images","line":56,"column":0},"dendron-published-site":{"type":"header","value":"dendron-published-site","line":63,"column":0},"copy-and-paste":{"type":"header","value":"copy-and-paste","line":87,"column":0},"theming":{"type":"header","value":"theming","line":91,"column":0}},"fname":"pkg.dendron-next-server.arch","updated":1623865423917,"created":1622130772977,"parent":"7cdd9a74-8b8f-4564-906b-c963bed34273","children":[],"data":{},"contentHash":"01fc7d25f5ae07fe38e84f5fbfbbe77a","custom":{}}
