{"id":"a155f412-d730-48cc-8893-1bcb7f637206","title":"Graph Rework - Schemas","vault":{"fsPath":"vault","name":"dendron.dendron-site"},"type":"note","desc":"","links":[{"type":"wiki","from":{"fname":"dendron.rfc.7-graph-rework.schemas","id":"a155f412-d730-48cc-8893-1bcb7f637206","vaultName":"dendron.dendron-site"},"value":"dendron.rfc.7-graph-rework.hierarchy","alias":"Graph Rework - Hierarchy","position":{"start":{"line":41,"column":90,"offset":772},"end":{"line":41,"column":155,"offset":837},"indent":[]},"xvault":false,"to":{"fname":"dendron.rfc.7-graph-rework.hierarchy"}},{"from":{"fname":"dendron.rfc.7-graph-rework","vaultName":"dendron.dendron-site"},"type":"backlink","position":{"start":{"line":24,"column":5,"offset":646},"end":{"line":24,"column":82,"offset":723},"indent":[]},"value":"dendron.rfc.7-graph-rework.schemas"},{"from":{"fname":"dendron.rfc.7-graph-rework.hierarchy","vaultName":"dendron.dendron-site"},"type":"backlink","position":{"start":{"line":34,"column":3,"offset":973},"end":{"line":34,"column":51,"offset":1021},"indent":[]},"value":"dendron.rfc.7-graph-rework.schemas"}],"anchors":{"goal":{"type":"header","value":"goal","line":7,"column":0},"description":{"type":"header","value":"description","line":11,"column":0},"further-thoughts":{"type":"header","value":"further-thoughts","line":87,"column":0},"author":{"type":"header","value":"author","line":116,"column":0}},"fname":"dendron.rfc.7-graph-rework.schemas","updated":1618215293355,"created":1615116287140,"parent":"c998c642-a748-4f77-9285-cfec35330251","children":[],"data":{},"contentHash":"be17762e0b78d459ede1a1cb73670bc7","custom":{}}
