{"id":"a313152d-1664-405b-86eb-6d2ecb98426e","title":"Schema Library","vault":{"fsPath":"vault","name":"dendron.dendron-site"},"type":"note","desc":"","links":[{"type":"wiki","from":{"fname":"dendron.topic.schema.lib","id":"a313152d-1664-405b-86eb-6d2ecb98426e","vaultName":"dendron.dendron-site"},"value":"dendron.ref.status","alias":"Experimental 🧪","position":{"start":{"line":3,"column":3,"offset":14},"end":{"line":3,"column":57,"offset":68},"indent":[]},"xvault":false,"to":{"fname":"dendron.ref.status","anchorHeader":"experimental-🧪"}},{"from":{"fname":"dendron.release.changelog","vaultName":"dendron.dendron-site"},"type":"backlink","position":{"start":{"line":573,"column":1,"offset":16279},"end":{"line":573,"column":30,"offset":16308},"indent":[]},"value":"dendron.topic.schema.lib"}],"anchors":{"summary":{"type":"header","value":"summary","line":8,"column":0}},"fname":"dendron.topic.schema.lib","updated":1623706776662,"created":1621288257610,"parent":"c5e5adde-5459-409b-b34d-a0d75cbb1052","children":[],"data":{},"contentHash":"6386ce834e258e6ad45dabea89e9fc13","custom":{}}
