{"id":"a4252774-0c08-4bca-a1b5-b6f369908aeb","title":"Related","vault":{"fsPath":"vault","name":"dendron.dendron-site"},"type":"note","desc":"","links":[{"from":{"fname":"dendron.release.changelog.0-1-x","vaultName":"dendron.dendron-site"},"type":"backlink","position":{"start":{"line":778,"column":20,"offset":39078},"end":{"line":778,"column":86,"offset":39144},"indent":[]},"value":"dendron.roadmap.project.n.backlog.color-tabs"}],"anchors":{"goals":{"type":"header","value":"goals","line":9,"column":0},"details":{"type":"header","value":"details","line":13,"column":0},"proposal":{"type":"header","value":"proposal","line":31,"column":0},"set-custom-tab-color-based-on-schema":{"type":"header","value":"set-custom-tab-color-based-on-schema","line":33,"column":0}},"fname":"dendron.roadmap.project.n.backlog.color-tabs","updated":1603426502775,"created":1602430633050,"parent":"529fb02a-3ca9-4fbc-bcba-9435f8d13e89","children":[],"data":{},"contentHash":"33247e9a3c67d041726611f2c1efdd0b","custom":{}}
