{"id":"a49370b7-fe61-4174-bf85-f67d15fa35ff","title":"Qa","vault":{"fsPath":"vault","name":"dendron.dendron-site"},"type":"note","desc":"","links":[{"type":"wiki","from":{"fname":"pkg.dendron-cli.qa","id":"a49370b7-fe61-4174-bf85-f67d15fa35ff","vaultName":"dendron.dendron-site"},"value":"dendron.dev.ref.vscode","alias":"tasks","position":{"start":{"line":3,"column":51,"offset":60},"end":{"line":3,"column":89,"offset":98},"indent":[]},"xvault":false,"to":{"fname":"dendron.dev.ref.vscode","anchorHeader":"tasks"}}],"anchors":{"debug":{"type":"header","value":"debug","line":8,"column":0}},"fname":"pkg.dendron-cli.qa","updated":1624851705289,"created":1614837254472,"parent":"c968377f-56e5-470f-801e-c730a1c071d4","children":[],"data":{},"contentHash":"d5e44e2b1946a48bac7ce823a192e84b","custom":{}}
