{"id":"a54ec55b-7624-46af-9d50-5ad734e3a80f","title":"Dendron 11ty","vault":{"fsPath":"vault","name":"dendron.dendron-site"},"type":"note","desc":"","links":[],"anchors":{},"fname":"pkg.dendron-11ty","updated":1619455923544,"created":1619455923544,"parent":"32cdd4aa-d9f6-4582-8d0c-07f64a00299b","children":["9ad8ae37-9f32-4043-b3f9-b36799a62bf0","aa6009e6-db3d-44d8-bc60-723f03c048f7","feb740f8-0d7b-4bc6-83bb-85886fe779f6","132698b3-cfe0-457f-b7d6-7ddba5cfe096","6f3bc07c-5232-4148-a42f-bac9c2fe12f6"],"data":{},"contentHash":"ddba586d06b52a2754bba7c91cfa9b5d","stub":false,"custom":{"stub":true}}
