{"id":"a6b9c043-7713-48ea-b826-50d003e3e21f","title":"Managed Publishing (NEW)","vault":{"fsPath":"vault","name":"dendron.dendron-site"},"type":"note","desc":"","links":[{"type":"wiki","from":{"fname":"dendron.topic.managed-publishing","id":"a6b9c043-7713-48ea-b826-50d003e3e21f","vaultName":"dendron.dendron-site"},"value":"dendron.rfc.2-managed-publishing","alias":"2 - Managed Publishing RFC","position":{"start":{"line":5,"column":3,"offset":96},"end":{"line":5,"column":66,"offset":159},"indent":[]},"xvault":false,"to":{"fname":"dendron.rfc.2-managed-publishing"}},{"from":{"fname":"dendron.release.changelog.0-3-x","vaultName":"dendron.dendron-site"},"type":"backlink","position":{"start":{"line":13,"column":5,"offset":381},"end":{"line":13,"column":66,"offset":442},"indent":[]},"value":"dendron.topic.managed-publishing"},{"from":{"fname":"dendron.release.changelog.0-3-x","vaultName":"dendron.dendron-site"},"type":"backlink","position":{"start":{"line":298,"column":46,"offset":8675},"end":{"line":298,"column":101,"offset":8730},"indent":[]},"value":"dendron.topic.managed-publishing"}],"anchors":{"related":{"type":"header","value":"related","line":10,"column":0}},"fname":"dendron.topic.managed-publishing","updated":1619460458614,"created":1615160515751,"parent":"7a7af2fa-b9d0-4adc-81e6-f03186123539","children":["8b08d91b-3da8-4b8a-90c5-799d3026ad9b","53de5c1e-b20c-4adc-ae48-e1659ecc6d13"],"data":{},"contentHash":"358c3c5680ee4ad8324edf18df26ce3a","custom":{},"schema":{"schemaId":"topic","moduleId":"dendron"}}
