{"id":"a6c03f9b-8959-4d67-8394-4d204ab69bfe","title":"Troubleshooting","vault":{"fsPath":"vault","name":"dendron.dendron-site"},"type":"note","desc":"","links":[{"type":"wiki","from":{"fname":"dendron.guides.troubleshooting","id":"a6c03f9b-8959-4d67-8394-4d204ab69bfe","vaultName":"dendron.dendron-site"},"value":"dendron.guides.troubleshooting","alias":"Whitelisting localhost","position":{"start":{"line":24,"column":5,"offset":793},"end":{"line":24,"column":85,"offset":873},"indent":[]},"xvault":false,"sameFile":false,"to":{"fname":"dendron.guides.troubleshooting","anchorHeader":"whitelisting-localhost"}},{"type":"wiki","from":{"fname":"dendron.guides.troubleshooting","id":"a6c03f9b-8959-4d67-8394-4d204ab69bfe","vaultName":"dendron.dendron-site"},"value":"dendron.topic.commands","alias":"logs","position":{"start":{"line":32,"column":39,"offset":1050},"end":{"line":32,"column":91,"offset":1102},"indent":[]},"xvault":false,"sameFile":false,"to":{"fname":"dendron.topic.commands","anchorHeader":"dendrondev-open-logs"}},{"type":"wiki","from":{"fname":"dendron.guides.troubleshooting","id":"a6c03f9b-8959-4d67-8394-4d204ab69bfe","vaultName":"dendron.dendron-site"},"value":"dendron.guides.troubleshooting","alias":"Run Dendron inside a Workspace","position":{"start":{"line":34,"column":8,"offset":1118},"end":{"line":34,"column":104,"offset":1214},"indent":[]},"xvault":false,"sameFile":false,"to":{"fname":"dendron.guides.troubleshooting","anchorHeader":"run-dendron-inside-a-workspace"}},{"type":"wiki","from":{"fname":"dendron.guides.troubleshooting","id":"a6c03f9b-8959-4d67-8394-4d204ab69bfe","vaultName":"dendron.dendron-site"},"value":"dendron.guides.troubleshooting","alias":"Whitelisting localhost","position":{"start":{"line":35,"column":8,"offset":1222},"end":{"line":35,"column":88,"offset":1302},"indent":[]},"xvault":false,"sameFile":false,"to":{"fname":"dendron.guides.troubleshooting","anchorHeader":"whitelisting-localhost"}},{"type":"wiki","from":{"fname":"dendron.guides.troubleshooting","id":"a6c03f9b-8959-4d67-8394-4d204ab69bfe","vaultName":"dendron.dendron-site"},"value":"dendron.guides.troubleshooting","alias":"Reload Dendron","position":{"start":{"line":39,"column":8,"offset":1396},"end":{"line":39,"column":72,"offset":1460},"indent":[]},"xvault":false,"sameFile":false,"to":{"fname":"dendron.guides.troubleshooting","anchorHeader":"reload-dendron"}},{"type":"wiki","from":{"fname":"dendron.guides.troubleshooting","id":"a6c03f9b-8959-4d67-8394-4d204ab69bfe","vaultName":"dendron.dendron-site"},"value":"dendron.guides.troubleshooting","alias":"Use Dendron Markdown Preview","position":{"start":{"line":43,"column":10,"offset":1575},"end":{"line":43,"column":102,"offset":1667},"indent":[]},"xvault":false,"sameFile":false,"to":{"fname":"dendron.guides.troubleshooting","anchorHeader":"use-dendron-markdown-preview"}},{"type":"wiki","from":{"fname":"dendron.guides.troubleshooting","id":"a6c03f9b-8959-4d67-8394-4d204ab69bfe","vaultName":"dendron.dendron-site"},"value":"dendron.topic.workbench","alias":"output view","position":{"start":{"line":141,"column":10,"offset":4712},"end":{"line":141,"column":61,"offset":4763},"indent":[]},"xvault":false,"sameFile":false,"to":{"fname":"dendron.topic.workbench","anchorHeader":"output-view"}},{"type":"wiki","from":{"fname":"dendron.guides.troubleshooting","id":"a6c03f9b-8959-4d67-8394-4d204ab69bfe","vaultName":"dendron.dendron-site"},"value":"dendron.topic.links","alias":"wiki links","position":{"start":{"line":182,"column":105,"offset":5759},"end":{"line":182,"column":150,"offset":5804},"indent":[]},"xvault":false,"sameFile":false,"to":{"fname":"dendron.topic.links","anchorHeader":"wiki-links"}},{"type":"wiki","from":{"fname":"dendron.guides.troubleshooting","id":"a6c03f9b-8959-4d67-8394-4d204ab69bfe","vaultName":"dendron.dendron-site"},"value":"dendron.topic.config.dendron","alias":"vaults","position":{"start":{"line":194,"column":40,"offset":6120},"end":{"line":194,"column":86,"offset":6166},"indent":[]},"xvault":false,"sameFile":false,"to":{"fname":"dendron.topic.config.dendron","anchorHeader":"vaults"}},{"type":"wiki","from":{"fname":"dendron.guides.troubleshooting","id":"a6c03f9b-8959-4d67-8394-4d204ab69bfe","vaultName":"dendron.dendron-site"},"value":"dendron.topic.config.dendron","alias":"name","position":{"start":{"line":194,"column":262,"offset":6342},"end":{"line":194,"column":304,"offset":6384},"indent":[]},"xvault":false,"sameFile":false,"to":{"fname":"dendron.topic.config.dendron","anchorHeader":"name"}},{"type":"wiki","from":{"fname":"dendron.guides.troubleshooting","id":"a6c03f9b-8959-4d67-8394-4d204ab69bfe","vaultName":"dendron.dendron-site"},"value":"dendron.topic.commands","alias":"Initialize Workspace","position":{"start":{"line":201,"column":132,"offset":6595},"end":{"line":201,"column":200,"offset":6663},"indent":[]},"xvault":false,"sameFile":false,"to":{"fname":"dendron.topic.commands","anchorHeader":"initialize-workspace"}},{"type":"wiki","from":{"fname":"dendron.guides.troubleshooting","id":"a6c03f9b-8959-4d67-8394-4d204ab69bfe","vaultName":"dendron.dendron-site"},"value":"dendron.ref.caching","alias":"cache","position":{"start":{"line":230,"column":16,"offset":8251},"end":{"line":230,"column":53,"offset":8288},"indent":[]},"xvault":false,"sameFile":false,"to":{"fname":"dendron.ref.caching","anchorHeader":"summary"}},{"type":"wiki","from":{"fname":"dendron.guides.troubleshooting","id":"a6c03f9b-8959-4d67-8394-4d204ab69bfe","vaultName":"dendron.dendron-site"},"value":"dendron.dev.design","alias":"local server","position":{"start":{"line":234,"column":18,"offset":8342},"end":{"line":234,"column":62,"offset":8386},"indent":[]},"xvault":false,"sameFile":false,"to":{"fname":"dendron.dev.design","anchorHeader":"overview"}},{"type":"wiki","from":{"fname":"dendron.guides.troubleshooting","id":"a6c03f9b-8959-4d67-8394-4d204ab69bfe","vaultName":"dendron.dendron-site"},"value":"dendron.topic.frontmatter","alias":"Frontmatter","position":{"start":{"line":239,"column":3,"offset":8634},"end":{"line":239,"column":44,"offset":8675},"indent":[]},"xvault":false,"sameFile":false,"to":{"fname":"dendron.topic.frontmatter"}},{"type":"wiki","from":{"fname":"dendron.guides.troubleshooting","id":"a6c03f9b-8959-4d67-8394-4d204ab69bfe","vaultName":"dendron.dendron-site"},"value":"dendron.guides.cook","alias":"Plugin Logs","position":{"start":{"line":256,"column":3,"offset":9167},"end":{"line":256,"column":52,"offset":9216},"indent":[]},"xvault":false,"sameFile":false,"to":{"fname":"dendron.guides.cook","anchorHeader":"checking-logs"}},{"type":"wiki","from":{"fname":"dendron.guides.troubleshooting","id":"a6c03f9b-8959-4d67-8394-4d204ab69bfe","vaultName":"dendron.dendron-site"},"value":"dendron.guides.cook","alias":"Server Logs","position":{"start":{"line":257,"column":3,"offset":9219},"end":{"line":257,"column":50,"offset":9266},"indent":[]},"xvault":false,"sameFile":false,"to":{"fname":"dendron.guides.cook","anchorHeader":"server-logs"}},{"type":"wiki","from":{"fname":"dendron.guides.troubleshooting","id":"a6c03f9b-8959-4d67-8394-4d204ab69bfe","vaultName":"dendron.dendron-site"},"value":"dendron.guides.settings","alias":"workspace settings","position":{"start":{"line":258,"column":20,"offset":9286},"end":{"line":258,"column":66,"offset":9332},"indent":[]},"xvault":false,"sameFile":false,"to":{"fname":"dendron.guides.settings"}},{"type":"wiki","from":{"fname":"dendron.guides.troubleshooting","id":"a6c03f9b-8959-4d67-8394-4d204ab69bfe","vaultName":"dendron.dendron-site"},"value":"dendron.topic.commands","alias":"dendron.yml","position":{"start":{"line":259,"column":15,"offset":9347},"end":{"line":259,"column":68,"offset":9400},"indent":[]},"xvault":false,"sameFile":false,"to":{"fname":"dendron.topic.commands","anchorHeader":"configure-yaml"}},{"type":"ref","from":{"fname":"dendron.guides.troubleshooting","id":"a6c03f9b-8959-4d67-8394-4d204ab69bfe","vaultName":"dendron.dendron-site"},"value":"dendron.guides.troubleshooting","position":{"start":{"line":133,"column":1,"offset":4221},"end":{"line":133,"column":65,"offset":4285},"indent":[]},"xvault":false,"to":{"fname":"dendron.guides.troubleshooting","anchorHeader":"using-the-wrong-preview,1:#*"}},{"from":{"fname":"dendron.guides.troubleshooting","vaultName":"dendron.dendron-site"},"type":"backlink","position":{"start":{"line":24,"column":5,"offset":793},"end":{"line":24,"column":85,"offset":873},"indent":[]},"value":"dendron.guides.troubleshooting"},{"from":{"fname":"dendron.guides.troubleshooting","vaultName":"dendron.dendron-site"},"type":"backlink","position":{"start":{"line":34,"column":8,"offset":1118},"end":{"line":34,"column":104,"offset":1214},"indent":[]},"value":"dendron.guides.troubleshooting"},{"from":{"fname":"dendron.guides.troubleshooting","vaultName":"dendron.dendron-site"},"type":"backlink","position":{"start":{"line":35,"column":8,"offset":1222},"end":{"line":35,"column":88,"offset":1302},"indent":[]},"value":"dendron.guides.troubleshooting"},{"from":{"fname":"dendron.guides.troubleshooting","vaultName":"dendron.dendron-site"},"type":"backlink","position":{"start":{"line":39,"column":8,"offset":1396},"end":{"line":39,"column":72,"offset":1460},"indent":[]},"value":"dendron.guides.troubleshooting"},{"from":{"fname":"dendron.guides.troubleshooting","vaultName":"dendron.dendron-site"},"type":"backlink","position":{"start":{"line":43,"column":10,"offset":1575},"end":{"line":43,"column":102,"offset":1667},"indent":[]},"value":"dendron.guides.troubleshooting"},{"from":{"fname":"dendron.guides.troubleshooting","vaultName":"dendron.dendron-site"},"type":"backlink","position":{"start":{"line":133,"column":1,"offset":4221},"end":{"line":133,"column":65,"offset":4285},"indent":[]},"value":"dendron.guides.troubleshooting"},{"from":{"fname":"dendron.release.changelog.0-1-x","vaultName":"dendron.dendron-site"},"type":"backlink","position":{"start":{"line":676,"column":1,"offset":34960},"end":{"line":676,"column":55,"offset":35014},"indent":[]},"value":"dendron.guides.troubleshooting"}],"anchors":{"summary":{"type":"header","value":"summary","line":8,"column":0},"plugin":{"type":"header","value":"plugin","line":26,"column":0},"dendron-is-stuck-on-loading":{"type":"header","value":"dendron-is-stuck-on-loading","line":28,"column":0},"engine-not-initialized":{"type":"header","value":"engine-not-initialized","line":32,"column":0},"notes-from-the-graphtree-view-show-wrong-results":{"type":"header","value":"notes-from-the-graphtree-view-show-wrong-results","line":43,"column":0},"preview-not-rendering-correctly":{"type":"header","value":"preview-not-rendering-correctly","line":47,"column":0},"lookup-shortcut-is-not-working":{"type":"header","value":"lookup-shortcut-is-not-working","line":51,"column":0},"cannot-read-property-name-of-undefined":{"type":"header","value":"cannot-read-property-name-of-undefined","line":66,"column":0},"upgrading":{"type":"header","value":"upgrading","line":81,"column":0},"error-upgrading":{"type":"header","value":"error-upgrading","line":83,"column":0},"schemas":{"type":"header","value":"schemas","line":91,"column":0},"im-getting-a--when-trying-to-define-a-schema":{"type":"header","value":"im-getting-a--when-trying-to-define-a-schema","line":93,"column":0},"schema-templates-arent-working":{"type":"header","value":"schema-templates-arent-working","line":97,"column":0},"markdown-preview":{"type":"header","value":"markdown-preview","line":133,"column":0},"why-cant-i-click-the-checkbox":{"type":"header","value":"why-cant-i-click-the-checkbox","line":135,"column":0},"still-initializing--please-close-this-window-and-try-again-after-dendron-has-been-initialized":{"type":"header","value":"still-initializing--please-close-this-window-and-try-again-after-dendron-has-been-initialized","line":141,"column":0},"get-the-logs":{"type":"header","value":"get-the-logs","line":145,"column":0},"linux":{"type":"header","value":"linux","line":150,"column":0},"reference-to-another-note-on-ubuntu":{"type":"header","value":"reference-to-another-note-on-ubuntu","line":152,"column":0},"publishing":{"type":"header","value":"publishing","line":156,"column":0},"cant-open-local-preview":{"type":"header","value":"cant-open-local-preview","line":158,"column":0},"etc":{"type":"header","value":"etc","line":180,"column":0},"error-spawn-git-enoent":{"type":"header","value":"error-spawn-git-enoent","line":182,"column":0},"clicking-on-the-link-creates-multiple-files":{"type":"header","value":"clicking-on-the-link-creates-multiple-files","line":186,"column":0},"dendron-fails-to-initialize":{"type":"header","value":"dendron-fails-to-initialize","line":194,"column":0},"multiple-vaults-with-the-same-name":{"type":"header","value":"multiple-vaults-with-the-same-name","line":198,"column":0},"common-diagnostics":{"type":"header","value":"common-diagnostics","line":203,"column":0},"launch-a-new-workspace":{"type":"header","value":"launch-a-new-workspace","line":205,"column":0},"common-fixes":{"type":"header","value":"common-fixes","line":209,"column":0},"uninstall-conflicting-extensions":{"type":"header","value":"uninstall-conflicting-extensions","line":211,"column":0},"use-dendron-markdown-preview":{"type":"header","value":"use-dendron-markdown-preview","line":214,"column":0},"reload-dendron":{"type":"header","value":"reload-dendron","line":222,"column":0},"remove-notes-that-extend-from-root":{"type":"header","value":"remove-notes-that-extend-from-root","line":226,"column":0},"run-dendron-inside-a-workspace":{"type":"header","value":"run-dendron-inside-a-workspace","line":230,"column":0},"clear-the-cache":{"type":"header","value":"clear-the-cache","line":234,"column":0},"whitelisting-localhost":{"type":"header","value":"whitelisting-localhost","line":238,"column":0},"correctly-format-the-note":{"type":"header","value":"correctly-format-the-note","line":242,"column":0},"look-for-large-files":{"type":"header","value":"look-for-large-files","line":248,"column":0},"book-a-one-on-one":{"type":"header","value":"book-a-one-on-one","line":252,"column":0},"send-a-support-request":{"type":"header","value":"send-a-support-request","line":256,"column":0}},"fname":"dendron.guides.troubleshooting","updated":1628347844122,"created":1595952505025,"parent":"02c2d7b6-2ea2-4e15-9894-9dead50d5ca2","children":[],"data":{},"contentHash":"4eafff7578bf8952db2f4807d9b8ad57","custom":{}}
