{"id":"a7c3a810-28c8-4b47-96a6-8156b1524af3","title":"Lookup","vault":{"fsPath":"vault","name":"dendron.dendron-site"},"type":"note","desc":"","links":[{"type":"wiki","from":{"fname":"dendron.topic.lookup","id":"a7c3a810-28c8-4b47-96a6-8156b1524af3","vaultName":"dendron.dendron-site"},"value":"pkg.dendron-plugin.internal.lookup","alias":"here","position":{"start":{"line":13,"column":67,"offset":801},"end":{"line":13,"column":110,"offset":844},"indent":[]},"xvault":false,"to":{"fname":"pkg.dendron-plugin.internal.lookup"}},{"from":{"fname":"dendron","vaultName":"dendron.dendron-site"},"type":"backlink","position":{"start":{"line":13,"column":438,"offset":1726},"end":{"line":13,"column":481,"offset":1769},"indent":[]},"value":"dendron.topic.lookup"},{"from":{"fname":"dendron.faq","vaultName":"dendron.dendron-site"},"type":"backlink","position":{"start":{"line":45,"column":76,"offset":3487},"end":{"line":45,"column":107,"offset":3518},"indent":[]},"value":"dendron.topic.lookup"},{"from":{"fname":"dendron.faq","vaultName":"dendron.dendron-site"},"type":"backlink","position":{"start":{"line":132,"column":43,"offset":9199},"end":{"line":132,"column":82,"offset":9238},"indent":[]},"value":"dendron.topic.lookup"},{"from":{"fname":"dendron.features","vaultName":"dendron.dendron-site"},"type":"backlink","position":{"start":{"line":130,"column":177,"offset":7437},"end":{"line":130,"column":201,"offset":7461},"indent":[]},"value":"dendron.topic.lookup"},{"from":{"fname":"dendron.alternatives.foam-vs-dendron","vaultName":"dendron.dendron-site"},"type":"backlink","position":{"start":{"line":11,"column":28,"offset":774},"end":{"line":11,"column":59,"offset":805},"indent":[]},"value":"dendron.topic.lookup"},{"from":{"fname":"dendron.release.2021-05-31","vaultName":"dendron.dendron-site"},"type":"backlink","position":{"start":{"line":22,"column":7,"offset":686},"end":{"line":22,"column":56,"offset":735},"indent":[]},"value":"dendron.topic.lookup"},{"from":{"fname":"dendron.release.changelog","vaultName":"dendron.dendron-site"},"type":"backlink","position":{"start":{"line":524,"column":5,"offset":15255},"end":{"line":524,"column":54,"offset":15304},"indent":[]},"value":"dendron.topic.lookup"},{"from":{"fname":"dendron.topic.commands","vaultName":"dendron.dendron-site"},"type":"backlink","position":{"start":{"line":156,"column":1,"offset":5595},"end":{"line":156,"column":26,"offset":5620},"indent":[]},"value":"dendron.topic.lookup"},{"from":{"fname":"dendron.topic.schema","vaultName":"dendron.dendron-site"},"type":"backlink","position":{"start":{"line":237,"column":114,"offset":6375},"end":{"line":237,"column":145,"offset":6406},"indent":[]},"value":"dendron.topic.lookup"},{"from":{"fname":"dendron.topic.search","vaultName":"dendron.dendron-site"},"type":"backlink","position":{"start":{"line":1,"column":107,"offset":106},"end":{"line":1,"column":138,"offset":137},"indent":[]},"value":"dendron.topic.lookup"},{"from":{"fname":"dendron.workflows.cache","vaultName":"dendron.dendron-site"},"type":"backlink","position":{"start":{"line":11,"column":3,"offset":404},"end":{"line":11,"column":43,"offset":444},"indent":[]},"value":"dendron.topic.lookup"},{"from":{"fname":"dendron.release.changelog.0-1-x","vaultName":"dendron.dendron-site"},"type":"backlink","position":{"start":{"line":517,"column":1,"offset":26530},"end":{"line":517,"column":45,"offset":26574},"indent":[]},"value":"dendron.topic.lookup"},{"from":{"fname":"dendron.release.changelog.0-1-x","vaultName":"dendron.dendron-site"},"type":"backlink","position":{"start":{"line":854,"column":1,"offset":42097},"end":{"line":854,"column":39,"offset":42135},"indent":[]},"value":"dendron.topic.lookup"},{"from":{"fname":"dendron.release.changelog.0-1-x","vaultName":"dendron.dendron-site"},"type":"backlink","position":{"start":{"line":870,"column":3,"offset":42658},"end":{"line":870,"column":43,"offset":42698},"indent":[]},"value":"dendron.topic.lookup"}],"anchors":{"details":{"type":"header","value":"details","line":14,"column":0}},"fname":"dendron.topic.lookup","updated":1628269082913,"created":1595952505038,"parent":"7a7af2fa-b9d0-4adc-81e6-f03186123539","children":["0e57f8d1-e501-49db-974c-01eb64c20c22","a6f1d6c7-91f3-4c14-9b89-9e66b6276f70","84a0366a-eab5-4862-9bef-360f92a196dc","66d734d2-07bd-4ac6-be0b-a38b55bc1099","ad270a7d-2aed-4273-8319-eb6536e38b29","60c03500-98e4-4a02-a31e-2702b4068a88"],"data":{},"contentHash":"438ebafe9802679864c9dbe6ff478ce0","custom":{"stub":false},"schema":{"schemaId":"topic","moduleId":"dendron"}}
