{"id":"a80f36d9-01d0-4c5a-a228-867b093a4913","title":"Cookbook","vault":{"fsPath":"vault","name":"dendron.dendron-site"},"type":"note","desc":"","links":[{"type":"ref","from":{"fname":"dendron.dev.cook","id":"a80f36d9-01d0-4c5a-a228-867b093a4913","vaultName":"dendron.dendron-site"},"value":"pkg.dendron-plugin.dev","position":{"start":{"line":263,"column":1,"offset":8934},"end":{"line":263,"column":84,"offset":9017},"indent":[]},"xvault":true,"to":{"fname":"pkg.dendron-plugin.dev","anchorHeader":"adding-a-new-config,1:#*","vaultName":"dendron.dendron-site"}},{"from":{"fname":"pkg.dendron-engine.cook","vaultName":"dendron.dendron-site"},"type":"backlink","position":{"start":{"line":22,"column":39,"offset":990},"end":{"line":22,"column":86,"offset":1037},"indent":[]},"value":"dendron.dev.cook"}],"anchors":{"building-from-clean-repo":{"type":"header","value":"building-from-clean-repo","line":9,"column":0},"install-a-new-package":{"type":"header","value":"install-a-new-package","line":18,"column":0},"add-a-new-node-package":{"type":"header","value":"add-a-new-node-package","line":34,"column":0},"using-eslint":{"type":"header","value":"using-eslint","line":53,"column":0},"add-a-new-site-config-option":{"type":"header","value":"add-a-new-site-config-option","line":57,"column":0},"using-a-local-registry":{"type":"header","value":"using-a-local-registry","line":84,"column":0},"publishing":{"type":"header","value":"publishing","line":95,"column":0},"tuning-lookup":{"type":"header","value":"tuning-lookup","line":103,"column":0},"manually-formatting-the-code":{"type":"header","value":"manually-formatting-the-code","line":251,"column":0},"git-ignore-blame":{"type":"header","value":"git-ignore-blame","line":256,"column":0},"adding-a-new-configuration-property":{"type":"header","value":"adding-a-new-configuration-property","line":268,"column":0},"synchronously-loop-through-async-results":{"type":"header","value":"synchronously-loop-through-async-results","line":272,"column":0}},"fname":"dendron.dev.cook","updated":1627619656868,"created":1599151918645,"parent":"3489b652-cd0e-4ac8-a734-08094dc043eb","children":[],"data":{},"contentHash":"6e6c74c4cccff4ee370be07b555c88f6","custom":{"stub":false}}
