{"id":"a84ff014-e871-445d-9366-d97f1ad882f1","title":"Obsidian Vs Dendron","vault":{"fsPath":"vault","name":"dendron.dendron-site"},"type":"note","desc":"","links":[{"type":"ref","from":{"fname":"dendron.alternatives.obsidian-vs-dendron","id":"a84ff014-e871-445d-9366-d97f1ad882f1","vaultName":"dendron.dendron-site"},"value":"dendron.features","position":{"start":{"line":8,"column":1,"offset":325},"end":{"line":8,"column":85,"offset":409},"indent":[]},"xvault":true,"to":{"fname":"dendron.features","anchorHeader":"extensible-and-open-source,1:#*","vaultName":"dendron.dendron-site"}},{"type":"ref","from":{"fname":"dendron.alternatives.obsidian-vs-dendron","id":"a84ff014-e871-445d-9366-d97f1ad882f1","vaultName":"dendron.dendron-site"},"value":"dendron.features","position":{"start":{"line":12,"column":1,"offset":441},"end":{"line":12,"column":77,"offset":517},"indent":[]},"xvault":true,"to":{"fname":"dendron.features","anchorHeader":"flexible-structure,1:#*","vaultName":"dendron.dendron-site"}},{"from":{"fname":"dendron.alternatives","vaultName":"dendron.dendron-site"},"type":"backlink","position":{"start":{"line":14,"column":19,"offset":1244},"end":{"line":14,"column":63,"offset":1288},"indent":[]},"value":"dendron.alternatives.obsidian-vs-dendron"}],"anchors":{"extensible-and-open-source":{"type":"header","value":"extensible-and-open-source","line":12,"column":0},"hierarchically-structured":{"type":"header","value":"hierarchically-structured","line":16,"column":0}},"fname":"dendron.alternatives.obsidian-vs-dendron","updated":1622573844660,"created":1622558883449,"parent":"b33d1803-6e4e-418f-a269-c4d4bde967cf","children":[],"data":{},"contentHash":"14c71169d071b72fa980d3dc37c88eb4","custom":{}}
