{"id":"a91fd8da-6895-49fe-8164-a17acd8d9a17","title":"Images","vault":{"fsPath":"vault","name":"dendron.dendron-site"},"type":"note","desc":"","links":[{"from":{"fname":"dendron.topic.commands","vaultName":"dendron.dendron-site"},"type":"backlink","position":{"start":{"line":485,"column":171,"offset":15223},"end":{"line":485,"column":207,"offset":15259},"indent":[]},"value":"dendron.topic.images"}],"anchors":{"copy--paste":{"type":"header","value":"copy--paste","line":8,"column":0},"inserting-saved-images":{"type":"header","value":"inserting-saved-images","line":16,"column":0}},"fname":"dendron.topic.images","updated":1595562035825,"created":1595562035825,"parent":"7a7af2fa-b9d0-4adc-81e6-f03186123539","children":[],"data":{},"contentHash":"9ae0dea6765acbaffb0b2f4019e31967","custom":{"stub":false},"schema":{"schemaId":"topic","moduleId":"dendron"}}
