{"id":"a929ff5a-b6c0-417b-a3af-d70af3626aa5","title":"Release Notes (version 0.18)","vault":{"fsPath":"vault","name":"dendron.dendron-site"},"type":"note","desc":"","links":[{"type":"wiki","from":{"fname":"dendron.release.2020-11-29","id":"a929ff5a-b6c0-417b-a3af-d70af3626aa5","vaultName":"dendron.dendron-site"},"value":"tags.office-hours","alias":"#office-hours","position":{"start":{"line":17,"column":191,"offset":547},"end":{"line":17,"column":204,"offset":560},"indent":[]},"xvault":false,"to":{"fname":"tags.office-hours"}}],"anchors":{"highlights":{"type":"header","value":"highlights","line":9,"column":0},"community":{"type":"header","value":"community","line":20,"column":0},"in-the-works":{"type":"header","value":"in-the-works","line":25,"column":0},"thanks":{"type":"header","value":"thanks","line":31,"column":0}},"fname":"dendron.release.2020-11-29","updated":1616950030049,"created":1606679635868,"parent":"932534e7-e788-4fdb-bc8c-eaf761992a8d","children":[],"data":{},"contentHash":"008fc756966c378baafcee5a4a39431e","custom":{}}
