{"id":"aa6009e6-db3d-44d8-bc60-723f03c048f7","title":"Internal","vault":{"fsPath":"vault","name":"dendron.dendron-site"},"type":"note","desc":"","links":[{"from":{"fname":"pkg.dendron-markdown.internal","vaultName":"dendron.dendron-site"},"type":"backlink","position":{"start":{"line":2,"column":1,"offset":1},"end":{"line":2,"column":74,"offset":74},"indent":[]},"value":"pkg.dendron-11ty.internal"}],"anchors":{"videos":{"type":"header","value":"videos","line":9,"column":0},"cli":{"type":"header","value":"cli","line":14,"column":0},"comiple":{"type":"header","value":"comiple","line":22,"column":0},"generate-notes":{"type":"header","value":"generate-notes","line":38,"column":0},"rendering-notes":{"type":"header","value":"rendering-notes","line":48,"column":0}},"fname":"pkg.dendron-11ty.internal","updated":1624851964536,"created":1612974783445,"parent":"a54ec55b-7624-46af-9d50-5ad734e3a80f","children":["SaBKKTvkW1OLoBItJHHBP"],"data":{},"contentHash":"853e6e760dfb8815b825344a7606f46a","custom":{}}
