{"id":"ab2b8bac-db9a-4af8-9a2b-d8a219334841","title":"Release Notes (version 0.33)","vault":{"fsPath":"vault","name":"dendron.dendron-site"},"type":"note","desc":"","links":[{"type":"wiki","from":{"fname":"dendron.release.2021-03-15","id":"ab2b8bac-db9a-4af8-9a2b-d8a219334841","vaultName":"dendron.dendron-site"},"value":"dendron.community.roles","alias":"here","position":{"start":{"line":16,"column":38,"offset":416},"end":{"line":16,"column":70,"offset":448},"indent":[]},"xvault":false,"to":{"fname":"dendron.community.roles"}},{"type":"ref","from":{"fname":"dendron.release.2021-03-15","id":"ab2b8bac-db9a-4af8-9a2b-d8a219334841","vaultName":"dendron.dendron-site"},"value":"dendron.release.changelog","position":{"start":{"line":37,"column":1,"offset":1788},"end":{"line":37,"column":42,"offset":1829},"indent":[]},"xvault":false,"to":{"fname":"dendron.release.changelog","anchorHeader":"0322:#0320"}}],"anchors":{"highlights":{"type":"header","value":"highlights","line":11,"column":0},"community":{"type":"header","value":"community","line":19,"column":0}},"fname":"dendron.release.2021-03-15","updated":1615845600370,"created":1615843960014,"parent":"932534e7-e788-4fdb-bc8c-eaf761992a8d","children":[],"data":{},"contentHash":"2496b270d06e64927065388ebcc1b0c3","custom":{}}
