{"id":"abda4d2a-d8a2-4dd6-8ea0-4a5661fa13c1","title":"Financial","vault":{"fsPath":"vault","name":"dendron.dendron-site"},"type":"note","desc":"","links":[{"from":{"fname":"dendron.contribute","vaultName":"dendron.dendron-site"},"type":"backlink","position":{"start":{"line":18,"column":1,"offset":229},"end":{"line":18,"column":34,"offset":262},"indent":[]},"value":"dendron.contribute.financial"}],"anchors":{},"fname":"dendron.contribute.financial","updated":1604236474623,"created":1604236189356,"parent":"125c990b-6fe7-4ada-a65f-44cbde8b33f0","children":[],"data":{},"contentHash":"3443183a006379529d1a38003fc97c6f","custom":{}}
