{"id":"abdfcc43-59a2-4363-abc9-72c0b6ebc2ba","title":"Internal","vault":{"fsPath":"vault","name":"dendron.dendron-site"},"type":"note","desc":"","links":[{"type":"ref","from":{"fname":"pkg.dendron-markdown.internal","id":"abdfcc43-59a2-4363-abc9-72c0b6ebc2ba","vaultName":"dendron.dendron-site"},"value":"pkg.dendron-11ty.internal","position":{"start":{"line":2,"column":1,"offset":1},"end":{"line":2,"column":74,"offset":74},"indent":[]},"xvault":true,"to":{"fname":"pkg.dendron-11ty.internal","anchorHeader":"videos,1:#*","vaultName":"dendron.dendron-site"}}],"anchors":{},"fname":"pkg.dendron-markdown.internal","updated":1621965500339,"created":1618848464499,"parent":"69746008-2fa0-4036-b443-b15076a3d6bf","children":["8289cf77-51fa-4644-96c6-b5b2c2ef62fc"],"data":{},"contentHash":"87925a8dde0cc11306d1f6bd10722317","custom":{}}
