{"id":"acd429ee-c458-421d-a087-ea0da07b64e0","title":"Migration","vault":{"fsPath":"vault","name":"dendron.dendron-site"},"type":"note","desc":"","links":[{"type":"wiki","from":{"fname":"dendron.journal.2021.02.20.migration","id":"acd429ee-c458-421d-a087-ea0da07b64e0","vaultName":"dendron.dendron-site"},"value":"dendron.release.changelog","alias":"performance and size improvements","position":{"start":{"line":6,"column":28,"offset":181},"end":{"line":6,"column":106,"offset":259},"indent":[]},"xvault":false,"to":{"fname":"dendron.release.changelog","anchorHeader":"house-cleaning"}}],"anchors":{"workspace-upgrade":{"type":"header","value":"workspace-upgrade","line":8,"column":0}},"fname":"dendron.journal.2021.02.20.migration","updated":1613844174407,"created":1613844030110,"parent":"68936a69-c876-4647-bfd3-1f95fe0cee19","children":[],"data":{},"contentHash":"6b7d0c2a5aeaf160e5a40ff922e3f068","custom":{}}
