{"id":"ad270a7d-2aed-4273-8319-eb6536e38b29","title":"Modifiers","vault":{"fsPath":"vault","name":"dendron.dendron-site"},"type":"note","desc":"","links":[{"type":"wiki","from":{"fname":"dendron.topic.lookup.modifiers","id":"ad270a7d-2aed-4273-8319-eb6536e38b29","vaultName":"dendron.dendron-site"},"value":"dendron.concepts","alias":"stub results","position":{"start":{"line":20,"column":124,"offset":754},"end":{"line":20,"column":163,"offset":793},"indent":[]},"xvault":false,"to":{"fname":"dendron.concepts","anchorHeader":"stubs"}},{"type":"wiki","from":{"fname":"dendron.topic.lookup.modifiers","id":"ad270a7d-2aed-4273-8319-eb6536e38b29","vaultName":"dendron.dendron-site"},"value":"dendron.topic.commands","alias":"Lookup Note","position":{"start":{"line":98,"column":67,"offset":3929},"end":{"line":98,"column":117,"offset":3979},"indent":[]},"xvault":false,"to":{"fname":"dendron.topic.commands","anchorHeader":"lookup-note"}},{"type":"ref","from":{"fname":"dendron.topic.lookup.modifiers","id":"ad270a7d-2aed-4273-8319-eb6536e38b29","vaultName":"dendron.dendron-site"},"value":"dendron.topic.config.vscode-config","position":{"start":{"line":51,"column":1,"offset":2183},"end":{"line":51,"column":80,"offset":2262},"indent":[]},"xvault":false,"to":{"fname":"dendron.topic.config.vscode-config","anchorHeader":"dendronlinkselectautotitlebehavior,1:#*"}},{"from":{"fname":"dendron.release.changelog","vaultName":"dendron.dendron-site"},"type":"backlink","position":{"start":{"line":20,"column":26,"offset":223},"end":{"line":20,"column":80,"offset":277},"indent":[]},"value":"dendron.topic.lookup.modifiers"},{"from":{"fname":"dendron.release.changelog","vaultName":"dendron.dendron-site"},"type":"backlink","position":{"start":{"line":53,"column":238,"offset":1552},"end":{"line":53,"column":302,"offset":1616},"indent":[]},"value":"dendron.topic.lookup.modifiers"},{"from":{"fname":"dendron.release.changelog","vaultName":"dendron.dendron-site"},"type":"backlink","position":{"start":{"line":244,"column":31,"offset":7931},"end":{"line":244,"column":106,"offset":8006},"indent":[]},"value":"dendron.topic.lookup.modifiers"},{"from":{"fname":"dendron.release.changelog","vaultName":"dendron.dendron-site"},"type":"backlink","position":{"start":{"line":577,"column":70,"offset":16397},"end":{"line":577,"column":115,"offset":16442},"indent":[]},"value":"dendron.topic.lookup.modifiers"},{"from":{"fname":"dendron.topic.commands","vaultName":"dendron.dendron-site"},"type":"backlink","position":{"start":{"line":179,"column":239,"offset":6284},"end":{"line":179,"column":283,"offset":6328},"indent":[]},"value":"dendron.topic.lookup.modifiers"},{"from":{"fname":"dendron.release.changelog.0-1-x","vaultName":"dendron.dendron-site"},"type":"backlink","position":{"start":{"line":388,"column":1,"offset":19921},"end":{"line":388,"column":54,"offset":19974},"indent":[]},"value":"dendron.topic.lookup.modifiers"},{"from":{"fname":"dendron.release.changelog.0-1-x","vaultName":"dendron.dendron-site"},"type":"backlink","position":{"start":{"line":394,"column":1,"offset":20145},"end":{"line":394,"column":53,"offset":20197},"indent":[]},"value":"dendron.topic.lookup.modifiers"},{"from":{"fname":"dendron.release.changelog.0-1-x","vaultName":"dendron.dendron-site"},"type":"backlink","position":{"start":{"line":520,"column":3,"offset":26672},"end":{"line":520,"column":52,"offset":26721},"indent":[]},"value":"dendron.topic.lookup.modifiers"},{"from":{"fname":"dendron.rfc.13.todo-notes","vaultName":"dendron.dendron-site"},"type":"backlink","position":{"start":{"line":46,"column":42,"offset":1391},"end":{"line":46,"column":92,"offset":1441},"indent":[]},"value":"dendron.topic.lookup.modifiers"},{"from":{"fname":"dendron.topic.lookup.keybindings","vaultName":"dendron.dendron-site"},"type":"backlink","position":{"start":{"line":20,"column":39,"offset":616},"end":{"line":20,"column":78,"offset":655},"indent":[]},"value":"dendron.topic.lookup.modifiers"}],"anchors":{"filtertype":{"type":"header","value":"filtertype","line":18,"column":0},"directchildonly":{"type":"header","value":"directchildonly","line":22,"column":0},"selectiontype":{"type":"header","value":"selectiontype","line":35,"column":0},"selectionextract":{"type":"header","value":"selectionextract","line":39,"column":0},"selection2link":{"type":"header","value":"selection2link","line":45,"column":0},"notetype":{"type":"header","value":"notetype","line":59,"column":0},"journal":{"type":"header","value":"journal","line":63,"column":0},"scratch":{"type":"header","value":"scratch","line":69,"column":0},"splittype":{"type":"header","value":"splittype","line":75,"column":0},"horizontal":{"type":"header","value":"horizontal","line":79,"column":0},"effecttype":{"type":"header","value":"effecttype","line":88,"column":0},"multiselect":{"type":"header","value":"multiselect","line":92,"column":0},"copywikilink":{"type":"header","value":"copywikilink","line":98,"column":0},"vaultselection":{"type":"header","value":"vaultselection","line":102,"column":0},"vault":{"type":"header","value":"vault","line":106,"column":0},"other-modifiers":{"type":"header","value":"other-modifiers","line":108,"column":0},"noconfirm":{"type":"header","value":"noconfirm","line":112,"column":0},"value":{"type":"header","value":"value","line":118,"column":0},"examples":{"type":"header","value":"examples","line":125,"column":0}},"fname":"dendron.topic.lookup.modifiers","updated":1628269349724,"created":1604883459208,"parent":"a7c3a810-28c8-4b47-96a6-8156b1524af3","children":[],"data":{},"contentHash":"2424b7522d913ac29f8a6f700c10f6f2","custom":{}}
