{"id":"adc39825-77a6-46cf-9c49-2642fcb4248e","title":"Pull Request","vault":{"fsPath":"vault","name":"dendron.dendron-site"},"type":"note","desc":"","links":[{"type":"wiki","from":{"fname":"dendron.dev.pull-request","id":"adc39825-77a6-46cf-9c49-2642fcb4248e","vaultName":"dendron.dendron-site"},"value":"dendron.community.roles","alias":"horticulturalist","position":{"start":{"line":34,"column":100,"offset":1363},"end":{"line":34,"column":161,"offset":1424},"indent":[]},"xvault":false,"to":{"fname":"dendron.community.roles","anchorHeader":"horticulturalist"}},{"type":"wiki","from":{"fname":"dendron.dev.pull-request","id":"adc39825-77a6-46cf-9c49-2642fcb4248e","vaultName":"dendron.dendron-site"},"value":"dendron.dev.qa","alias":"test","position":{"start":{"line":37,"column":13,"offset":1467},"end":{"line":37,"column":50,"offset":1504},"indent":[]},"xvault":false,"to":{"fname":"dendron.dev.qa","anchorHeader":"writing-tests"}},{"type":"wiki","from":{"fname":"dendron.dev.pull-request","id":"adc39825-77a6-46cf-9c49-2642fcb4248e","vaultName":"dendron.dendron-site"},"value":"dendron.dev.qa","alias":"tests","position":{"start":{"line":38,"column":34,"offset":1558},"end":{"line":38,"column":76,"offset":1600},"indent":[]},"xvault":false,"to":{"fname":"dendron.dev.qa","anchorHeader":"running-all-tests"}},{"type":"wiki","from":{"fname":"dendron.dev.pull-request","id":"adc39825-77a6-46cf-9c49-2642fcb4248e","vaultName":"dendron.dendron-site"},"value":"dendron.dev.qa","alias":"test Workspace","position":{"start":{"line":40,"column":56,"offset":1814},"end":{"line":40,"column":104,"offset":1862},"indent":[]},"xvault":false,"to":{"fname":"dendron.dev.qa","anchorHeader":"test-workspace"}},{"type":"ref","from":{"fname":"dendron.dev.pull-request","id":"adc39825-77a6-46cf-9c49-2642fcb4248e","vaultName":"dendron.dendron-site"},"value":"dendron.dev.qa.sop","position":{"start":{"line":47,"column":1,"offset":2472},"end":{"line":47,"column":36,"offset":2507},"indent":[]},"xvault":false,"to":{"fname":"dendron.dev.qa.sop","anchorHeader":"checklist,1"}},{"from":{"fname":"dendron.dev.setup","vaultName":"dendron.dendron-site"},"type":"backlink","position":{"start":{"line":57,"column":13,"offset":2178},"end":{"line":57,"column":54,"offset":2219},"indent":[]},"value":"dendron.dev.pull-request"},{"from":{"fname":"pkg.dendron-next-server.dev","vaultName":"dendron.dendron-site"},"type":"backlink","position":{"start":{"line":28,"column":7,"offset":1287},"end":{"line":28,"column":48,"offset":1328},"indent":[]},"value":"dendron.dev.pull-request"}],"anchors":{"summary":{"type":"header","value":"summary","line":8,"column":0},"commit-style":{"type":"header","value":"commit-style","line":12,"column":0},"checklist":{"type":"header","value":"checklist","line":36,"column":0},"first-time-pull-request":{"type":"header","value":"first-time-pull-request","line":38,"column":0},"general":{"type":"header","value":"general","line":42,"column":0},"qa-checklist":{"type":"header","value":"qa-checklist","line":52,"column":0}},"fname":"dendron.dev.pull-request","updated":1628258444822,"created":1623430616135,"parent":"3489b652-cd0e-4ac8-a734-08094dc043eb","children":[],"data":{},"contentHash":"47d7cd749c0b5124a030fe6cdcfadaf9","custom":{}}
