{"id":"ae4a0c98-e2ea-47e0-8a20-016eba3424be","title":"2 Managed Publishing","vault":{"fsPath":"vault","name":"dendron.dendron-site"},"type":"note","desc":"","links":[{"from":{"fname":"dendron.release.2021-02-22","vaultName":"dendron.dendron-site"},"type":"backlink","position":{"start":{"line":11,"column":22,"offset":228},"end":{"line":11,"column":77,"offset":283},"indent":[]},"value":"dendron.rfc.2-managed-publishing"},{"from":{"fname":"dendron.topic.managed-publishing","vaultName":"dendron.dendron-site"},"type":"backlink","position":{"start":{"line":5,"column":3,"offset":96},"end":{"line":5,"column":66,"offset":159},"indent":[]},"value":"dendron.rfc.2-managed-publishing"}],"anchors":{"goal":{"type":"header","value":"goal","line":8,"column":0},"tenants":{"type":"header","value":"tenants","line":12,"column":0},"product":{"type":"header","value":"product","line":15,"column":0},"features":{"type":"header","value":"features","line":24,"column":0},"upcoming-features":{"type":"header","value":"upcoming-features","line":30,"column":0},"pricing":{"type":"header","value":"pricing","line":39,"column":0},"faq":{"type":"header","value":"faq","line":43,"column":0},"what-if-i-want-to-publish-using-my-own-provider":{"type":"header","value":"what-if-i-want-to-publish-using-my-own-provider","line":45,"column":0}},"fname":"dendron.rfc.2-managed-publishing","updated":1615745443004,"created":1611853430165,"parent":"f143ca38-dcc6-4cd3-b84b-997aec1160ef","children":["8f3f56fe-e45c-41d8-a8f0-f21f822b4877"],"data":{},"contentHash":"300a657388162520adcc7b6fd9e0723e","custom":{}}
