{"id":"af17fd9e-d7d7-4e6c-a2c2-a3bd9ee3be18","title":"Startup","vault":{"fsPath":"vault","name":"dendron.dendron-site"},"type":"note","desc":"","links":[{"from":{"fname":"pkg.dendron-engine.arch","vaultName":"dendron.dendron-site"},"type":"backlink","position":{"start":{"line":43,"column":3,"offset":1444},"end":{"line":43,"column":58,"offset":1499},"indent":[]},"value":"pkg.dendron-engine.internal.startup"}],"anchors":{"engine-initialize---store-logic":{"type":"header","value":"engine-initialize---store-logic","line":9,"column":0},"noteparser":{"type":"header","value":"noteparser","line":59,"column":0},"parse":{"type":"header","value":"parse","line":61,"column":0},"parsenoteprops":{"type":"header","value":"parsenoteprops","line":97,"column":0}},"fname":"pkg.dendron-engine.internal.startup","updated":1626916008876,"created":1619225744179,"parent":"26be950a-eaf3-4684-bddd-64be52273b73","children":[],"data":{},"contentHash":"2f1870e607eb0bbf13a93a87fe88f460","custom":{}}
