{"id":"b01d9f1d-a289-412c-8e42-bbfac02ed843","title":"Community building","vault":{"fsPath":"vault","name":"dendron.dendron-site"},"type":"note","desc":"","links":[{"from":{"fname":"dendron.roadmap.project","vaultName":"dendron.dendron-site"},"type":"backlink","position":{"start":{"line":12,"column":3,"offset":574},"end":{"line":12,"column":75,"offset":646},"indent":[]},"value":"dendron.roadmap.project.n.2020.community-building"}],"anchors":{"goals":{"type":"header","value":"goals","line":8,"column":0},"details":{"type":"header","value":"details","line":12,"column":0},"tasks":{"type":"header","value":"tasks","line":14,"column":0},"release-notes":{"type":"header","value":"release-notes","line":16,"column":0}},"fname":"dendron.roadmap.project.n.2020.community-building","updated":1599501757503,"created":1599501757503,"parent":"58247dfb-55b4-4269-9b37-42a90a0045ef","children":[],"data":{},"contentHash":"85a56e63308edaa19456e16c4130ab5e","custom":{"stub":false}}
