{"id":"b0313bed-3a7d-4368-bf60-e9f3d4e19c17","title":"Lookup Modifiers","vault":{"fsPath":"vault","name":"dendron.dendron-site"},"type":"note","desc":"","links":[{"type":"wiki","from":{"fname":"pkg.dendron-plugin.internal.lookup-modifiers","id":"b0313bed-3a7d-4368-bf60-e9f3d4e19c17","vaultName":"dendron.dendron-site"},"value":"pkg.dendron-plugin.internal.lookup-createNewNote","alias":"_onAcceptNewNote","position":{"start":{"line":22,"column":7,"offset":282},"end":{"line":22,"column":93,"offset":368},"indent":[]},"xvault":false,"to":{"fname":"pkg.dendron-plugin.internal.lookup-createNewNote","anchorHeader":"_onacceptnewnote"}},{"from":{"fname":"pkg.dendron-plugin.internal","vaultName":"dendron.dendron-site"},"type":"backlink","position":{"start":{"line":66,"column":3,"offset":778},"end":{"line":66,"column":93,"offset":868},"indent":[]},"value":"pkg.dendron-plugin.internal.lookup-modifiers"}],"anchors":{"updatepickerbehavior":{"type":"header","value":"updatepickerbehavior","line":7,"column":0},"_onacceptnewnote":{"type":"header","value":"_onacceptnewnote","line":26,"column":0},"pickeroncreate":{"type":"header","value":"pickeroncreate","line":30,"column":0}},"fname":"pkg.dendron-plugin.internal.lookup-modifiers","updated":1618676177955,"created":1618674343209,"parent":"4b8f0470-dacb-433b-8d0c-f5a7d8f5245d","children":[],"data":{},"contentHash":"a175cc8475932bf87a70762b819a7e8e","custom":{}}
