{"id":"b08155fe-c5c6-4d4c-a737-d500923f35ad","title":"Testimonials","vault":{"fsPath":"vault","name":"dendron.dendron-site"},"type":"note","desc":"","links":[{"type":"ref","from":{"fname":"dendron.testimonials","id":"b08155fe-c5c6-4d4c-a737-d500923f35ad","vaultName":"dendron.dendron-site"},"value":"dendron.testimonials.*","position":{"start":{"line":3,"column":1,"offset":242},"end":{"line":3,"column":28,"offset":269},"indent":[]},"xvault":false,"to":{"fname":"dendron.testimonials.*"}}],"anchors":{},"fname":"dendron.testimonials","updated":1614907260928,"created":1599596104324,"parent":"b0fe6ef7-1553-4280-bc45-a71824c2ce36","children":["b2d58198-bead-4209-bf7b-f86ef76d0f23","e6e596c7-6407-457b-b90d-9f2006aa9e51","d666ae06-f507-4b29-9edc-f64a9f8defb1","18610562-e4a0-4730-b15f-0d3f84eea105","02d6e57d-e097-428c-8564-72a943fcf38e","c8c2dda3-cce1-4ecd-828b-f24cc2e8002a","e836000e-2ef9-4d9e-af11-1bdfde171a52","4ad7ee77-86c3-4a01-a525-14e7d7f8acad","33d46152-89dd-4d7b-a4b6-1223d4fa8df8","6cffc9d4-b6d3-4201-a2af-3372d7485f58","fe51b6a5-b0ac-4b8e-9045-2de4f1f8db11","2367a2af-c216-414b-88bf-02acd9d4eca4","0ddffabc-c78b-4765-a3df-8ffa35dd1391","cd55a110-0597-4d55-99d7-2bd63787959e","1a7d8768-2056-448e-b587-9f56c104f5b3"],"data":{},"contentHash":"421092319922d061f217de73b58f3bc8","custom":{"stub":false,"nav_order":2.1}}
