{"id":"b0fe6ef7-1553-4280-bc45-a71824c2ce36","title":"Dendron","vault":{"fsPath":"vault","name":"dendron.dendron-site"},"type":"note","desc":"","links":[{"type":"wiki","from":{"fname":"dendron","id":"b0fe6ef7-1553-4280-bc45-a71824c2ce36","vaultName":"dendron.dendron-site"},"value":"dendron.topic.hierarchies","alias":"hierarchies","position":{"start":{"line":13,"column":357,"offset":1645},"end":{"line":13,"column":398,"offset":1686},"indent":[]},"xvault":false,"to":{"fname":"dendron.topic.hierarchies"}},{"type":"wiki","from":{"fname":"dendron","id":"b0fe6ef7-1553-4280-bc45-a71824c2ce36","vaultName":"dendron.dendron-site"},"value":"dendron.topic.schema","alias":"schemas","position":{"start":{"line":13,"column":400,"offset":1688},"end":{"line":13,"column":432,"offset":1720},"indent":[]},"xvault":false,"to":{"fname":"dendron.topic.schema"}},{"type":"wiki","from":{"fname":"dendron","id":"b0fe6ef7-1553-4280-bc45-a71824c2ce36","vaultName":"dendron.dendron-site"},"value":"dendron.topic.lookup","alias":"path based lookups","position":{"start":{"line":13,"column":438,"offset":1726},"end":{"line":13,"column":481,"offset":1769},"indent":[]},"xvault":false,"to":{"fname":"dendron.topic.lookup"}},{"type":"wiki","from":{"fname":"dendron","id":"b0fe6ef7-1553-4280-bc45-a71824c2ce36","vaultName":"dendron.dendron-site"},"value":"dendron.ref.transcript","alias":"here","position":{"start":{"line":44,"column":52,"offset":3208},"end":{"line":44,"column":83,"offset":3239},"indent":[]},"xvault":false,"to":{"fname":"dendron.ref.transcript"}},{"type":"wiki","from":{"fname":"dendron","id":"b0fe6ef7-1553-4280-bc45-a71824c2ce36","vaultName":"dendron.dendron-site"},"value":"dendron.features","alias":"features","position":{"start":{"line":54,"column":14,"offset":3733},"end":{"line":54,"column":43,"offset":3762},"indent":[]},"xvault":false,"to":{"fname":"dendron.features"}},{"type":"wiki","from":{"fname":"dendron","id":"b0fe6ef7-1553-4280-bc45-a71824c2ce36","vaultName":"dendron.dendron-site"},"value":"dendron.tutorial","alias":"getting started","position":{"start":{"line":58,"column":52,"offset":3868},"end":{"line":58,"column":88,"offset":3904},"indent":[]},"xvault":false,"to":{"fname":"dendron.tutorial"}},{"type":"wiki","from":{"fname":"dendron","id":"b0fe6ef7-1553-4280-bc45-a71824c2ce36","vaultName":"dendron.dendron-site"},"value":"dendron.faq","alias":"FAQ","position":{"start":{"line":72,"column":9,"offset":4747},"end":{"line":72,"column":28,"offset":4766},"indent":[]},"xvault":false,"to":{"fname":"dendron.faq"}},{"type":"ref","from":{"fname":"dendron","id":"b0fe6ef7-1553-4280-bc45-a71824c2ce36","vaultName":"dendron.dendron-site"},"value":"dendron.guides.install","position":{"start":{"line":36,"column":1,"offset":2614},"end":{"line":36,"column":28,"offset":2641},"indent":[]},"xvault":false,"to":{"fname":"dendron.guides.install"}},{"from":{"fname":"dendron.jobs.senior-full-stack-engineer","vaultName":"dendron.dendron-site"},"type":"backlink","position":{"start":{"line":41,"column":1,"offset":2082},"end":{"line":41,"column":29,"offset":2110},"indent":[]},"value":"dendron"}],"anchors":{"use-cases":{"type":"header","value":"use-cases","line":27,"column":0},"getting-started":{"type":"header","value":"getting-started","line":42,"column":0},"onboarding":{"type":"header","value":"onboarding","line":45,"column":0},"join-us":{"type":"header","value":"join-us","line":53,"column":0},"features":{"type":"header","value":"features","line":59,"column":0},"getting-started-1":{"type":"header","value":"getting-started-1","line":63,"column":0},"motivation":{"type":"header","value":"motivation","line":67,"column":0},"you-are-here":{"type":"header","value":"you-are-here","line":71,"column":0},"faq":{"type":"header","value":"faq","line":77,"column":0},"contributing":{"type":"header","value":"contributing","line":81,"column":0},"license":{"type":"header","value":"license","line":85,"column":0}},"fname":"dendron","updated":1626979298358,"created":1595952505017,"parent":null,"children":["b33d1803-6e4e-418f-a269-c4d4bde967cf","8cdebdcd-f8b1-497a-a1b4-199443f48297","34ee4bcf-60e9-4031-a4c0-26113b5acb80","f9540bb6-7a5a-46db-ae7c-e1a606f28c73","6f4cd441-f883-4e75-871b-b7f93895c91b","c6fd6bc4-7f75-4cbb-8f34-f7b99bfe2d50","125c990b-6fe7-4ada-a65f-44cbde8b33f0","3489b652-cd0e-4ac8-a734-08094dc043eb","683740e3-70ce-4a47-a1f4-1f140e80b558","4bb85c39-d8ac-48ad-a765-3f2a071f7bc9","02c2d7b6-2ea2-4e15-9894-9dead50d5ca2","c378b702-7d49-4e91-be6e-b2078103c86e","923d1bad-74fa-4aff-bac3-9e1792db886f","3bf95ba0-8d6e-4bfc-b46e-c0c66cdab2ee","7fcebd7d-6411-4c9d-8baf-65629dc018a1","0f9967bc-d657-496f-9b4b-d1c7ebfd496c","f308164e-faff-43a1-8d34-72ed060275b0","932534e7-e788-4fdb-bc8c-eaf761992a8d","f143ca38-dcc6-4cd3-b84b-997aec1160ef","6e4c4f61-80a3-46fa-9ad3-04b99d9e9695","9688f51b-49fb-4012-8845-0012f0dcf56f","8e2272bd-ad24-4806-b588-da2bcfa6ea11","b08155fe-c5c6-4d4c-a737-d500923f35ad","7a7af2fa-b9d0-4adc-81e6-f03186123539","678c77d9-ef2c-4537-97b5-64556d6337f1","05774b2e-ebf7-4bbc-8171-ad191ba0ae0a","9313b845-d9bf-42c9-aad1-0da34794ce26"],"data":{},"contentHash":"5486920d14ffe87a2c2b0121cf402c30","custom":{"stub":false,"nav_order":0,"permalink":"/"},"schema":{"schemaId":"dendron","moduleId":"dendron"}}
