{"id":"b1919663-cc48-4054-b0cf-4b26fe444907","title":"Math","vault":{"fsPath":"vault","name":"dendron.dendron-site"},"type":"note","desc":"","links":[],"anchors":{"examples":{"type":"header","value":"examples","line":12,"column":0},"inline":{"type":"header","value":"inline","line":14,"column":0},"block":{"type":"header","value":"block","line":24,"column":0},"cook":{"type":"header","value":"cook","line":39,"column":0},"turn-off-inline-rendering":{"type":"header","value":"turn-off-inline-rendering","line":41,"column":0}},"fname":"dendron.topic.math","updated":1617734746489,"created":1609036713270,"parent":"7a7af2fa-b9d0-4adc-81e6-f03186123539","children":[],"data":{},"contentHash":"ff6079873f07c721a70977b4d9b263f6","custom":{},"schema":{"schemaId":"topic","moduleId":"dendron"}}
