{"id":"b1dbd32d-ca87-4489-9ba0-01bf7928cba5","title":"Pods v0","vault":{"fsPath":"vault","name":"dendron.dendron-site"},"type":"note","desc":"","links":[{"type":"wiki","from":{"fname":"dendron.roadmap.project.n.2020.pods","id":"b1dbd32d-ca87-4489-9ba0-01bf7928cba5","vaultName":"dendron.dendron-site"},"value":"tags.pods","alias":"#pods","position":{"start":{"line":15,"column":148,"offset":1880},"end":{"line":15,"column":153,"offset":1885},"indent":[]},"xvault":false,"to":{"fname":"tags.pods"}},{"type":"wiki","from":{"fname":"dendron.roadmap.project.n.2020.pods","id":"b1dbd32d-ca87-4489-9ba0-01bf7928cba5","vaultName":"dendron.dendron-site"},"value":"dendron.topic.pod","alias":"dendron.topic.pod","position":{"start":{"line":38,"column":3,"offset":2327},"end":{"line":38,"column":24,"offset":2348},"indent":[]},"xvault":false,"to":{"fname":"dendron.topic.pod"}},{"type":"wiki","from":{"fname":"dendron.roadmap.project.n.2020.pods","id":"b1dbd32d-ca87-4489-9ba0-01bf7928cba5","vaultName":"dendron.dendron-site"},"value":"dendron.roadmap.project.scratch.2020.09.07-164009","alias":"pod proposal issue","position":{"start":{"line":39,"column":3,"offset":2351},"end":{"line":39,"column":75,"offset":2423},"indent":[]},"xvault":false,"to":{"fname":"dendron.roadmap.project.scratch.2020.09.07-164009"}},{"from":{"fname":"dendron.roadmap.project","vaultName":"dendron.dendron-site"},"type":"backlink","position":{"start":{"line":6,"column":3,"offset":171},"end":{"line":6,"column":47,"offset":215},"indent":[]},"value":"dendron.roadmap.project.n.2020.pods"}],"anchors":{"goal":{"type":"header","value":"goal","line":11,"column":0},"details":{"type":"header","value":"details","line":15,"column":0},"tasks":{"type":"header","value":"tasks","line":27,"column":0},"next":{"type":"header","value":"next","line":36,"column":0},"links":{"type":"header","value":"links","line":41,"column":0},"related":{"type":"header","value":"related","line":46,"column":0}},"fname":"dendron.roadmap.project.n.2020.pods","updated":1603139155412,"created":1599499136050,"parent":"58247dfb-55b4-4269-9b37-42a90a0045ef","children":[],"data":{},"contentHash":"d05b49921d47cfc5c3a8c9b7b1afebc4","custom":{"stub":false,"start":"2020.09.07","end":"2020.09.29","status":"In Progress"}}
