{"id":"b239c77e-52f2-4cc3-8390-69e0bc776a72","title":"Debugging","vault":{"fsPath":"vault","name":"dendron.dendron-site"},"type":"note","desc":"","links":[{"type":"wiki","from":{"fname":"dendron.dev.debug","id":"b239c77e-52f2-4cc3-8390-69e0bc776a72","vaultName":"dendron.dendron-site"},"value":"pkg.dendron-plugin","alias":"Dendron Plugin","position":{"start":{"line":4,"column":94,"offset":106},"end":{"line":4,"column":131,"offset":143},"indent":[]},"xvault":false,"to":{"fname":"pkg.dendron-plugin"}},{"type":"wiki","from":{"fname":"dendron.dev.debug","id":"b239c77e-52f2-4cc3-8390-69e0bc776a72","vaultName":"dendron.dendron-site"},"value":"pkg.dendron-api-server","alias":"Dendron API Server","position":{"start":{"line":4,"column":147,"offset":159},"end":{"line":4,"column":192,"offset":204},"indent":[]},"xvault":false,"to":{"fname":"pkg.dendron-api-server"}},{"type":"wiki","from":{"fname":"dendron.dev.debug","id":"b239c77e-52f2-4cc3-8390-69e0bc776a72","vaultName":"dendron.dendron-site"},"value":"pkg.dendron-plugin.qa.debug","alias":"here","position":{"start":{"line":6,"column":49,"offset":256},"end":{"line":6,"column":85,"offset":292},"indent":[]},"xvault":false,"to":{"fname":"pkg.dendron-plugin.qa.debug"}},{"type":"wiki","from":{"fname":"dendron.dev.debug","id":"b239c77e-52f2-4cc3-8390-69e0bc776a72","vaultName":"dendron.dendron-site"},"value":"pkg.dendron-api-server.qa.debug","alias":"here","position":{"start":{"line":8,"column":40,"offset":334},"end":{"line":8,"column":80,"offset":374},"indent":[]},"xvault":false,"to":{"fname":"pkg.dendron-api-server.qa.debug"}},{"from":{"fname":"pkg.dendron-next-server.dev","vaultName":"dendron.dendron-site"},"type":"backlink","position":{"start":{"line":22,"column":56,"offset":981},"end":{"line":22,"column":95,"offset":1020},"indent":[]},"value":"dendron.dev.debug"}],"anchors":{"summary":{"type":"header","value":"summary","line":9,"column":0}},"fname":"dendron.dev.debug","updated":1627140585393,"created":1598653859135,"parent":"3489b652-cd0e-4ac8-a734-08094dc043eb","children":[],"data":{},"contentHash":"925905f423f6c3f97e12c07148a0a1a9","custom":{"stub":false},"schema":{"schemaId":"debug","moduleId":"dendron"}}
