{"id":"b33d1ad0-e50e-4af0-9c7c-758baad38e79","title":"Faq","vault":{"fsPath":"vault","name":"dendron.dendron-site"},"type":"note","desc":"","links":[{"type":"wiki","from":{"fname":"dendron.rfc.14-seed-bank.faq","id":"b33d1ad0-e50e-4af0-9c7c-758baad38e79","vaultName":"dendron.dendron-site"},"value":"dendron.ref.status","alias":"Next Phase ⏩","position":{"start":{"line":9,"column":3,"offset":195},"end":{"line":9,"column":50,"offset":242},"indent":[]},"xvault":false,"to":{"fname":"dendron.ref.status","anchorHeader":"next-phase-"}},{"type":"wiki","from":{"fname":"dendron.rfc.14-seed-bank.faq","id":"b33d1ad0-e50e-4af0-9c7c-758baad38e79","vaultName":"dendron.dendron-site"},"value":"dendron.topic.references","alias":"reference","position":{"start":{"line":36,"column":11,"offset":1221},"end":{"line":36,"column":65,"offset":1275},"indent":[]},"xvault":false,"to":{"fname":"dendron.topic.references","anchorHeader":"block-reference"}}],"anchors":{"general":{"type":"header","value":"general","line":8,"column":0},"conflicting-schemas":{"type":"header","value":"conflicting-schemas","line":10,"column":0},"hosting-private-registries":{"type":"header","value":"hosting-private-registries","line":14,"column":0},"workflow":{"type":"header","value":"workflow","line":19,"column":0},"upgrading-seeds":{"type":"header","value":"upgrading-seeds","line":21,"column":0},"make-contributions-to-seeds":{"type":"header","value":"make-contributions-to-seeds","line":25,"column":0},"publishing":{"type":"header","value":"publishing","line":29,"column":0},"why-be-part-of-the-seed-bank":{"type":"header","value":"why-be-part-of-the-seed-bank","line":31,"column":0}},"fname":"dendron.rfc.14-seed-bank.faq","updated":1623124067112,"created":1623021892393,"parent":"4039fc46-06b2-4f83-b817-fc490bafbcb3","children":[],"data":{},"contentHash":"15340147f02fc765027891014adb5a54","custom":{}}
