{"id":"b33d1803-6e4e-418f-a269-c4d4bde967cf","title":"Dendron Alternatives","vault":{"fsPath":"vault","name":"dendron.dendron-site"},"type":"note","desc":"","links":[{"type":"wiki","from":{"fname":"dendron.alternatives","id":"b33d1803-6e4e-418f-a269-c4d4bde967cf","vaultName":"dendron.dendron-site"},"value":"dendron.contribute.documentation","alias":"here","position":{"start":{"line":4,"column":126,"offset":322},"end":{"line":4,"column":167,"offset":363},"indent":[]},"xvault":false,"to":{"fname":"dendron.contribute.documentation"}},{"type":"wiki","from":{"fname":"dendron.alternatives","id":"b33d1803-6e4e-418f-a269-c4d4bde967cf","vaultName":"dendron.dendron-site"},"value":"dendron.alternatives.notion-vs-dendron","alias":"dendron.alternatives.notion-vs-dendron","position":{"start":{"line":13,"column":19,"offset":1079},"end":{"line":13,"column":61,"offset":1121},"indent":[]},"xvault":false,"to":{"fname":"dendron.alternatives.notion-vs-dendron"}},{"type":"wiki","from":{"fname":"dendron.alternatives","id":"b33d1803-6e4e-418f-a269-c4d4bde967cf","vaultName":"dendron.dendron-site"},"value":"dendron.alternatives.obsidian-vs-dendron","alias":"dendron.alternatives.obsidian-vs-dendron","position":{"start":{"line":14,"column":19,"offset":1244},"end":{"line":14,"column":63,"offset":1288},"indent":[]},"xvault":false,"to":{"fname":"dendron.alternatives.obsidian-vs-dendron"}},{"type":"wiki","from":{"fname":"dendron.alternatives","id":"b33d1803-6e4e-418f-a269-c4d4bde967cf","vaultName":"dendron.dendron-site"},"value":"dendron.alternatives.roam-vs-dendron","alias":"dendron.alternatives.roam-vs-dendron","position":{"start":{"line":15,"column":19,"offset":1409},"end":{"line":15,"column":59,"offset":1449},"indent":[]},"xvault":false,"to":{"fname":"dendron.alternatives.roam-vs-dendron"}},{"type":"wiki","from":{"fname":"dendron.alternatives","id":"b33d1803-6e4e-418f-a269-c4d4bde967cf","vaultName":"dendron.dendron-site"},"value":"dendron.alternatives.foam-vs-dendron","alias":"dendron.alternatives.foam-vs-dendron","position":{"start":{"line":16,"column":19,"offset":1574},"end":{"line":16,"column":59,"offset":1614},"indent":[]},"xvault":false,"to":{"fname":"dendron.alternatives.foam-vs-dendron"}},{"type":"ref","from":{"fname":"dendron.alternatives","id":"b33d1803-6e4e-418f-a269-c4d4bde967cf","vaultName":"dendron.dendron-site"},"value":"dendron.faq","position":{"start":{"line":6,"column":1,"offset":365},"end":{"line":6,"column":71,"offset":435},"indent":[]},"xvault":false,"to":{"fname":"dendron.faq","anchorHeader":"how-is-dendron-different-from-x-note-taking-tool,1:#*"}},{"from":{"fname":"dendron.release.2021-06-07","vaultName":"dendron.dendron-site"},"type":"backlink","position":{"start":{"line":51,"column":9,"offset":1803},"end":{"line":51,"column":59,"offset":1853},"indent":[]},"value":"dendron.alternatives"}],"anchors":{},"fname":"dendron.alternatives","updated":1622997336593,"created":1615999699967,"parent":"b0fe6ef7-1553-4280-bc45-a71824c2ce36","children":["p5fMTi-6zOyX1TwhL6dM0","9de065ab-4802-4580-93a6-769e94a599c8","a84ff014-e871-445d-9366-d97f1ad882f1","ca35f923-ee90-4655-8db2-3ec7eabd7f1a"],"data":{},"contentHash":"979e7588e36d9e197fd2ff727ffc32bd","custom":{"nav_order":5,"published":true}}
