{"id":"b5736273-85ad-4d0c-bb30-89c92a3941da","title":"Ref","vault":{"fsPath":"vault","name":"dendron.dendron-site"},"type":"note","desc":"","links":[],"anchors":{},"fname":"dendron.dev.ref","updated":1604418668529,"created":1604418668529,"parent":"3489b652-cd0e-4ac8-a734-08094dc043eb","children":["5e164216-c464-4a6f-ae85-a6f5cbc787e7","10e86d42-e3e3-4aae-92ad-c086b776f34e","3307c16e-69d9-48cd-b1cc-1dfe88274191"],"data":{},"contentHash":"1b07cee6ef6244d32d50e3022688430b","custom":{"stub":false}}
