{"id":"b58801fc-43a9-4d42-a58b-eabc3e8538cb","title":"Documentation","vault":{"fsPath":"vault","name":"dendron.dendron-site"},"type":"note","desc":"","links":[{"from":{"fname":"dendron.alternatives","vaultName":"dendron.dendron-site"},"type":"backlink","position":{"start":{"line":4,"column":126,"offset":322},"end":{"line":4,"column":167,"offset":363},"indent":[]},"value":"dendron.contribute.documentation"},{"from":{"fname":"dendron.contribute","vaultName":"dendron.dendron-site"},"type":"backlink","position":{"start":{"line":14,"column":1,"offset":161},"end":{"line":14,"column":51,"offset":211},"indent":[]},"value":"dendron.contribute.documentation"}],"anchors":{"summary":{"type":"header","value":"summary","line":8,"column":0},"making-changes-on-github":{"type":"header","value":"making-changes-on-github","line":11,"column":0},"making-changes-via-pull-request":{"type":"header","value":"making-changes-via-pull-request","line":27,"column":0}},"fname":"dendron.contribute.documentation","updated":1612846119097,"created":1604235766390,"parent":"125c990b-6fe7-4ada-a65f-44cbde8b33f0","children":[],"data":{},"contentHash":"076fcc08021347bc0b5d147c5ed46278","custom":{}}
