{"id":"b5db61c8-9d48-449a-b6b4-2750d3be1a6f","title":"Release Notes (version 0.27)","vault":{"fsPath":"vault","name":"dendron.dendron-site"},"type":"note","desc":"","links":[{"type":"wiki","from":{"fname":"dendron.release.2021-02-01","id":"b5db61c8-9d48-449a-b6b4-2750d3be1a6f","vaultName":"dendron.dendron-site"},"value":"dendron.topic.commands","alias":"docs","position":{"start":{"line":5,"column":58,"offset":103},"end":{"line":5,"column":99,"offset":144},"indent":[]},"xvault":false,"to":{"fname":"dendron.topic.commands","anchorHeader":"move-note"}},{"type":"wiki","from":{"fname":"dendron.release.2021-02-01","id":"b5db61c8-9d48-449a-b6b4-2750d3be1a6f","vaultName":"dendron.dendron-site"},"value":"dendron.topic.publishing.selective-publication","alias":"docs","position":{"start":{"line":6,"column":42,"offset":187},"end":{"line":6,"column":106,"offset":251},"indent":[]},"xvault":false,"to":{"fname":"dendron.topic.publishing.selective-publication","anchorHeader":"403-page"}},{"type":"wiki","from":{"fname":"dendron.release.2021-02-01","id":"b5db61c8-9d48-449a-b6b4-2750d3be1a6f","vaultName":"dendron.dendron-site"},"value":"dendron.community.roles","alias":"here","position":{"start":{"line":12,"column":38,"offset":464},"end":{"line":12,"column":70,"offset":496},"indent":[]},"xvault":false,"to":{"fname":"dendron.community.roles"}},{"type":"wiki","from":{"fname":"dendron.release.2021-02-01","id":"b5db61c8-9d48-449a-b6b4-2750d3be1a6f","vaultName":"dendron.dendron-site"},"value":"dendron.guides.upgrading","alias":"here for dendron-11ty and dendron cli","position":{"start":{"line":33,"column":32,"offset":1070},"end":{"line":33,"column":127,"offset":1165},"indent":[]},"xvault":false,"to":{"fname":"dendron.guides.upgrading","anchorHeader":"dendron-cli-and-dendron-11ty"}},{"type":"ref","from":{"fname":"dendron.release.2021-02-01","id":"b5db61c8-9d48-449a-b6b4-2750d3be1a6f","vaultName":"dendron.dendron-site"},"value":"dendron.release.changelog","position":{"start":{"line":35,"column":1,"offset":1167},"end":{"line":35,"column":42,"offset":1208},"indent":[]},"xvault":false,"to":{"fname":"dendron.release.changelog","anchorHeader":"0261:#0253"}}],"anchors":{"highlights":{"type":"header","value":"highlights","line":9,"column":0},"community":{"type":"header","value":"community","line":15,"column":0},"version-numbers":{"type":"header","value":"version-numbers","line":25,"column":0}},"fname":"dendron.release.2021-02-01","updated":1612208194965,"created":1612204959344,"parent":"932534e7-e788-4fdb-bc8c-eaf761992a8d","children":[],"data":{},"contentHash":"1e4b503ba672a19764b9427674a233b8","custom":{}}
