{"id":"b81810f7-4d47-4870-ad2c-d4e48a49aa22","title":"Seeds v0","vault":{"fsPath":"vault","name":"dendron.dendron-site"},"type":"note","desc":"","links":[{"type":"wiki","from":{"fname":"dendron.roadmap.project.n.2020.seeds","id":"b81810f7-4d47-4870-ad2c-d4e48a49aa22","vaultName":"dendron.dendron-site"},"value":"tags.wip","alias":"#wip","position":{"start":{"line":15,"column":60,"offset":1121},"end":{"line":15,"column":64,"offset":1125},"indent":[]},"xvault":false,"to":{"fname":"tags.wip"}},{"from":{"fname":"dendron.roadmap.project","vaultName":"dendron.dendron-site"},"type":"backlink","position":{"start":{"line":7,"column":3,"offset":218},"end":{"line":7,"column":57,"offset":272},"indent":[]},"value":"dendron.roadmap.project.n.2020.seeds"},{"from":{"fname":"dendron.release.changelog.0-1-x","vaultName":"dendron.dendron-site"},"type":"backlink","position":{"start":{"line":807,"column":7,"offset":39852},"end":{"line":807,"column":56,"offset":39901},"indent":[]},"value":"dendron.roadmap.project.n.2020.seeds"}],"anchors":{"goal":{"type":"header","value":"goal","line":11,"column":0},"details":{"type":"header","value":"details","line":15,"column":0},"tasks":{"type":"header","value":"tasks","line":21,"column":0},"next":{"type":"header","value":"next","line":29,"column":0},"links":{"type":"header","value":"links","line":35,"column":0}},"fname":"dendron.roadmap.project.n.2020.seeds","updated":1599498995178,"created":1599498995178,"parent":"58247dfb-55b4-4269-9b37-42a90a0045ef","children":[],"data":{},"contentHash":"0857db77e1ce9d31e1e6c43ae3b42cbf","custom":{"stub":false,"start":2020.09,"end":"2020.09.19","status":"Done"}}
