{"id":"ba8cf4c5-6254-4eca-8072-8001ca5afda7","title":"11 Better Tree View","vault":{"fsPath":"vault","name":"dendron.dendron-site"},"type":"note","desc":"","links":[],"anchors":{"overview":{"type":"header","value":"overview","line":9,"column":0},"goals":{"type":"header","value":"goals","line":12,"column":0},"context":{"type":"header","value":"context","line":17,"column":0},"proposal":{"type":"header","value":"proposal","line":21,"column":0},"details":{"type":"header","value":"details","line":26,"column":0},"iteration":{"type":"header","value":"iteration","line":28,"column":0},"phase-i---migrate-existing-functionality":{"type":"header","value":"phase-i---migrate-existing-functionality","line":30,"column":0},"phase-ii---add-new-functionality":{"type":"header","value":"phase-ii---add-new-functionality","line":40,"column":0},"example":{"type":"header","value":"example","line":46,"column":0},"tradeoffs":{"type":"header","value":"tradeoffs","line":48,"column":0},"discussion":{"type":"header","value":"discussion","line":50,"column":0}},"fname":"dendron.rfc.11-better-tree-view","updated":1620311053256,"created":1620263936049,"parent":"f143ca38-dcc6-4cd3-b84b-997aec1160ef","children":[],"data":{},"contentHash":"8bcf18e38a9de32d19fb1f4da03efac2","custom":{"status":"draft"}}
