{"id":"ba97866b-889f-4ac6-86e7-bb2d97f6e376","title":"Markdown","vault":{"fsPath":"vault","name":"dendron.dendron-site"},"type":"note","desc":"","links":[{"type":"wiki","from":{"fname":"dendron.topic.markdown","id":"ba97866b-889f-4ac6-86e7-bb2d97f6e376","vaultName":"dendron.dendron-site"},"value":"dendron.topic.markdown","alias":"frontmatter variable substitution","position":{"start":{"line":212,"column":118,"offset":4205},"end":{"line":212,"column":212,"offset":4299},"indent":[]},"xvault":false,"to":{"fname":"dendron.topic.markdown","anchorHeader":"frontmatter-variable-substitution"}},{"type":"wiki","from":{"fname":"dendron.topic.markdown","id":"ba97866b-889f-4ac6-86e7-bb2d97f6e376","vaultName":"dendron.dendron-site"},"value":"dendron.topic.config.dendron","alias":"mermaid in the config","position":{"start":{"line":271,"column":61,"offset":5825},"end":{"line":271,"column":132,"offset":5896},"indent":[]},"xvault":false,"to":{"fname":"dendron.topic.config.dendron","anchorHeader":"mermaid-optional"}},{"type":"wiki","from":{"fname":"dendron.topic.markdown","id":"ba97866b-889f-4ac6-86e7-bb2d97f6e376","vaultName":"dendron.dendron-site"},"value":"dendron.topic.pod.builtin.markdown","alias":"markdown pod","position":{"start":{"line":327,"column":17,"offset":7129},"end":{"line":327,"column":68,"offset":7180},"indent":[]},"xvault":false,"to":{"fname":"dendron.topic.pod.builtin.markdown"}},{"from":{"fname":"dendron.release.2021-01-11","vaultName":"dendron.dendron-site"},"type":"backlink","position":{"start":{"line":7,"column":38,"offset":193},"end":{"line":7,"column":103,"offset":258},"indent":[]},"value":"dendron.topic.markdown"},{"from":{"fname":"dendron.release.2021-01-11","vaultName":"dendron.dendron-site"},"type":"backlink","position":{"start":{"line":9,"column":53,"offset":377},"end":{"line":9,"column":100,"offset":424},"indent":[]},"value":"dendron.topic.markdown"},{"from":{"fname":"dendron.release.2021-01-25","vaultName":"dendron.dendron-site"},"type":"backlink","position":{"start":{"line":6,"column":44,"offset":182},"end":{"line":6,"column":84,"offset":222},"indent":[]},"value":"dendron.topic.markdown"},{"from":{"fname":"dendron.topic.markdown","vaultName":"dendron.dendron-site"},"type":"backlink","position":{"start":{"line":212,"column":118,"offset":4205},"end":{"line":212,"column":212,"offset":4299},"indent":[]},"value":"dendron.topic.markdown"},{"from":{"fname":"dendron.workflows.academics","vaultName":"dendron.dendron-site"},"type":"backlink","position":{"start":{"line":5,"column":1,"offset":143},"end":{"line":5,"column":43,"offset":185},"indent":[]},"value":"dendron.topic.markdown"},{"from":{"fname":"dendron.release.changelog.0-2-x","vaultName":"dendron.dendron-site"},"type":"backlink","position":{"start":{"line":8,"column":49,"offset":111},"end":{"line":8,"column":111,"offset":173},"indent":[]},"value":"dendron.topic.markdown"},{"from":{"fname":"dendron.release.changelog.0-2-x","vaultName":"dendron.dendron-site"},"type":"backlink","position":{"start":{"line":133,"column":46,"offset":3969},"end":{"line":133,"column":86,"offset":4009},"indent":[]},"value":"dendron.topic.markdown"},{"from":{"fname":"dendron.release.changelog.0-2-x","vaultName":"dendron.dendron-site"},"type":"backlink","position":{"start":{"line":265,"column":54,"offset":8516},"end":{"line":265,"column":95,"offset":8557},"indent":[]},"value":"dendron.topic.markdown"},{"from":{"fname":"dendron.release.changelog.0-2-x","vaultName":"dendron.dendron-site"},"type":"backlink","position":{"start":{"line":277,"column":51,"offset":8770},"end":{"line":277,"column":95,"offset":8814},"indent":[]},"value":"dendron.topic.markdown"},{"from":{"fname":"dendron.topic.config.dendron","vaultName":"dendron.dendron-site"},"type":"backlink","position":{"start":{"line":34,"column":19,"offset":856},"end":{"line":34,"column":70,"offset":907},"indent":[]},"value":"dendron.topic.markdown"}],"anchors":{"markdown-basics":{"type":"header","value":"markdown-basics","line":10,"column":0},"what-is-markdown":{"type":"header","value":"what-is-markdown","line":14,"column":0},"syntax-guide":{"type":"header","value":"syntax-guide","line":18,"column":0},"headers":{"type":"header","value":"headers","line":20,"column":0},"emphasis":{"type":"header","value":"emphasis","line":36,"column":0},"lists":{"type":"header","value":"lists","line":52,"column":0},"unordered-list":{"type":"header","value":"unordered-list","line":54,"column":0},"ordered-list":{"type":"header","value":"ordered-list","line":63,"column":0},"definition-list":{"type":"header","value":"definition-list","line":73,"column":0},"images":{"type":"header","value":"images","line":84,"column":0},"links":{"type":"header","value":"links","line":91,"column":0},"blockquote":{"type":"header","value":"blockquote","line":98,"column":0},"horizontal-rule":{"type":"header","value":"horizontal-rule","line":107,"column":0},"inline-code":{"type":"header","value":"inline-code","line":125,"column":0},"fenced-code-block":{"type":"header","value":"fenced-code-block","line":132,"column":0},"syntax-highlighting":{"type":"header","value":"syntax-highlighting","line":136,"column":0},"task-lists":{"type":"header","value":"task-lists","line":156,"column":0},"extended-syntax":{"type":"header","value":"extended-syntax","line":164,"column":0},"tables":{"type":"header","value":"tables","line":168,"column":0},"abbreviation":{"type":"header","value":"abbreviation","line":185,"column":0},"footnotes":{"type":"header","value":"footnotes","line":196,"column":0},"frontmatter-variable-substitution":{"type":"header","value":"frontmatter-variable-substitution","line":204,"column":0},"nunjuck-templates":{"type":"header","value":"nunjuck-templates","line":208,"column":0},"diagrams":{"type":"header","value":"diagrams","line":253,"column":0},"folding":{"type":"header","value":"folding","line":279,"column":0},"vscode-specific-commands":{"type":"header","value":"vscode-specific-commands","line":305,"column":0},"markdown-smart-select":{"type":"header","value":"markdown-smart-select","line":307,"column":0},"compatibility-with-commonmark":{"type":"header","value":"compatibility-with-commonmark","line":327,"column":0},"other-resources":{"type":"header","value":"other-resources","line":335,"column":0},"references":{"type":"header","value":"references","line":341,"column":0}},"fname":"dendron.topic.markdown","updated":1627571705988,"created":1598673110284,"parent":"7a7af2fa-b9d0-4adc-81e6-f03186123539","children":[],"data":{},"contentHash":"24c5085c7ce6f4a2c6d0484f196dca50","custom":{},"schema":{"schemaId":"topic","moduleId":"dendron"}}
