{"id":"bd0ab316-7cf4-4a6a-b5d0-29c539642975","title":"11ty","vault":{"fsPath":"vault","name":"dendron.dendron-site"},"type":"note","desc":"","links":[{"type":"wiki","from":{"fname":"pkg.11ty","id":"bd0ab316-7cf4-4a6a-b5d0-29c539642975","vaultName":"dendron.dendron-site"},"value":"dendron.ref.status","alias":"Work In Progress 🚧","position":{"start":{"line":4,"column":11,"offset":23},"end":{"line":4,"column":71,"offset":83},"indent":[]},"xvault":false,"to":{"fname":"dendron.ref.status","anchorHeader":"work-in-progress-"}},{"from":{"fname":"pkg","vaultName":"dendron.dendron-site"},"type":"backlink","position":{"start":{"line":7,"column":5,"offset":114},"end":{"line":7,"column":22,"offset":131},"indent":[]},"value":"pkg.11ty"}],"anchors":{"summary":{"type":"header","value":"summary","line":9,"column":0}},"fname":"pkg.11ty","updated":1621447136906,"created":1612244129458,"parent":"32cdd4aa-d9f6-4582-8d0c-07f64a00299b","children":[],"data":{},"contentHash":"7a76029b857823a840c10bd63c25cae6","custom":{}}
