{"id":"bddecea3-7b64-440b-876d-fcaa0d18bb5f","title":"Quickstart","vault":{"fsPath":"vault","name":"dendron.dendron-site"},"type":"note","desc":"Getting started with the project\n","links":[{"type":"wiki","from":{"fname":"pkg.dendron-plugin.quickstart","id":"bddecea3-7b64-440b-876d-fcaa0d18bb5f","vaultName":"dendron.dendron-site"},"value":"dendron.dev.setup","alias":"here","position":{"start":{"line":2,"column":36,"offset":36},"end":{"line":2,"column":62,"offset":62},"indent":[]},"xvault":false,"to":{"fname":"dendron.dev.setup"}}],"anchors":{},"fname":"pkg.dendron-plugin.quickstart","updated":1621359926584,"created":1621356462365,"parent":"87d90002-f480-45eb-a8c4-d00df4d61557","children":[],"data":{},"contentHash":"0d91a2ef2458b40c2a818d41538c313b","custom":{}}
