{"id":"be12c6a8-14d4-4a10-ae28-d8e0bb78397d","title":"Troubleshooting","vault":{"fsPath":"vault","name":"dendron.dendron-site"},"type":"note","desc":"","links":[],"anchors":{"errors":{"type":"header","value":"errors","line":8,"column":0},"noteprops-is-undefined":{"type":"header","value":"noteprops-is-undefined","line":10,"column":0},"hook-x-has-missing-script":{"type":"header","value":"hook-x-has-missing-script","line":14,"column":0}},"fname":"dendron.topic.hooks.troubleshooting","updated":1620495892921,"created":1620495892921,"parent":"12551d19-04c2-4d26-ac1e-d23ff3181a9c","children":[],"data":{},"contentHash":"028755e83837581f41bfdc763713f0ee","custom":{}}
