{"id":"bf26c697-3e70-4e34-b15d-ef40c4b7d429","title":"Notes","vault":{"fsPath":"vault","name":"dendron.dendron-site"},"type":"note","desc":"","links":[{"from":{"fname":"dendron.dev.qa","vaultName":"dendron.dendron-site"},"type":"backlink","position":{"start":{"line":8,"column":3,"offset":302},"end":{"line":8,"column":41,"offset":340},"indent":[]},"value":"dendron.dev.qa.notes"},{"from":{"fname":"dendron.release.2021-01-18","vaultName":"dendron.dendron-site"},"type":"backlink","position":{"start":{"line":32,"column":5,"offset":1483},"end":{"line":32,"column":46,"offset":1524},"indent":[]},"value":"dendron.dev.qa.notes"}],"anchors":{"session-goal":{"type":"header","value":"session-goal","line":10,"column":0},"watch":{"type":"header","value":"watch","line":14,"column":0},"testing-in-dendron":{"type":"header","value":"testing-in-dendron","line":25,"column":0}},"fname":"dendron.dev.qa.notes","updated":1610816370506,"created":1610816231328,"parent":"cb22bd36-d45a-4ffd-a31e-96c4b39cb7fb","children":[],"data":{},"contentHash":"021a010c303428c8ca5bcf0f8014f0dd","custom":{}}
