{"id":"BZHowLgEOrWthrWI","title":"QA Sop","vault":{"fsPath":"vault","name":"dendron.dendron-site"},"type":"note","desc":"","links":[{"type":"wiki","from":{"fname":"dendron.dev.qa.sop","id":"BZHowLgEOrWthrWI","vaultName":"dendron.dendron-site"},"value":"dendron.dev.qa","alias":"updated","position":{"start":{"line":7,"column":79,"offset":149},"end":{"line":7,"column":129,"offset":199},"indent":[]},"xvault":false,"to":{"fname":"dendron.dev.qa","anchorHeader":"updating-test-snapshots"}},{"from":{"fname":"dendron.dev.pull-request","vaultName":"dendron.dendron-site"},"type":"backlink","position":{"start":{"line":47,"column":1,"offset":2472},"end":{"line":47,"column":36,"offset":2507},"indent":[]},"value":"dendron.dev.qa.sop"}],"anchors":{"checklist":{"type":"header","value":"checklist","line":9,"column":0},"case-specific":{"type":"header","value":"case-specific","line":12,"column":0}},"fname":"dendron.dev.qa.sop","updated":1626886457946,"created":1626369413296,"parent":"cb22bd36-d45a-4ffd-a31e-96c4b39cb7fb","children":[],"data":{},"contentHash":"0f5f31912013bbc623b4e8fff68eda34","custom":{}}
