{"id":"c116cc0b-2c65-48d8-ac77-53502228d398","title":"Pods Core","vault":{"fsPath":"vault","name":"dendron.dendron-site"},"type":"note","desc":"","links":[{"type":"wiki","from":{"fname":"pkg.pods-core","id":"c116cc0b-2c65-48d8-ac77-53502228d398","vaultName":"dendron.dendron-site"},"value":"dendron.topic.pod","alias":"Pod","position":{"start":{"line":5,"column":10,"offset":23},"end":{"line":5,"column":35,"offset":48},"indent":[]},"xvault":false,"to":{"fname":"dendron.topic.pod"}},{"from":{"fname":"pkg","vaultName":"dendron.dendron-site"},"type":"backlink","position":{"start":{"line":13,"column":5,"offset":356},"end":{"line":13,"column":22,"offset":373},"indent":[]},"value":"pkg.pods-core"}],"anchors":{"summary":{"type":"header","value":"summary","line":9,"column":0}},"fname":"pkg.pods-core","updated":1622151991177,"created":1622151970847,"parent":"32cdd4aa-d9f6-4582-8d0c-07f64a00299b","children":["f4f48436-c54b-4ead-96d0-47493a859050","ajtoysmHRz3_9DLPVnItk","2bda7516-7af7-4e9c-9225-6d5ec76a7151"],"data":{},"contentHash":"906ad218967e7600fca9bbfea7a688ef","custom":{}}
