{"id":"c160ddce-edec-4f6e-841b-418d6030fa37","title":"Design","vault":{"fsPath":"vault","name":"dendron.dendron-site"},"type":"note","desc":"","links":[{"type":"wiki","from":{"fname":"dendron.dev.design","id":"c160ddce-edec-4f6e-841b-418d6030fa37","vaultName":"dendron.dendron-site"},"value":"dendron.topic.cli","alias":"CLI","position":{"start":{"line":9,"column":15,"offset":250},"end":{"line":9,"column":40,"offset":275},"indent":[]},"xvault":false,"to":{"fname":"dendron.topic.cli"}},{"type":"wiki","from":{"fname":"dendron.dev.design","id":"c160ddce-edec-4f6e-841b-418d6030fa37","vaultName":"dendron.dendron-site"},"value":"dendron.topic.cli","alias":"launchEngineServer","position":{"start":{"line":11,"column":59,"offset":599},"end":{"line":11,"column":118,"offset":658},"indent":[]},"xvault":false,"to":{"fname":"dendron.topic.cli","anchorHeader":"launchengineserver"}},{"type":"wiki","from":{"fname":"dendron.dev.design","id":"c160ddce-edec-4f6e-841b-418d6030fa37","vaultName":"dendron.dendron-site"},"value":"dendron.dev.design","alias":"Dendron Engine","position":{"start":{"line":16,"column":14,"offset":706},"end":{"line":16,"column":66,"offset":758},"indent":[]},"xvault":false,"to":{"fname":"dendron.dev.design","anchorHeader":"dendron-engine"}},{"type":"wiki","from":{"fname":"dendron.dev.design","id":"c160ddce-edec-4f6e-841b-418d6030fa37","vaultName":"dendron.dendron-site"},"value":"dendron.dev.design","alias":"Dendron Engine","position":{"start":{"line":21,"column":14,"offset":844},"end":{"line":21,"column":66,"offset":896},"indent":[]},"xvault":false,"to":{"fname":"dendron.dev.design","anchorHeader":"dendron-engine"}},{"type":"wiki","from":{"fname":"dendron.dev.design","id":"c160ddce-edec-4f6e-841b-418d6030fa37","vaultName":"dendron.dendron-site"},"value":"dendron.dev.design","alias":"Dendron API Server","position":{"start":{"line":26,"column":14,"offset":1015},"end":{"line":26,"column":74,"offset":1075},"indent":[]},"xvault":false,"to":{"fname":"dendron.dev.design","anchorHeader":"dendron-api-server"}},{"type":"wiki","from":{"fname":"dendron.dev.design","id":"c160ddce-edec-4f6e-841b-418d6030fa37","vaultName":"dendron.dendron-site"},"value":"pkg","alias":"here","position":{"start":{"line":80,"column":75,"offset":2988},"end":{"line":80,"column":87,"offset":3000},"indent":[]},"xvault":false,"to":{"fname":"pkg"}},{"type":"ref","from":{"fname":"dendron.dev.design","id":"c160ddce-edec-4f6e-841b-418d6030fa37","vaultName":"dendron.dendron-site"},"value":"pkg.dendron-engine.arch","position":{"start":{"line":7,"column":1,"offset":155},"end":{"line":7,"column":80,"offset":234},"indent":[]},"xvault":true,"to":{"fname":"pkg.dendron-engine.arch","anchorHeader":"initialization,1:#*","vaultName":"dendron.dendron-site"}},{"from":{"fname":"dendron.dev.design","vaultName":"dendron.dendron-site"},"type":"backlink","position":{"start":{"line":16,"column":14,"offset":706},"end":{"line":16,"column":66,"offset":758},"indent":[]},"value":"dendron.dev.design"},{"from":{"fname":"dendron.dev.design","vaultName":"dendron.dendron-site"},"type":"backlink","position":{"start":{"line":21,"column":14,"offset":844},"end":{"line":21,"column":66,"offset":896},"indent":[]},"value":"dendron.dev.design"},{"from":{"fname":"dendron.dev.design","vaultName":"dendron.dendron-site"},"type":"backlink","position":{"start":{"line":26,"column":14,"offset":1015},"end":{"line":26,"column":74,"offset":1075},"indent":[]},"value":"dendron.dev.design"},{"from":{"fname":"dendron.dev.qa","vaultName":"dendron.dendron-site"},"type":"backlink","position":{"start":{"line":146,"column":27,"offset":4648},"end":{"line":146,"column":65,"offset":4686},"indent":[]},"value":"dendron.dev.design"},{"from":{"fname":"dendron.dev.qa","vaultName":"dendron.dendron-site"},"type":"backlink","position":{"start":{"line":152,"column":98,"offset":5070},"end":{"line":152,"column":150,"offset":5122},"indent":[]},"value":"dendron.dev.design"},{"from":{"fname":"dendron.guides.troubleshooting","vaultName":"dendron.dendron-site"},"type":"backlink","position":{"start":{"line":234,"column":18,"offset":8342},"end":{"line":234,"column":62,"offset":8386},"indent":[]},"value":"dendron.dev.design"},{"from":{"fname":"dendron.release.2021-05-31","vaultName":"dendron.dendron-site"},"type":"backlink","position":{"start":{"line":23,"column":7,"offset":742},"end":{"line":23,"column":52,"offset":787},"indent":[]},"value":"dendron.dev.design"},{"from":{"fname":"pkg.dendron-engine.qa","vaultName":"dendron.dendron-site"},"type":"backlink","position":{"start":{"line":12,"column":54,"offset":275},"end":{"line":12,"column":90,"offset":311},"indent":[]},"value":"dendron.dev.design"},{"from":{"fname":"pkg.dendron-engine.qa","vaultName":"dendron.dendron-site"},"type":"backlink","position":{"start":{"line":12,"column":106,"offset":327},"end":{"line":12,"column":156,"offset":377},"indent":[]},"value":"dendron.dev.design"}],"anchors":{"overview":{"type":"header","value":"overview","line":8,"column":0},"concepts":{"type":"header","value":"concepts","line":20,"column":0},"engine":{"type":"header","value":"engine","line":22,"column":0},"engine-client":{"type":"header","value":"engine-client","line":27,"column":0},"engine-server":{"type":"header","value":"engine-server","line":32,"column":0},"major-components":{"type":"header","value":"major-components","line":38,"column":0},"dendron-plugin":{"type":"header","value":"dendron-plugin","line":40,"column":0},"dendron-engine":{"type":"header","value":"dendron-engine","line":46,"column":0},"dendron-api-server":{"type":"header","value":"dendron-api-server","line":52,"column":0},"dendron-next-server":{"type":"header","value":"dendron-next-server","line":59,"column":0},"other-components":{"type":"header","value":"other-components","line":65,"column":0},"dendron-common-all":{"type":"header","value":"dendron-common-all","line":66,"column":0},"dendron-common-server":{"type":"header","value":"dendron-common-server","line":72,"column":0},"dendron-cli":{"type":"header","value":"dendron-cli","line":79,"column":0},"next":{"type":"header","value":"next","line":86,"column":0}},"fname":"dendron.dev.design","updated":1624400710614,"created":1598651922993,"parent":"3489b652-cd0e-4ac8-a734-08094dc043eb","children":["fc73e5c7-d0fa-43d3-9c45-943c67d8afdb","849ee8ee-05a5-47bf-b44d-d7c257117bc4","da241d31-8a05-429c-a041-02ac6170bf20","99f7dd68-b2dc-46d0-a556-8a607223dc25","92a4f470-1803-4dce-8872-1a7009d8500b","8ec553b8-5dfc-4a72-b73f-25c8e59d1538","d8a09d7b-8693-437c-8a2c-2bfe0b3c2768","6a801f8a-af4a-4665-9ee5-144877e7cad7"],"data":{},"contentHash":"ae5ca08b4875ec7578f990ab8ae5448a","custom":{"stub":false},"schema":{"schemaId":"design","moduleId":"dendron"}}
