{"id":"c378b702-7d49-4e91-be6e-b2078103c86e","title":"Jobs","vault":{"fsPath":"vault","name":"dendron.dendron-site"},"type":"note","desc":"","links":[{"from":{"fname":"dendron.blog.2021-04-09-dendron-inc","vaultName":"dendron.dendron-site"},"type":"backlink","position":{"start":{"line":26,"column":13,"offset":3846},"end":{"line":26,"column":36,"offset":3869},"indent":[]},"value":"dendron.jobs"}],"anchors":{},"fname":"dendron.jobs","updated":1618003431996,"created":1616983302480,"parent":"b0fe6ef7-1553-4280-bc45-a71824c2ce36","children":["OL44br0YkIKmhlWk","7K1nizLK9AJkOwjQ","MMrQN7haAkDZIJJs"],"data":{},"contentHash":"ffe65b68ae136cfe2d168842fe2bdb05","custom":{"nav_order":9.7,"image":"https://org-dendron-public-assets.s3.amazonaws.com/images/infinidash.png","excerpt":"Dendron is looking good people to help us build the IDE for general knowledge"}}
