{"id":"c3800271-dd56-46fb-8de7-e850f3c006b7","title":"Org Mode","vault":{"fsPath":"vault","name":"dendron.dendron-site"},"type":"note","desc":"","links":[],"anchors":{"goals":{"type":"header","value":"goals","line":8,"column":0},"details":{"type":"header","value":"details","line":12,"column":0},"proposals":{"type":"header","value":"proposals","line":16,"column":0},"1-support-fileorg-files":{"type":"header","value":"1-support-fileorg-files","line":21,"column":0},"2-support--syntax-within--files":{"type":"header","value":"2-support--syntax-within--files","line":32,"column":0},"thoughts":{"type":"header","value":"thoughts","line":42,"column":0},"next":{"type":"header","value":"next","line":52,"column":0}},"fname":"dendron.roadmap.project.n.backlog.org-mode","updated":1608485548393,"created":1602131829574,"parent":"529fb02a-3ca9-4fbc-bcba-9435f8d13e89","children":[],"data":{},"contentHash":"c6cf3ac5f6a0104a7be1b527f4a62e84","custom":{"stub":false}}
