{"id":"c4cb56af-ec13-4e57-aede-eb341e870736","title":"Quality of Life Improvements (QoL) v0","vault":{"fsPath":"vault","name":"dendron.dendron-site"},"type":"note","desc":"","links":[{"from":{"fname":"dendron.roadmap.project","vaultName":"dendron.dendron-site"},"type":"backlink","position":{"start":{"line":9,"column":3,"offset":348},"end":{"line":9,"column":70,"offset":415},"indent":[]},"value":"dendron.roadmap.project.n.2020.qol"}],"anchors":{"goals":{"type":"header","value":"goals","line":11,"column":0},"details":{"type":"header","value":"details","line":15,"column":0},"tasks":{"type":"header","value":"tasks","line":19,"column":0},"next":{"type":"header","value":"next","line":29,"column":0},"links":{"type":"header","value":"links","line":34,"column":0}},"fname":"dendron.roadmap.project.n.2020.qol","updated":1599501500764,"created":1599501500764,"parent":"58247dfb-55b4-4269-9b37-42a90a0045ef","children":[],"data":{},"contentHash":"fcd68bc463c2e8034198420ba09c0ccb","custom":{"stub":false,"start":"2020.10.07","end":"2020.10.29","status":"Next"}}
