{"id":"c4cf5519-f7c2-4a23-b93b-1c9a02880f6b","title":"Workspace","vault":{"fsPath":"vault","name":"dendron.dendron-site"},"type":"note","desc":"","links":[{"type":"wiki","from":{"fname":"dendron.ref.workspace","id":"c4cf5519-f7c2-4a23-b93b-1c9a02880f6b","vaultName":"dendron.dendron-site"},"value":"dendron.topic.vaults","alias":"vaults","position":{"start":{"line":7,"column":57,"offset":294},"end":{"line":7,"column":88,"offset":325},"indent":[]},"xvault":false,"to":{"fname":"dendron.topic.vaults"}},{"type":"wiki","from":{"fname":"dendron.ref.workspace","id":"c4cf5519-f7c2-4a23-b93b-1c9a02880f6b","vaultName":"dendron.dendron-site"},"value":"dendron.topic.vaults","alias":"workspace vaults","position":{"start":{"line":21,"column":121,"offset":1125},"end":{"line":21,"column":178,"offset":1182},"indent":[]},"xvault":false,"to":{"fname":"dendron.topic.vaults","anchorHeader":"workspace-vault"}},{"type":"wiki","from":{"fname":"dendron.ref.workspace","id":"c4cf5519-f7c2-4a23-b93b-1c9a02880f6b","vaultName":"dendron.dendron-site"},"value":"dendron.topic.vaults","alias":"Workspace Vaults","position":{"start":{"line":48,"column":339,"offset":2225},"end":{"line":48,"column":396,"offset":2282},"indent":[]},"xvault":false,"to":{"fname":"dendron.topic.vaults","anchorHeader":"workspace-vault"}},{"from":{"fname":"dendron.concepts","vaultName":"dendron.dendron-site"},"type":"backlink","position":{"start":{"line":15,"column":1,"offset":978},"end":{"line":15,"column":37,"offset":1014},"indent":[]},"value":"dendron.ref.workspace"},{"from":{"fname":"dendron.guides.best-practices","vaultName":"dendron.dendron-site"},"type":"backlink","position":{"start":{"line":36,"column":30,"offset":1566},"end":{"line":36,"column":86,"offset":1622},"indent":[]},"value":"dendron.ref.workspace"},{"from":{"fname":"dendron.release.changelog","vaultName":"dendron.dendron-site"},"type":"backlink","position":{"start":{"line":461,"column":46,"offset":14155},"end":{"line":461,"column":91,"offset":14200},"indent":[]},"value":"dendron.ref.workspace"},{"from":{"fname":"dendron.rfc.14-seed-bank","vaultName":"dendron.dendron-site"},"type":"backlink","position":{"start":{"line":3,"column":38,"offset":47},"end":{"line":3,"column":74,"offset":83},"indent":[]},"value":"dendron.ref.workspace"},{"from":{"fname":"dendron.topic.cli","vaultName":"dendron.dendron-site"},"type":"backlink","position":{"start":{"line":297,"column":167,"offset":8621},"end":{"line":297,"column":223,"offset":8677},"indent":[]},"value":"dendron.ref.workspace"},{"from":{"fname":"dendron.topic.commands","vaultName":"dendron.dendron-site"},"type":"backlink","position":{"start":{"line":397,"column":1,"offset":12897},"end":{"line":397,"column":88,"offset":12984},"indent":[]},"value":"dendron.ref.workspace"},{"from":{"fname":"dendron.topic.commands","vaultName":"dendron.dendron-site"},"type":"backlink","position":{"start":{"line":401,"column":1,"offset":13007},"end":{"line":401,"column":75,"offset":13081},"indent":[]},"value":"dendron.ref.workspace"},{"from":{"fname":"dendron.topic.seed-bank","vaultName":"dendron.dendron-site"},"type":"backlink","position":{"start":{"line":4,"column":38,"offset":50},"end":{"line":4,"column":74,"offset":86},"indent":[]},"value":"dendron.ref.workspace"},{"from":{"fname":"dendron.topic.config.dendron","vaultName":"dendron.dendron-site"},"type":"backlink","position":{"start":{"line":100,"column":5,"offset":2453},"end":{"line":100,"column":89,"offset":2537},"indent":[]},"value":"dendron.ref.workspace"},{"from":{"fname":"dendron.topic.config.dendron","vaultName":"dendron.dendron-site"},"type":"backlink","position":{"start":{"line":102,"column":10,"offset":2567},"end":{"line":102,"column":76,"offset":2633},"indent":[]},"value":"dendron.ref.workspace"},{"from":{"fname":"dendron.roadmap.project.n.2020.multi-vault","vaultName":"dendron.dendron-site"},"type":"backlink","position":{"start":{"line":14,"column":1,"offset":725},"end":{"line":14,"column":40,"offset":764},"indent":[]},"value":"dendron.ref.workspace"}],"anchors":{"summary":{"type":"header","value":"summary","line":9,"column":0},"commands":{"type":"header","value":"commands","line":15,"column":0},"workspace-add-and-commit":{"type":"header","value":"workspace-add-and-commit","line":17,"column":0},"workspace-sync":{"type":"header","value":"workspace-sync","line":21,"column":0},"configuration-options":{"type":"header","value":"configuration-options","line":46,"column":0},"sync":{"type":"header","value":"sync","line":48,"column":0},"nocommit":{"type":"header","value":"nocommit","line":52,"column":0},"nopush":{"type":"header","value":"nopush","line":56,"column":0},"skip":{"type":"header","value":"skip","line":60,"column":0}},"fname":"dendron.ref.workspace","updated":1623008236045,"created":1622841295415,"parent":"f308164e-faff-43a1-8d34-72ed060275b0","children":[],"data":{},"contentHash":"e2d96fc76c3174a66823ea3c62966537","custom":{}}
