{"id":"c5e5adde-5459-409b-b34d-a0d75cbb1052","title":"Schemas","vault":{"fsPath":"vault","name":"dendron.dendron-site"},"type":"note","desc":"","links":[{"type":"wiki","from":{"fname":"dendron.topic.schema","id":"c5e5adde-5459-409b-b34d-a0d75cbb1052","vaultName":"dendron.dendron-site"},"value":"dendron.topic.lookup","alias":"lookup","position":{"start":{"line":237,"column":114,"offset":6375},"end":{"line":237,"column":145,"offset":6406},"indent":[]},"xvault":false,"to":{"fname":"dendron.topic.lookup"}},{"type":"wiki","from":{"fname":"dendron.topic.schema","id":"c5e5adde-5459-409b-b34d-a0d75cbb1052","vaultName":"dendron.dendron-site"},"value":"dendron.topic.vaults","alias":"remote Vault","position":{"start":{"line":242,"column":69,"offset":6724},"end":{"line":242,"column":113,"offset":6768},"indent":[]},"xvault":false,"to":{"fname":"dendron.topic.vaults","anchorHeader":"remote"}},{"type":"ref","from":{"fname":"dendron.topic.schema","id":"c5e5adde-5459-409b-b34d-a0d75cbb1052","vaultName":"dendron.dendron-site"},"value":"dendron.topic.schema","position":{"start":{"line":256,"column":1,"offset":7289},"end":{"line":256,"column":36,"offset":7324},"indent":[]},"xvault":false,"to":{"fname":"dendron.topic.schema","anchorHeader":"parent:#*"}},{"from":{"fname":"dendron","vaultName":"dendron.dendron-site"},"type":"backlink","position":{"start":{"line":13,"column":400,"offset":1688},"end":{"line":13,"column":432,"offset":1720},"indent":[]},"value":"dendron.topic.schema"},{"from":{"fname":"dendron.faq","vaultName":"dendron.dendron-site"},"type":"backlink","position":{"start":{"line":44,"column":51,"offset":3379},"end":{"line":44,"column":83,"offset":3411},"indent":[]},"value":"dendron.topic.schema"},{"from":{"fname":"dendron.features","vaultName":"dendron.dendron-site"},"type":"backlink","position":{"start":{"line":19,"column":480,"offset":1251},"end":{"line":19,"column":512,"offset":1283},"indent":[]},"value":"dendron.topic.schema"},{"from":{"fname":"dendron.alternatives.foam-vs-dendron","vaultName":"dendron.dendron-site"},"type":"backlink","position":{"start":{"line":11,"column":61,"offset":807},"end":{"line":11,"column":93,"offset":839},"indent":[]},"value":"dendron.topic.schema"},{"from":{"fname":"dendron.guides.tips","vaultName":"dendron.dendron-site"},"type":"backlink","position":{"start":{"line":400,"column":16,"offset":13505},"end":{"line":400,"column":66,"offset":13555},"indent":[]},"value":"dendron.topic.schema"},{"from":{"fname":"dendron.rfc.5-publishing-registry","vaultName":"dendron.dendron-site"},"type":"backlink","position":{"start":{"line":27,"column":24,"offset":775},"end":{"line":27,"column":56,"offset":807},"indent":[]},"value":"dendron.topic.schema"},{"from":{"fname":"dendron.topic.hierarchies","vaultName":"dendron.dendron-site"},"type":"backlink","position":{"start":{"line":53,"column":110,"offset":1591},"end":{"line":53,"column":141,"offset":1622},"indent":[]},"value":"dendron.topic.schema"},{"from":{"fname":"dendron.topic.hierarchies","vaultName":"dendron.dendron-site"},"type":"backlink","position":{"start":{"line":86,"column":27,"offset":2379},"end":{"line":86,"column":57,"offset":2409},"indent":[]},"value":"dendron.topic.schema"},{"from":{"fname":"dendron.topic.schema","vaultName":"dendron.dendron-site"},"type":"backlink","position":{"start":{"line":256,"column":1,"offset":7289},"end":{"line":256,"column":36,"offset":7324},"indent":[]},"value":"dendron.topic.schema"},{"from":{"fname":"dendron.topic.templates","vaultName":"dendron.dendron-site"},"type":"backlink","position":{"start":{"line":8,"column":208,"offset":1039},"end":{"line":8,"column":257,"offset":1088},"indent":[]},"value":"dendron.topic.schema"},{"from":{"fname":"dendron.workflows.bullet-journal","vaultName":"dendron.dendron-site"},"type":"backlink","position":{"start":{"line":20,"column":1,"offset":590},"end":{"line":20,"column":40,"offset":629},"indent":[]},"value":"dendron.topic.schema"},{"from":{"fname":"dendron.workflows.cache","vaultName":"dendron.dendron-site"},"type":"backlink","position":{"start":{"line":12,"column":3,"offset":507},"end":{"line":12,"column":43,"offset":547},"indent":[]},"value":"dendron.topic.schema"},{"from":{"fname":"dendron.release.changelog.0-1-x","vaultName":"dendron.dendron-site"},"type":"backlink","position":{"start":{"line":529,"column":1,"offset":27104},"end":{"line":529,"column":48,"offset":27151},"indent":[]},"value":"dendron.topic.schema"},{"from":{"fname":"dendron.release.changelog.0-3-x","vaultName":"dendron.dendron-site"},"type":"backlink","position":{"start":{"line":156,"column":12,"offset":4281},"end":{"line":156,"column":68,"offset":4337},"indent":[]},"value":"dendron.topic.schema"},{"from":{"fname":"dendron.topic.lookup.schemas","vaultName":"dendron.dendron-site"},"type":"backlink","position":{"start":{"line":1,"column":34,"offset":33},"end":{"line":1,"column":66,"offset":65},"indent":[]},"value":"dendron.topic.schema"},{"from":{"fname":"pkg.common-all.arch.schemas","vaultName":"dendron.dendron-site"},"type":"backlink","position":{"start":{"line":5,"column":157,"offset":188},"end":{"line":5,"column":197,"offset":228},"indent":[]},"value":"dendron.topic.schema"},{"from":{"fname":"pkg.common-all.arch.schemas","vaultName":"dendron.dendron-site"},"type":"backlink","position":{"start":{"line":8,"column":124,"offset":377},"end":{"line":8,"column":161,"offset":414},"indent":[]},"value":"dendron.topic.schema"}],"anchors":{"summary":{"type":"header","value":"summary","line":9,"column":0},"features":{"type":"header","value":"features","line":20,"column":0},"schema-completions":{"type":"header","value":"schema-completions","line":22,"column":0},"find-non-compliant-hierarchies":{"type":"header","value":"find-non-compliant-hierarchies","line":28,"column":0},"schema-anatomy":{"type":"header","value":"schema-anatomy","line":34,"column":0},"properties":{"type":"header","value":"properties","line":76,"column":0},"version-optional-number":{"type":"header","value":"version-optional-number","line":78,"column":0},"imports-optional-str":{"type":"header","value":"imports-optional-str","line":84,"column":0},"schemas":{"type":"header","value":"schemas","line":126,"column":0},"id":{"type":"header","value":"id","line":130,"column":0},"desc":{"type":"header","value":"desc","line":134,"column":0},"parent":{"type":"header","value":"parent","line":140,"column":0},"namespace":{"type":"header","value":"namespace","line":145,"column":0},"pattern":{"type":"header","value":"pattern","line":165,"column":0},"children":{"type":"header","value":"children","line":205,"column":0},"template":{"type":"header","value":"template","line":209,"column":0},"schema-templates":{"type":"header","value":"schema-templates","line":222,"column":0},"unknown-schema":{"type":"header","value":"unknown-schema","line":234,"column":0},"working-with-schemas":{"type":"header","value":"working-with-schemas","line":242,"column":0},"example-schemas":{"type":"header","value":"example-schemas","line":246,"column":0},"troubleshooting":{"type":"header","value":"troubleshooting","line":252,"column":0},"error-with-parsing-some-schemas-during-initialization":{"type":"header","value":"error-with-parsing-some-schemas-during-initialization","line":254,"column":0},"cookbook":{"type":"header","value":"cookbook","line":265,"column":0},"testing-schemas":{"type":"header","value":"testing-schemas","line":267,"column":0}},"fname":"dendron.topic.schema","updated":1628281183439,"created":1595952505039,"parent":"7a7af2fa-b9d0-4adc-81e6-f03186123539","children":["a313152d-1664-405b-86eb-6d2ecb98426e"],"data":{},"contentHash":"0d394d72f48e77343f6506576447d043","custom":{"stub":false},"schema":{"schemaId":"topic","moduleId":"dendron"}}
