{"id":"c6adf905-2f74-4235-a2dc-c85b4711ea4a","title":"Dev.to Pod","vault":{"fsPath":"vault","name":"dendron.dendron-site"},"type":"note","desc":"","links":[{"from":{"fname":"dendron.topic.pod.custom","vaultName":"dendron.dendron-site"},"type":"backlink","position":{"start":{"line":32,"column":3,"offset":1147},"end":{"line":32,"column":31,"offset":1175},"indent":[]},"value":"pkg.devto-pod"},{"from":{"fname":"dendron.topic.pod.dev","vaultName":"dendron.dendron-site"},"type":"backlink","position":{"start":{"line":150,"column":39,"offset":4905},"end":{"line":150,"column":61,"offset":4927},"indent":[]},"value":"pkg.devto-pod"},{"from":{"fname":"dendron.topic.pod.dev","vaultName":"dendron.dendron-site"},"type":"backlink","position":{"start":{"line":154,"column":39,"offset":4989},"end":{"line":154,"column":61,"offset":5011},"indent":[]},"value":"pkg.devto-pod"}],"anchors":{"summary":{"type":"header","value":"summary","line":8,"column":0},"instructions":{"type":"header","value":"instructions","line":19,"column":0},"installation":{"type":"header","value":"installation","line":21,"column":0},"usage":{"type":"header","value":"usage","line":29,"column":0},"configuration":{"type":"header","value":"configuration","line":42,"column":0},"metadata":{"type":"header","value":"metadata","line":46,"column":0}},"fname":"pkg.devto-pod","updated":1614313013455,"created":1614191155933,"parent":"32cdd4aa-d9f6-4582-8d0c-07f64a00299b","children":[],"data":{},"contentHash":"37e77455dcba3e6eefb821377e806f6d","custom":{}}
