{"id":"c6fd6bc4-7f75-4cbb-8f34-f7b99bfe2d50","title":"Concepts","vault":{"fsPath":"vault","name":"dendron.dendron-site"},"type":"note","desc":"","links":[{"type":"wiki","from":{"fname":"dendron.concepts","id":"c6fd6bc4-7f75-4cbb-8f34-f7b99bfe2d50","vaultName":"dendron.dendron-site"},"value":"dendron.topic.frontmatter","alias":"here","position":{"start":{"line":11,"column":57,"offset":927},"end":{"line":11,"column":91,"offset":961},"indent":[]},"xvault":false,"to":{"fname":"dendron.topic.frontmatter"}},{"type":"wiki","from":{"fname":"dendron.concepts","id":"c6fd6bc4-7f75-4cbb-8f34-f7b99bfe2d50","vaultName":"dendron.dendron-site"},"value":"dendron.topic.hierarchies","alias":"here","position":{"start":{"line":25,"column":37,"offset":1173},"end":{"line":25,"column":71,"offset":1207},"indent":[]},"xvault":false,"to":{"fname":"dendron.topic.hierarchies"}},{"type":"wiki","from":{"fname":"dendron.concepts","id":"c6fd6bc4-7f75-4cbb-8f34-f7b99bfe2d50","vaultName":"dendron.dendron-site"},"value":"dendron.topic.pod","alias":"Pods","position":{"start":{"line":80,"column":1,"offset":3106},"end":{"line":80,"column":27,"offset":3132},"indent":[]},"xvault":false,"to":{"fname":"dendron.topic.pod"}},{"type":"ref","from":{"fname":"dendron.concepts","id":"c6fd6bc4-7f75-4cbb-8f34-f7b99bfe2d50","vaultName":"dendron.dendron-site"},"value":"dendron.ref.workspace","position":{"start":{"line":15,"column":1,"offset":978},"end":{"line":15,"column":37,"offset":1014},"indent":[]},"xvault":false,"to":{"fname":"dendron.ref.workspace","anchorHeader":"summary,1"}},{"type":"ref","from":{"fname":"dendron.concepts","id":"c6fd6bc4-7f75-4cbb-8f34-f7b99bfe2d50","vaultName":"dendron.dendron-site"},"value":"dendron.topic.vaults","position":{"start":{"line":19,"column":1,"offset":1028},"end":{"line":19,"column":39,"offset":1066},"indent":[]},"xvault":false,"to":{"fname":"dendron.topic.vaults","anchorHeader":"summary,1:#*"}},{"type":"ref","from":{"fname":"dendron.concepts","id":"c6fd6bc4-7f75-4cbb-8f34-f7b99bfe2d50","vaultName":"dendron.dendron-site"},"value":"dendron.topic.hierarchies","position":{"start":{"line":23,"column":1,"offset":1085},"end":{"line":23,"column":51,"offset":1135},"indent":[]},"xvault":false,"to":{"fname":"dendron.topic.hierarchies","anchorHeader":"Summary,1:#concepts"}},{"from":{"fname":"dendron.faq","vaultName":"dendron.dendron-site"},"type":"backlink","position":{"start":{"line":287,"column":56,"offset":19769},"end":{"line":287,"column":87,"offset":19800},"indent":[]},"value":"dendron.concepts"},{"from":{"fname":"dendron.guides.best-practices","vaultName":"dendron.dendron-site"},"type":"backlink","position":{"start":{"line":4,"column":30,"offset":41},"end":{"line":4,"column":72,"offset":83},"indent":[]},"value":"dendron.concepts"},{"from":{"fname":"dendron.rfc.18-add-note-indexes","vaultName":"dendron.dendron-site"},"type":"backlink","position":{"start":{"line":140,"column":33,"offset":3997},"end":{"line":140,"column":65,"offset":4029},"indent":[]},"value":"dendron.concepts"},{"from":{"fname":"dendron.topic.cli","vaultName":"dendron.dendron-site"},"type":"backlink","position":{"start":{"line":21,"column":89,"offset":337},"end":{"line":21,"column":129,"offset":377},"indent":[]},"value":"dendron.concepts"},{"from":{"fname":"dendron.topic.cli","vaultName":"dendron.dendron-site"},"type":"backlink","position":{"start":{"line":25,"column":11,"offset":446},"end":{"line":25,"column":45,"offset":480},"indent":[]},"value":"dendron.concepts"},{"from":{"fname":"dendron.topic.cli","vaultName":"dendron.dendron-site"},"type":"backlink","position":{"start":{"line":289,"column":30,"offset":8304},"end":{"line":289,"column":83,"offset":8357},"indent":[]},"value":"dendron.concepts"},{"from":{"fname":"dendron.topic.config","vaultName":"dendron.dendron-site"},"type":"backlink","position":{"start":{"line":13,"column":54,"offset":425},"end":{"line":13,"column":98,"offset":469},"indent":[]},"value":"dendron.concepts"},{"from":{"fname":"pkg.dendron-11ty.quickstart","vaultName":"dendron.dendron-site"},"type":"backlink","position":{"start":{"line":13,"column":14,"offset":182},"end":{"line":13,"column":59,"offset":227},"indent":[]},"value":"dendron.concepts"},{"from":{"fname":"dendron.topic.config.dendron","vaultName":"dendron.dendron-site"},"type":"backlink","position":{"start":{"line":116,"column":8,"offset":3221},"end":{"line":116,"column":42,"offset":3255},"indent":[]},"value":"dendron.concepts"},{"from":{"fname":"dendron.topic.hooks.config","vaultName":"dendron.dendron-site"},"type":"backlink","position":{"start":{"line":13,"column":3,"offset":265},"end":{"line":13,"column":49,"offset":311},"indent":[]},"value":"dendron.concepts"},{"from":{"fname":"dendron.topic.lookup.modifiers","vaultName":"dendron.dendron-site"},"type":"backlink","position":{"start":{"line":20,"column":124,"offset":754},"end":{"line":20,"column":163,"offset":793},"indent":[]},"value":"dendron.concepts"},{"from":{"fname":"dendron.topic.publishing.configuration","vaultName":"dendron.dendron-site"},"type":"backlink","position":{"start":{"line":158,"column":18,"offset":4151},"end":{"line":158,"column":50,"offset":4183},"indent":[]},"value":"dendron.concepts"},{"from":{"fname":"dendron.topic.vaults.multi-vault","vaultName":"dendron.dendron-site"},"type":"backlink","position":{"start":{"line":4,"column":41,"offset":53},"end":{"line":4,"column":75,"offset":87},"indent":[]},"value":"dendron.concepts"},{"from":{"fname":"dendron.roadmap.project.n.2020.multi-vault","vaultName":"dendron.dendron-site"},"type":"backlink","position":{"start":{"line":16,"column":1,"offset":804},"end":{"line":16,"column":37,"offset":840},"indent":[]},"value":"dendron.concepts"},{"from":{"fname":"dendron.roadmap.project.n.2020.multi-vault","vaultName":"dendron.dendron-site"},"type":"backlink","position":{"start":{"line":17,"column":1,"offset":841},"end":{"line":17,"column":32,"offset":872},"indent":[]},"value":"dendron.concepts"}],"anchors":{"markdown":{"type":"header","value":"markdown","line":10,"column":0},"frontmatter":{"type":"header","value":"frontmatter","line":14,"column":0},"workspace":{"type":"header","value":"workspace","line":20,"column":0},"vaults":{"type":"header","value":"vaults","line":24,"column":0},"hierarchies":{"type":"header","value":"hierarchies","line":28,"column":0},"domain":{"type":"header","value":"domain","line":34,"column":0},"schema":{"type":"header","value":"schema","line":50,"column":0},"stubs":{"type":"header","value":"stubs","line":73,"column":0},"pods":{"type":"header","value":"pods","line":85,"column":0},"command-palette":{"type":"header","value":"command-palette","line":89,"column":0},"lookup-bar":{"type":"header","value":"lookup-bar","line":97,"column":0},"misc":{"type":"header","value":"misc","line":108,"column":0},"glob-pattern":{"type":"header","value":"glob-pattern","line":110,"column":0},"kebab-case":{"type":"header","value":"kebab-case","line":114,"column":0}},"fname":"dendron.concepts","updated":1623921386025,"created":1595169512265,"parent":"b0fe6ef7-1553-4280-bc45-a71824c2ce36","children":[],"data":{},"contentHash":"21f3fd4ba0b185333798014890b32226","custom":{"nav_order":3}}
