{"id":"c84aa95c-83b9-4d52-90a1-eeec8f0ca84f","title":"QA","vault":{"fsPath":"vault","name":"dendron.dendron-site"},"type":"note","desc":"","links":[{"type":"wiki","from":{"fname":"pkg.dendron-plugin.qa","id":"c84aa95c-83b9-4d52-90a1-eeec8f0ca84f","vaultName":"dendron.dendron-site"},"value":"dendron.dev.qa","alias":"Dendron Testing","position":{"start":{"line":4,"column":7,"offset":17},"end":{"line":4,"column":41,"offset":51},"indent":[]},"xvault":false,"to":{"fname":"dendron.dev.qa"}},{"from":{"fname":"dendron.dev.qa","vaultName":"dendron.dendron-site"},"type":"backlink","position":{"start":{"line":152,"column":162,"offset":5134},"end":{"line":152,"column":205,"offset":5177},"indent":[]},"value":"pkg.dendron-plugin.qa"}],"anchors":{"local":{"type":"header","value":"local","line":8,"column":0}},"fname":"pkg.dendron-plugin.qa","updated":1620999992808,"created":1609713960639,"parent":"87d90002-f480-45eb-a8c4-d00df4d61557","children":["626zjfxg91OFbDse","veJtAvr1gSMu50Mp"],"data":{},"contentHash":"4f0f4af3f1eaf3c036f7ea3f737541da","custom":{}}
