{"id":"c8690c83-dae2-4d16-849a-555a25c5a57a","title":"Better docs","vault":{"fsPath":"vault","name":"dendron.dendron-site"},"type":"note","desc":"","links":[{"from":{"fname":"dendron.roadmap.project","vaultName":"dendron.dendron-site"},"type":"backlink","position":{"start":{"line":14,"column":3,"offset":726},"end":{"line":14,"column":61,"offset":784},"indent":[]},"value":"dendron.roadmap.project.n.2020.better-docs"}],"anchors":{"goals":{"type":"header","value":"goals","line":8,"column":0},"details":{"type":"header","value":"details","line":12,"column":0},"tasks":{"type":"header","value":"tasks","line":14,"column":0},"release-notes":{"type":"header","value":"release-notes","line":16,"column":0}},"fname":"dendron.roadmap.project.n.2020.better-docs","updated":1599501863528,"created":1599501863528,"parent":"58247dfb-55b4-4269-9b37-42a90a0045ef","children":[],"data":{},"contentHash":"83ccd3dadeddc0364f29d947e0899cc8","custom":{"stub":false}}
