{"id":"c8e99b84-8a5a-42d3-838d-3d5cdebf32e5","title":"Keybindings","vault":{"fsPath":"vault","name":"dendron.dendron-site"},"type":"note","desc":"","links":[{"from":{"fname":"dendron.features","vaultName":"dendron.dendron-site"},"type":"backlink","position":{"start":{"line":130,"column":237,"offset":7497},"end":{"line":130,"column":277,"offset":7537},"indent":[]},"value":"dendron.topic.keybindings"},{"from":{"fname":"dendron.topic.lookup.keybindings","vaultName":"dendron.dendron-site"},"type":"backlink","position":{"start":{"line":3,"column":1,"offset":188},"end":{"line":3,"column":44,"offset":231},"indent":[]},"value":"dendron.topic.keybindings"}],"anchors":{"summary":{"type":"header","value":"summary","line":9,"column":0},"tips":{"type":"header","value":"tips","line":21,"column":0},"add-reset-and-remove":{"type":"header","value":"add-reset-and-remove","line":23,"column":0}},"fname":"dendron.topic.keybindings","updated":1616950201425,"created":1597950074331,"parent":"7a7af2fa-b9d0-4adc-81e6-f03186123539","children":[],"data":{},"contentHash":"8fdf28c3dae853c712dbfe0fbcde2122","custom":{"stub":false},"schema":{"schemaId":"topic","moduleId":"dendron"}}
