{"id":"c8ljkYY3eVkkmTNumc0C7","title":"Airtable","vault":{"fsPath":"vault","name":"dendron.dendron-site"},"type":"note","desc":"","links":[{"type":"ref","from":{"fname":"dendron.topic.pod.builtin.airtable","id":"c8ljkYY3eVkkmTNumc0C7","vaultName":"dendron.dendron-site"},"value":"dendron.topic.pod.builtin.airtable.export","position":{"start":{"line":12,"column":1,"offset":104},"end":{"line":12,"column":60,"offset":163},"indent":[]},"xvault":false,"to":{"fname":"dendron.topic.pod.builtin.airtable.export","anchorHeader":"summary,1:#*"}},{"from":{"fname":"dendron.release.2021-06-21","vaultName":"dendron.dendron-site"},"type":"backlink","position":{"start":{"line":9,"column":176,"offset":898},"end":{"line":9,"column":219,"offset":941},"indent":[]},"value":"dendron.topic.pod.builtin.airtable"}],"anchors":{"summary":{"type":"header","value":"summary","line":8,"column":0},"export":{"type":"header","value":"export","line":16,"column":0}},"fname":"dendron.topic.pod.builtin.airtable","updated":1623695829922,"created":1623502850163,"parent":"3e519113-5820-4a84-bef8-85103a7b296b","children":["zIBErZ8tT7oU6nm0JESFc"],"data":{},"contentHash":"d145f74f8150fc788a5f27f27a96fb36","custom":{}}
