{"id":"c93938a4-0938-49d0-aca2-00e624793650","title":"Selective Publication","vault":{"fsPath":"vault","name":"dendron.dendron-site"},"type":"note","desc":"","links":[{"type":"ref","from":{"fname":"dendron.topic.publishing.selective-publication","id":"c93938a4-0938-49d0-aca2-00e624793650","vaultName":"dendron.dendron-site"},"value":"dendron.topic.publishing.configuration","position":{"start":{"line":3,"column":1,"offset":47},"end":{"line":3,"column":57,"offset":103},"indent":[]},"xvault":false,"to":{"fname":"dendron.topic.publishing.configuration","anchorHeader":"summary,1:#*"}},{"type":"ref","from":{"fname":"dendron.topic.publishing.selective-publication","id":"c93938a4-0938-49d0-aca2-00e624793650","vaultName":"dendron.dendron-site"},"value":"dendron.topic.publishing.configuration","position":{"start":{"line":7,"column":1,"offset":118},"end":{"line":7,"column":72,"offset":189},"indent":[]},"xvault":false,"to":{"fname":"dendron.topic.publishing.configuration","anchorHeader":"sitehierarchies-required:#*"}},{"type":"ref","from":{"fname":"dendron.topic.publishing.selective-publication","id":"c93938a4-0938-49d0-aca2-00e624793650","vaultName":"dendron.dendron-site"},"value":"dendron.topic.publishing.configuration","position":{"start":{"line":11,"column":1,"offset":209},"end":{"line":11,"column":86,"offset":294},"indent":[]},"xvault":false,"to":{"fname":"dendron.topic.publishing.configuration","anchorHeader":"hierarchy-configuration:#noindexByDefault"}},{"type":"ref","from":{"fname":"dendron.topic.publishing.selective-publication","id":"c93938a4-0938-49d0-aca2-00e624793650","vaultName":"dendron.dendron-site"},"value":"dendron.topic.publishing.configuration","position":{"start":{"line":15,"column":1,"offset":309},"end":{"line":15,"column":76,"offset":384},"indent":[]},"xvault":false,"to":{"fname":"dendron.topic.publishing.configuration","anchorHeader":"note-configuration:#nav_exclude"}},{"from":{"fname":"dendron.release.2021-02-01","vaultName":"dendron.dendron-site"},"type":"backlink","position":{"start":{"line":6,"column":42,"offset":187},"end":{"line":6,"column":106,"offset":251},"indent":[]},"value":"dendron.topic.publishing.selective-publication"},{"from":{"fname":"dendron.release.changelog.0-2-x","vaultName":"dendron.dendron-site"},"type":"backlink","position":{"start":{"line":25,"column":24,"offset":667},"end":{"line":25,"column":88,"offset":731},"indent":[]},"value":"dendron.topic.publishing.selective-publication"},{"from":{"fname":"dendron.release.changelog.0-2-x","vaultName":"dendron.dendron-site"},"type":"backlink","position":{"start":{"line":121,"column":42,"offset":3641},"end":{"line":121,"column":106,"offset":3705},"indent":[]},"value":"dendron.topic.publishing.selective-publication"},{"from":{"fname":"dendron.release.changelog.0-2-x","vaultName":"dendron.dendron-site"},"type":"backlink","position":{"start":{"line":218,"column":22,"offset":6412},"end":{"line":218,"column":86,"offset":6476},"indent":[]},"value":"dendron.topic.publishing.selective-publication"},{"from":{"fname":"dendron.topic.publishing.faq","vaultName":"dendron.dendron-site"},"type":"backlink","position":{"start":{"line":3,"column":130,"offset":164},"end":{"line":3,"column":185,"offset":219},"indent":[]},"value":"dendron.topic.publishing.selective-publication"}],"anchors":{"globally":{"type":"header","value":"globally","line":11,"column":0},"per-hierarchy":{"type":"header","value":"per-hierarchy","line":15,"column":0},"per-note":{"type":"header","value":"per-note","line":19,"column":0},"403-page":{"type":"header","value":"403-page","line":23,"column":0}},"fname":"dendron.topic.publishing.selective-publication","updated":1613873980711,"created":1609883716869,"parent":"579e379b-3eca-4676-b51c-c66eb26a11b8","children":[],"data":{},"contentHash":"a7d379cb4959b5f825a292d27111a0a2","custom":{}}
