{"id":"c968377f-56e5-470f-801e-c730a1c071d4","title":"Dendron CLI","vault":{"fsPath":"vault","name":"dendron.dendron-site"},"type":"note","desc":"","links":[{"from":{"fname":"pkg","vaultName":"dendron.dendron-site"},"type":"backlink","position":{"start":{"line":8,"column":5,"offset":136},"end":{"line":8,"column":36,"offset":167},"indent":[]},"value":"pkg.dendron-cli"},{"from":{"fname":"pkg.dendron-api-server","vaultName":"dendron.dendron-site"},"type":"backlink","position":{"start":{"line":4,"column":103,"offset":115},"end":{"line":4,"column":134,"offset":146},"indent":[]},"value":"pkg.dendron-cli"},{"from":{"fname":"pkg.utilities","vaultName":"dendron.dendron-site"},"type":"backlink","position":{"start":{"line":31,"column":1,"offset":516},"end":{"line":31,"column":31,"offset":546},"indent":[]},"value":"pkg.dendron-cli"}],"anchors":{"utilities":{"type":"header","value":"utilities","line":10,"column":0}},"fname":"pkg.dendron-cli","updated":1621712107318,"created":1614837297111,"parent":"32cdd4aa-d9f6-4582-8d0c-07f64a00299b","children":["832a6e4d-4ed9-414f-baa8-d2f20432c934","a49370b7-fe61-4174-bf85-f67d15fa35ff"],"data":{},"contentHash":"312743c0d7b5aba96b2e2779e5de15aa","custom":{}}
