{"id":"c998c642-a748-4f77-9285-cfec35330251","title":"7 Graph Rework","vault":{"fsPath":"vault","name":"dendron.dendron-site"},"type":"note","desc":"Improvement Proposal For the Graph","links":[{"type":"wiki","from":{"fname":"dendron.rfc.7-graph-rework","id":"c998c642-a748-4f77-9285-cfec35330251","vaultName":"dendron.dendron-site"},"value":"dendron.rfc.5-publishing-registry","alias":"RFC 5","position":{"start":{"line":16,"column":55,"offset":355},"end":{"line":16,"column":98,"offset":398},"indent":[]},"xvault":false,"to":{"fname":"dendron.rfc.5-publishing-registry"}},{"type":"wiki","from":{"fname":"dendron.rfc.7-graph-rework","id":"c998c642-a748-4f77-9285-cfec35330251","vaultName":"dendron.dendron-site"},"value":"dendron.rfc.7-graph-rework.hierarchy","alias":"Hierarchies and the Graph","position":{"start":{"line":22,"column":5,"offset":492},"end":{"line":22,"column":71,"offset":558},"indent":[]},"xvault":false,"to":{"fname":"dendron.rfc.7-graph-rework.hierarchy"}},{"type":"wiki","from":{"fname":"dendron.rfc.7-graph-rework","id":"c998c642-a748-4f77-9285-cfec35330251","vaultName":"dendron.dendron-site"},"value":"dendron.rfc.7-graph-rework.notes","alias":"How are Notes represented in the Graph","position":{"start":{"line":23,"column":5,"offset":566},"end":{"line":23,"column":80,"offset":641},"indent":[]},"xvault":false,"to":{"fname":"dendron.rfc.7-graph-rework.notes"}},{"type":"wiki","from":{"fname":"dendron.rfc.7-graph-rework","id":"c998c642-a748-4f77-9285-cfec35330251","vaultName":"dendron.dendron-site"},"value":"dendron.rfc.7-graph-rework.schemas","alias":"What role do Schemas play in the Graph","position":{"start":{"line":24,"column":5,"offset":646},"end":{"line":24,"column":82,"offset":723},"indent":[]},"xvault":false,"to":{"fname":"dendron.rfc.7-graph-rework.schemas"}},{"type":"wiki","from":{"fname":"dendron.rfc.7-graph-rework","id":"c998c642-a748-4f77-9285-cfec35330251","vaultName":"dendron.dendron-site"},"value":"dendron.rfc.7-graph-rework.graph-backend","alias":"Graph backend","position":{"start":{"line":42,"column":4,"offset":983},"end":{"line":42,"column":62,"offset":1041},"indent":[]},"xvault":false,"to":{"fname":"dendron.rfc.7-graph-rework.graph-backend"}},{"type":"wiki","from":{"fname":"dendron.rfc.7-graph-rework","id":"c998c642-a748-4f77-9285-cfec35330251","vaultName":"dendron.dendron-site"},"value":"dendron.rfc.7-graph-rework.graph-rendering","alias":"Graph rendering","position":{"start":{"line":51,"column":4,"offset":1376},"end":{"line":51,"column":66,"offset":1438},"indent":[]},"xvault":false,"to":{"fname":"dendron.rfc.7-graph-rework.graph-rendering"}},{"type":"wiki","from":{"fname":"dendron.rfc.7-graph-rework","id":"c998c642-a748-4f77-9285-cfec35330251","vaultName":"dendron.dendron-site"},"value":"dendron.rfc.7-graph-rework.graph-embedding","alias":"How are the Graphs embedded","position":{"start":{"line":67,"column":4,"offset":1883},"end":{"line":67,"column":78,"offset":1957},"indent":[]},"xvault":false,"to":{"fname":"dendron.rfc.7-graph-rework.graph-embedding"}},{"from":{"fname":"dendron.release.2021-04-12","vaultName":"dendron.dendron-site"},"type":"backlink","position":{"start":{"line":13,"column":17,"offset":358},"end":{"line":13,"column":53,"offset":394},"indent":[]},"value":"dendron.rfc.7-graph-rework"},{"from":{"fname":"dendron.release.2021-05-03","vaultName":"dendron.dendron-site"},"type":"backlink","position":{"start":{"line":18,"column":3,"offset":705},"end":{"line":18,"column":48,"offset":750},"indent":[]},"value":"dendron.rfc.7-graph-rework"},{"from":{"fname":"dendron.topic.graph-view","vaultName":"dendron.dendron-site"},"type":"backlink","position":{"start":{"line":196,"column":5,"offset":8255},"end":{"line":196,"column":50,"offset":8300},"indent":[]},"value":"dendron.rfc.7-graph-rework"},{"from":{"fname":"dendron.rfc.7-graph-rework.plan","vaultName":"dendron.dendron-site"},"type":"backlink","position":{"start":{"line":43,"column":3,"offset":888},"end":{"line":43,"column":48,"offset":933},"indent":[]},"value":"dendron.rfc.7-graph-rework"}],"anchors":{"description":{"type":"header","value":"description","line":8,"column":0},"goals":{"type":"header","value":"goals","line":12,"column":0},"questions":{"type":"header","value":"questions","line":25,"column":0},"tenets":{"type":"header","value":"tenets","line":32,"column":0},"use-cases":{"type":"header","value":"use-cases","line":40,"column":0},"proposal":{"type":"header","value":"proposal","line":46,"column":0},"comments":{"type":"header","value":"comments","line":81,"column":0},"author":{"type":"header","value":"author","line":86,"column":0}},"fname":"dendron.rfc.7-graph-rework","updated":1621614459260,"created":1615106291022,"parent":"f143ca38-dcc6-4cd3-b84b-997aec1160ef","children":["6e87249b-358f-4f4b-8049-dff6e6a8463b","e53cb939-88f1-4892-9e8d-e98551923995","84fbcc64-7646-4a4d-80b9-1a2c866567a4","582157ea-fdea-475f-9ae3-5b79d790f371","fdf615f9-5292-467d-8d77-f136ecc8e109","7cd5b849-7ccb-4189-9f02-2f13db16298b","46fba044-81d8-4c07-a12c-78bbbf7952b4","55577c37-0943-44e7-9c85-c0327bdc9212","a155f412-d730-48cc-8893-1bcb7f637206"],"data":{},"contentHash":"4b2fa717694fbefb91c2b833cbab8366","custom":{}}
