{"id":"c99c55b0-a709-41fe-a59e-1f1c932346dc","title":"Release Notes (version 0.28)","vault":{"fsPath":"vault","name":"dendron.dendron-site"},"type":"note","desc":"","links":[{"type":"wiki","from":{"fname":"dendron.release.2021-02-08","id":"c99c55b0-a709-41fe-a59e-1f1c932346dc","vaultName":"dendron.dendron-site"},"value":"dendron.community.roles","alias":"here","position":{"start":{"line":18,"column":38,"offset":705},"end":{"line":18,"column":70,"offset":737},"indent":[]},"xvault":false,"to":{"fname":"dendron.community.roles"}},{"type":"wiki","from":{"fname":"dendron.release.2021-02-08","id":"c99c55b0-a709-41fe-a59e-1f1c932346dc","vaultName":"dendron.dendron-site"},"value":"dendron.guides.upgrading","alias":"here for dendron-11ty and dendron cli","position":{"start":{"line":32,"column":32,"offset":1354},"end":{"line":32,"column":127,"offset":1449},"indent":[]},"xvault":false,"to":{"fname":"dendron.guides.upgrading","anchorHeader":"dendron-cli-and-dendron-11ty"}},{"type":"ref","from":{"fname":"dendron.release.2021-02-08","id":"c99c55b0-a709-41fe-a59e-1f1c932346dc","vaultName":"dendron.dendron-site"},"value":"dendron.release.changelog","position":{"start":{"line":34,"column":1,"offset":1451},"end":{"line":34,"column":42,"offset":1492},"indent":[]},"xvault":false,"to":{"fname":"dendron.release.changelog","anchorHeader":"0272:#0261"}}],"anchors":{"highlights":{"type":"header","value":"highlights","line":13,"column":0},"in-the-works":{"type":"header","value":"in-the-works","line":18,"column":0},"community":{"type":"header","value":"community","line":21,"column":0},"version-number":{"type":"header","value":"version-number","line":31,"column":0}},"fname":"dendron.release.2021-02-08","updated":1612845956396,"created":1612844876830,"parent":"932534e7-e788-4fdb-bc8c-eaf761992a8d","children":[],"data":{},"contentHash":"6c8d19990f206fe0db3d12982cedcd31","custom":{}}
