{"id":"ca35f923-ee90-4655-8db2-3ec7eabd7f1a","title":"Roam Vs Dendron","vault":{"fsPath":"vault","name":"dendron.dendron-site"},"type":"note","desc":"","links":[{"type":"ref","from":{"fname":"dendron.alternatives.roam-vs-dendron","id":"ca35f923-ee90-4655-8db2-3ec7eabd7f1a","vaultName":"dendron.dendron-site"},"value":"dendron.features","position":{"start":{"line":8,"column":1,"offset":281},"end":{"line":8,"column":78,"offset":358},"indent":[]},"xvault":true,"to":{"fname":"dendron.features","anchorHeader":"fast-and-performant,1:#*","vaultName":"dendron.dendron-site"}},{"type":"ref","from":{"fname":"dendron.alternatives.roam-vs-dendron","id":"ca35f923-ee90-4655-8db2-3ec7eabd7f1a","vaultName":"dendron.dendron-site"},"value":"dendron.features","position":{"start":{"line":12,"column":1,"offset":376},"end":{"line":12,"column":70,"offset":445},"indent":[]},"xvault":true,"to":{"fname":"dendron.features","anchorHeader":"local-first,1:#*","vaultName":"dendron.dendron-site"}},{"type":"ref","from":{"fname":"dendron.alternatives.roam-vs-dendron","id":"ca35f923-ee90-4655-8db2-3ec7eabd7f1a","vaultName":"dendron.dendron-site"},"value":"dendron.features","position":{"start":{"line":16,"column":1,"offset":478},"end":{"line":16,"column":85,"offset":562},"indent":[]},"xvault":true,"to":{"fname":"dendron.features","anchorHeader":"extensible-and-open-source,1:#*","vaultName":"dendron.dendron-site"}},{"from":{"fname":"dendron.alternatives","vaultName":"dendron.dendron-site"},"type":"backlink","position":{"start":{"line":15,"column":19,"offset":1409},"end":{"line":15,"column":59,"offset":1449},"indent":[]},"value":"dendron.alternatives.roam-vs-dendron"}],"anchors":{"fast-and-performant":{"type":"header","value":"fast-and-performant","line":12,"column":0},"local-first":{"type":"header","value":"local-first","line":16,"column":0},"extensible-and-open-source":{"type":"header","value":"extensible-and-open-source","line":20,"column":0}},"fname":"dendron.alternatives.roam-vs-dendron","updated":1622573619225,"created":1622559637841,"parent":"b33d1803-6e4e-418f-a269-c4d4bde967cf","children":[],"data":{},"contentHash":"e540f784508744c76d458aecb4e62a3d","custom":{}}
