{"id":"CaBdm9dIdQrVNXW25ICmK","title":"20","vault":{"fsPath":"vault","name":"dendron.dendron-site"},"type":"note","desc":"","links":[{"type":"wiki","from":{"fname":"dendron.community.office-hours.2021.06.20","id":"CaBdm9dIdQrVNXW25ICmK","vaultName":"dendron.dendron-site"},"value":"tags.requesting-new-seeds","alias":"#requesting-new-seeds","position":{"start":{"line":14,"column":114,"offset":538},"end":{"line":14,"column":135,"offset":559},"indent":[]},"xvault":false,"to":{"fname":"tags.requesting-new-seeds"}},{"from":{"fname":"dendron.release.2021-06-21","vaultName":"dendron.dendron-site"},"type":"backlink","position":{"start":{"line":28,"column":49,"offset":1686},"end":{"line":28,"column":99,"offset":1736},"indent":[]},"value":"dendron.community.office-hours.2021.06.20"}],"anchors":{"company-updates":{"type":"header","value":"company-updates","line":8,"column":0},"questions":{"type":"header","value":"questions","line":39,"column":0}},"fname":"dendron.community.office-hours.2021.06.20","updated":1624802166271,"created":1624288131312,"parent":"dac1cd55-5186-4c53-9af9-b24b68d2c48b","children":[],"data":{},"contentHash":"7ea368d6ed33e6b8d08ecdbed5217ca3","custom":{}}
