{"id":"cb22bd36-d45a-4ffd-a31e-96c4b39cb7fb","title":"Testing","vault":{"fsPath":"vault","name":"dendron.dendron-site"},"type":"note","desc":"","links":[{"type":"wiki","from":{"fname":"dendron.dev.qa","id":"cb22bd36-d45a-4ffd-a31e-96c4b39cb7fb","vaultName":"dendron.dendron-site"},"value":"dendron.dev.qa.notes","alias":"Session notes","position":{"start":{"line":8,"column":3,"offset":302},"end":{"line":8,"column":41,"offset":340},"indent":[]},"xvault":false,"sameFile":false,"to":{"fname":"dendron.dev.qa.notes"}},{"type":"wiki","from":{"fname":"dendron.dev.qa","id":"cb22bd36-d45a-4ffd-a31e-96c4b39cb7fb","vaultName":"dendron.dendron-site"},"value":"dendron.dev.design","alias":"design","position":{"start":{"line":146,"column":27,"offset":4648},"end":{"line":146,"column":65,"offset":4686},"indent":[]},"xvault":false,"sameFile":false,"to":{"fname":"dendron.dev.design","anchorHeader":"overview"}},{"type":"wiki","from":{"fname":"dendron.dev.qa","id":"cb22bd36-d45a-4ffd-a31e-96c4b39cb7fb","vaultName":"dendron.dendron-site"},"value":"dendron.dev.design","alias":"dendron plugin","position":{"start":{"line":152,"column":98,"offset":5070},"end":{"line":152,"column":150,"offset":5122},"indent":[]},"xvault":false,"sameFile":false,"to":{"fname":"dendron.dev.design","anchorHeader":"dendron-plugin"}},{"type":"wiki","from":{"fname":"dendron.dev.qa","id":"cb22bd36-d45a-4ffd-a31e-96c4b39cb7fb","vaultName":"dendron.dendron-site"},"value":"pkg.dendron-plugin.qa","alias":"mocha","position":{"start":{"line":152,"column":162,"offset":5134},"end":{"line":152,"column":205,"offset":5177},"indent":[]},"xvault":false,"sameFile":false,"to":{"fname":"pkg.dendron-plugin.qa","anchorHeader":"test-runner"}},{"type":"ref","from":{"fname":"dendron.dev.qa","id":"cb22bd36-d45a-4ffd-a31e-96c4b39cb7fb","vaultName":"dendron.dendron-site"},"value":"pkg.engine-test-utils.cook","position":{"start":{"line":199,"column":1,"offset":6518},"end":{"line":199,"column":62,"offset":6579},"indent":[]},"xvault":false,"to":{"fname":"pkg.engine-test-utils.cook","anchorHeader":"stubbing-dendronyml-in-a-test"}},{"from":{"fname":"dendron.contribute.dev","vaultName":"dendron.dendron-site"},"type":"backlink","position":{"start":{"line":23,"column":13,"offset":1206},"end":{"line":23,"column":50,"offset":1243},"indent":[]},"value":"dendron.dev.qa"},{"from":{"fname":"dendron.contribute.dev","vaultName":"dendron.dendron-site"},"type":"backlink","position":{"start":{"line":24,"column":34,"offset":1297},"end":{"line":24,"column":76,"offset":1339},"indent":[]},"value":"dendron.dev.qa"},{"from":{"fname":"dendron.dev.pull-request","vaultName":"dendron.dendron-site"},"type":"backlink","position":{"start":{"line":37,"column":13,"offset":1467},"end":{"line":37,"column":50,"offset":1504},"indent":[]},"value":"dendron.dev.qa"},{"from":{"fname":"dendron.dev.pull-request","vaultName":"dendron.dendron-site"},"type":"backlink","position":{"start":{"line":38,"column":34,"offset":1558},"end":{"line":38,"column":76,"offset":1600},"indent":[]},"value":"dendron.dev.qa"},{"from":{"fname":"dendron.dev.pull-request","vaultName":"dendron.dendron-site"},"type":"backlink","position":{"start":{"line":40,"column":56,"offset":1814},"end":{"line":40,"column":104,"offset":1862},"indent":[]},"value":"dendron.dev.qa"},{"from":{"fname":"dendron.release.2021-07-05","vaultName":"dendron.dendron-site"},"type":"backlink","position":{"start":{"line":18,"column":22,"offset":1087},"end":{"line":18,"column":58,"offset":1123},"indent":[]},"value":"dendron.dev.qa"},{"from":{"fname":"pkg.dendron-next-server.quickstart","vaultName":"dendron.dendron-site"},"type":"backlink","position":{"start":{"line":40,"column":3,"offset":1340},"end":{"line":40,"column":51,"offset":1388},"indent":[]},"value":"dendron.dev.qa"},{"from":{"fname":"pkg.dendron-plugin.dev","vaultName":"dendron.dendron-site"},"type":"backlink","position":{"start":{"line":18,"column":31,"offset":597},"end":{"line":18,"column":54,"offset":620},"indent":[]},"value":"dendron.dev.qa"},{"from":{"fname":"pkg.dendron-plugin.qa","vaultName":"dendron.dendron-site"},"type":"backlink","position":{"start":{"line":4,"column":7,"offset":17},"end":{"line":4,"column":41,"offset":51},"indent":[]},"value":"dendron.dev.qa"},{"from":{"fname":"dendron.dev.qa.sop","vaultName":"dendron.dendron-site"},"type":"backlink","position":{"start":{"line":7,"column":79,"offset":149},"end":{"line":7,"column":129,"offset":199},"indent":[]},"value":"dendron.dev.qa"}],"anchors":{"overview":{"type":"header","value":"overview","line":9,"column":0},"running-all-tests":{"type":"header","value":"running-all-tests","line":17,"column":0},"all-packages-except-the-plugin":{"type":"header","value":"all-packages-except-the-plugin","line":19,"column":0},"run-all-test-for-dendron-plugin-plugin-core":{"type":"header","value":"run-all-test-for-dendron-plugin-plugin-core","line":30,"column":0},"run-specific-test":{"type":"header","value":"run-specific-test","line":35,"column":0},"run-a-specific-test-for-dendron-plugin":{"type":"header","value":"run-a-specific-test-for-dendron-plugin","line":37,"column":0},"run-a-specific-test-from-non-dendron-plugin-package":{"type":"header","value":"run-a-specific-test-from-non-dendron-plugin-package","line":42,"column":0},"writing-tests":{"type":"header","value":"writing-tests","line":49,"column":0},"plugin-tests":{"type":"header","value":"plugin-tests","line":53,"column":0},"test-workspace":{"type":"header","value":"test-workspace","line":78,"column":0},"stubs":{"type":"header","value":"stubs","line":92,"column":0},"stubbing-mutating-disk-changes":{"type":"header","value":"stubbing-mutating-disk-changes","line":122,"column":0},"debugging-tests":{"type":"header","value":"debugging-tests","line":136,"column":0},"git-related-tests":{"type":"header","value":"git-related-tests","line":142,"column":0},"engine-test":{"type":"header","value":"engine-test","line":150,"column":0},"runenginetest":{"type":"header","value":"runenginetest","line":163,"column":0},"testpresetentry":{"type":"header","value":"testpresetentry","line":175,"column":0},"profiling":{"type":"header","value":"profiling","line":186,"column":0},"cook":{"type":"header","value":"cook","line":203,"column":0},"stubbing-dendronyml-in-a-test":{"type":"header","value":"stubbing-dendronyml-in-a-test","line":205,"column":0},"creating-a-mock-note":{"type":"header","value":"creating-a-mock-note","line":208,"column":0},"updating-test-snapshots":{"type":"header","value":"updating-test-snapshots","line":212,"column":0}},"fname":"dendron.dev.qa","updated":1628441022278,"created":1598654055046,"parent":"3489b652-cd0e-4ac8-a734-08094dc043eb","children":["5wXTADsi3MXxFtEX","bf26c697-3e70-4e34-b15d-ef40c4b7d429","seniincr7Th0cZnc","BZHowLgEOrWthrWI","7tLYKjTIXKWItRr0","ydvcBHDK9gcghuHX"],"data":{},"contentHash":"d5e63e2302eada6fa62192bb3480de6f","custom":{"stub":false}}
