{"id":"cb30703e-9378-4b7d-b223-418a587ec98a","title":"Dendron Common Frontend","vault":{"fsPath":"vault","name":"dendron.dendron-site"},"type":"note","desc":"","links":[],"anchors":{"summary":{"type":"header","value":"summary","line":9,"column":0},"layout":{"type":"header","value":"layout","line":14,"column":0}},"fname":"pkg.dendron-common-frontend","updated":1621462767124,"created":1621462675398,"parent":"32cdd4aa-d9f6-4582-8d0c-07f64a00299b","children":["KsOHg3lyn9iqKmiv"],"data":{},"contentHash":"df805310de9560655f3aed7fd8f45236","custom":{}}
