{"id":"cc302bfb-bf82-4ec7-9956-b989d2d68338","title":"Engine Client","vault":{"fsPath":"vault","name":"dendron.dendron-site"},"type":"note","desc":"","links":[],"anchors":{"summary":{"type":"header","value":"summary","line":8,"column":0},"flows":{"type":"header","value":"flows","line":13,"column":0},"writing-a-new-note":{"type":"header","value":"writing-a-new-note","line":15,"column":0},"ref":{"type":"header","value":"ref","line":32,"column":0},"refreshnotesv2":{"type":"header","value":"refreshnotesv2","line":34,"column":0}},"fname":"pkg.dendron-engine.internal.engine-client","updated":1620440666362,"created":1620440278503,"parent":"26be950a-eaf3-4684-bddd-64be52273b73","children":[],"data":{},"contentHash":"cbd4adc25a1c6de09020adde88e7a1a6","custom":{}}
