{"id":"ccab31c4-e9ca-4ee8-b754-f786a3f3be6e","title":"Export","vault":{"fsPath":"vault","name":"dendron.dendron-site"},"type":"note","desc":"","links":[{"type":"wiki","from":{"fname":"dendron.topic.pod.builtin.markdown.export","id":"ccab31c4-e9ca-4ee8-b754-f786a3f3be6e","vaultName":"dendron.dendron-site"},"value":"dendron.ref.status","alias":"Experimental 🚧","position":{"start":{"line":3,"column":11,"offset":22},"end":{"line":3,"column":63,"offset":74},"indent":[]},"xvault":false,"to":{"fname":"dendron.ref.status","anchorHeader":"experimental-"}},{"from":{"fname":"dendron.faq","vaultName":"dendron.dendron-site"},"type":"backlink","position":{"start":{"line":173,"column":377,"offset":13832},"end":{"line":173,"column":442,"offset":13897},"indent":[]},"value":"dendron.topic.pod.builtin.markdown.export"},{"from":{"fname":"dendron.release.changelog","vaultName":"dendron.dendron-site"},"type":"backlink","position":{"start":{"line":308,"column":5,"offset":9776},"end":{"line":308,"column":63,"offset":9834},"indent":[]},"value":"dendron.topic.pod.builtin.markdown.export"},{"from":{"fname":"dendron.topic.pod.builtin.markdown","vaultName":"dendron.dendron-site"},"type":"backlink","position":{"start":{"line":12,"column":1,"offset":113},"end":{"line":12,"column":60,"offset":172},"indent":[]},"value":"dendron.topic.pod.builtin.markdown.export"}],"anchors":{"summary":{"type":"header","value":"summary","line":8,"column":0},"supported-features":{"type":"header","value":"supported-features","line":14,"column":0},"limitations":{"type":"header","value":"limitations","line":20,"column":0}},"fname":"dendron.topic.pod.builtin.markdown.export","updated":1623984084294,"created":1617327868887,"parent":"13c4a608-0a32-4c62-9c7e-2b7f9f2d18bf","children":[],"data":{},"contentHash":"717db07ba19a4ee4507a5d738890b05d","custom":{}}
