{"id":"cebe5393-5da0-484c-a24a-0939f0cef768","title":"Meeting Notes","vault":{"fsPath":"vault","name":"dendron.dendron-site"},"type":"note","desc":"","links":[],"anchors":{"example-of-a-meeting-note":{"type":"header","value":"example-of-a-meeting-note","line":11,"column":0},"resources":{"type":"header","value":"resources","line":39,"column":0}},"fname":"dendron.workflows.meetings","updated":1616692732239,"created":1599059373505,"parent":"9313b845-d9bf-42c9-aad1-0da34794ce26","children":[],"data":{},"contentHash":"0b3f90fc90957599ace75d9eb3c222ea","custom":{}}
