{"id":"ceca23ee-6181-4fa6-9724-9943433c6e96","title":"3 Standalone Vaults","vault":{"fsPath":"vault","name":"dendron.dendron-site"},"type":"note","desc":"","links":[{"type":"wiki","from":{"fname":"dendron.rfc.3-standalone-vaults","id":"ceca23ee-6181-4fa6-9724-9943433c6e96","vaultName":"dendron.dendron-site"},"value":"dendron.topic.config.dendron","alias":"dendron.yml","position":{"start":{"line":26,"column":30,"offset":758},"end":{"line":26,"column":74,"offset":802},"indent":[]},"xvault":false,"to":{"fname":"dendron.topic.config.dendron"}},{"type":"wiki","from":{"fname":"dendron.rfc.3-standalone-vaults","id":"ceca23ee-6181-4fa6-9724-9943433c6e96","vaultName":"dendron.dendron-site"},"value":"dendron.topic.config.dendron","alias":"vault property","position":{"start":{"line":33,"column":32,"offset":1118},"end":{"line":33,"column":97,"offset":1183},"indent":[]},"xvault":false,"to":{"fname":"dendron.topic.config.dendron","anchorHeader":"vault-properties"}}],"anchors":{"goals":{"type":"header","value":"goals","line":8,"column":0},"details":{"type":"header","value":"details","line":12,"column":0},"proposal":{"type":"header","value":"proposal","line":21,"column":0},"related":{"type":"header","value":"related","line":51,"column":0}},"fname":"dendron.rfc.3-standalone-vaults","updated":1620049097047,"created":1612908742957,"parent":"f143ca38-dcc6-4cd3-b84b-997aec1160ef","children":[],"data":{},"contentHash":"51fe77fb91d90ea1ea63055d19fb1727","custom":{}}
