{"id":"cf0b09ca-e366-4406-9dd5-9035dc1d63ed","title":"Tools","vault":{"fsPath":"vault","name":"dendron.dendron-site"},"type":"note","desc":"","links":[],"anchors":{"summary":{"type":"header","value":"summary","line":9,"column":0},"postman":{"type":"header","value":"postman","line":13,"column":0},"sourcetree":{"type":"header","value":"sourcetree","line":20,"column":0},"ngrok":{"type":"header","value":"ngrok","line":27,"column":0}},"fname":"dendron.dev.tools","updated":1622227311747,"created":1621994646365,"parent":"3489b652-cd0e-4ac8-a734-08094dc043eb","children":[],"data":{},"contentHash":"c8d74706fbe9338ca09e0828b5578b8e","custom":{}}
