{"id":"cf8e0533-51e5-444a-a1bb-6c7f71276e54","title":"09","vault":{"fsPath":"vault","name":"dendron.dendron-site"},"type":"note","desc":"","links":[],"anchors":{"9-may":{"type":"header","value":"9-may","line":8,"column":0},"company-updates":{"type":"header","value":"company-updates","line":10,"column":0},"minutes":{"type":"header","value":"minutes","line":14,"column":0}},"fname":"dendron.community.office-hours.2021.05.09","updated":1621280131118,"created":1621280102641,"parent":"8fade289-92bf-4f8b-a58a-74d91c3d6655","children":[],"data":{},"contentHash":"ac40d8f828deefae2ddb64a3449a2289","custom":{}}
