{"id":"csGReM8gf8QVT09m","title":"Qa","vault":{"fsPath":"vault","name":"dendron.dendron-site"},"type":"note","desc":"","links":[],"anchors":{"testunit":{"type":"header","value":"testunit","line":9,"column":0},"writing":{"type":"header","value":"writing","line":11,"column":0},"executing":{"type":"header","value":"executing","line":15,"column":0},"testintegration":{"type":"header","value":"testintegration","line":18,"column":0},"writing-1":{"type":"header","value":"writing-1","line":20,"column":0},"executing-1":{"type":"header","value":"executing-1","line":22,"column":0}},"fname":"pkg.dendron-engine.t.seeds.qa","updated":1628180508251,"created":1628180459884,"parent":"LS5dfnRNI6oNQkLW","children":[],"data":{},"contentHash":"b1a88499cc88f6f2aa52cb26e4060b49","custom":{}}
