{"id":"d0f34b08-0725-4ec5-a600-a4d6309bb2ae","title":"Windows","vault":{"fsPath":"vault","name":"dendron.dendron-site"},"type":"note","desc":"Windows gotchas","links":[],"anchors":{"yarn":{"type":"header","value":"yarn","line":12,"column":0},"git":{"type":"header","value":"git","line":20,"column":0},"watch-script":{"type":"header","value":"watch-script","line":34,"column":0}},"fname":"dendron.dev.windows","updated":1615168192996,"created":1615165852271,"parent":"3489b652-cd0e-4ac8-a734-08094dc043eb","children":[],"data":{},"contentHash":"9122fabc889697a52fe549d97e85cfbc","custom":{}}
