{"id":"d1usLHSTfJc-3_JKuYLBr","title":"Arch","vault":{"fsPath":"vault","name":"dendron.dendron-site"},"type":"note","desc":"","links":[{"type":"wiki","from":{"fname":"pkg.dendron-plugin.arch","id":"d1usLHSTfJc-3_JKuYLBr","vaultName":"dendron.dendron-site"},"value":"pkg.dendron-plugin.internal.workspace-watcher","alias":"Summary","position":{"start":{"line":127,"column":3,"offset":3650},"end":{"line":127,"column":68,"offset":3715},"indent":[]},"xvault":false,"to":{"fname":"pkg.dendron-plugin.internal.workspace-watcher","anchorHeader":"summary"}},{"type":"wiki","from":{"fname":"pkg.dendron-plugin.arch","id":"d1usLHSTfJc-3_JKuYLBr","vaultName":"dendron.dendron-site"},"value":"pkg.dendron-plugin.internal.workspace-watcher","alias":"Workspace Watcher Internal","position":{"start":{"line":143,"column":3,"offset":4296},"end":{"line":143,"column":79,"offset":4372},"indent":[]},"xvault":false,"to":{"fname":"pkg.dendron-plugin.internal.workspace-watcher"}}],"anchors":{"commands":{"type":"header","value":"commands","line":8,"column":0},"base-command-lifecycle":{"type":"header","value":"base-command-lifecycle","line":10,"column":0},"simplified":{"type":"header","value":"simplified","line":12,"column":0},"detailed":{"type":"header","value":"detailed","line":42,"column":0},"exceptions":{"type":"header","value":"exceptions","line":127,"column":0},"file-watchers":{"type":"header","value":"file-watchers","line":132,"column":0},"file-changes":{"type":"header","value":"file-changes","line":135,"column":0},"workspacewatcher":{"type":"header","value":"workspacewatcher","line":144,"column":0},"ondidchangetextdocument":{"type":"header","value":"ondidchangetextdocument","line":151,"column":0},"filewatcher":{"type":"header","value":"filewatcher","line":155,"column":0},"ondidchange":{"type":"header","value":"ondidchange","line":161,"column":0},"windowwatcher":{"type":"header","value":"windowwatcher","line":166,"column":0},"ondidchangeactive":{"type":"header","value":"ondidchangeactive","line":170,"column":0}},"fname":"pkg.dendron-plugin.arch","updated":1627290467206,"created":1624552964184,"parent":"87d90002-f480-45eb-a8c4-d00df4d61557","children":["ZbtRI22izXCapbjW","8d09cc3f-25e3-42a2-ac86-82806c0c8c65"],"data":{},"contentHash":"9f0a72fbf79b4aa3933cfee9ec77c68a","custom":{}}
