{"id":"d2f8fe67-36c7-4600-b745-c22bdcb5b2cf","title":"9 Note Lifecycle Hooks","vault":{"fsPath":"vault","name":"dendron.dendron-site"},"type":"note","desc":"","links":[{"type":"wiki","from":{"fname":"dendron.rfc.9-note-lifecycle-hooks","id":"d2f8fe67-36c7-4600-b745-c22bdcb5b2cf","vaultName":"dendron.dendron-site"},"value":"pkg.dendron-engine.ref.note-response","alias":"here","position":{"start":{"line":47,"column":42,"offset":1714},"end":{"line":47,"column":87,"offset":1759},"indent":[]},"xvault":false,"to":{"fname":"pkg.dendron-engine.ref.note-response"}},{"from":{"fname":"dendron.release.2021-05-03","vaultName":"dendron.dendron-site"},"type":"backlink","position":{"start":{"line":19,"column":3,"offset":753},"end":{"line":19,"column":66,"offset":816},"indent":[]},"value":"dendron.rfc.9-note-lifecycle-hooks"},{"from":{"fname":"dendron.topic.hooks","vaultName":"dendron.dendron-site"},"type":"backlink","position":{"start":{"line":14,"column":3,"offset":410},"end":{"line":14,"column":64,"offset":471},"indent":[]},"value":"dendron.rfc.9-note-lifecycle-hooks"}],"anchors":{"goals":{"type":"header","value":"goals","line":8,"column":0},"context":{"type":"header","value":"context","line":12,"column":0},"proposal":{"type":"header","value":"proposal","line":16,"column":0},"details":{"type":"header","value":"details","line":45,"column":0},"example":{"type":"header","value":"example","line":55,"column":0},"tradeoffs":{"type":"header","value":"tradeoffs","line":76,"column":0},"future-work":{"type":"header","value":"future-work","line":80,"column":0},"discussion":{"type":"header","value":"discussion","line":83,"column":0}},"fname":"dendron.rfc.9-note-lifecycle-hooks","updated":1620426190118,"created":1619706504483,"parent":"f143ca38-dcc6-4cd3-b84b-997aec1160ef","children":[],"data":{},"contentHash":"dea9ed23e0a8f5e5c4fc90a97ac902ce","custom":{}}
