{"id":"d410c0d6-9ede-42ef-9c96-662902e4f488","title":"Lifecycle","vault":{"fsPath":"vault","name":"dendron.dendron-site"},"type":"note","desc":"","links":[],"anchors":{"workspace-creation":{"type":"header","value":"workspace-creation","line":8,"column":0},"running-a-command":{"type":"header","value":"running-a-command","line":12,"column":0},"activate":{"type":"header","value":"activate","line":22,"column":0}},"fname":"pkg.dendron-plugin.ref.lifecycle","updated":1611428138285,"created":1609714449234,"parent":"uGX885MGBFwI1l1q","children":[],"data":{},"contentHash":"6747e4f5567e2346f9b04563b9d68c50","custom":{}}
