{"id":"d508e0f9-8bbe-43b4-83c1-0ff022b1d4fb","title":"Release Notes (version 0.24)","vault":{"fsPath":"vault","name":"dendron.dendron-site"},"type":"note","desc":"","links":[{"type":"wiki","from":{"fname":"dendron.release.2021-01-11","id":"d508e0f9-8bbe-43b4-83c1-0ff022b1d4fb","vaultName":"dendron.dendron-site"},"value":"dendron.topic.references","alias":"docs","position":{"start":{"line":5,"column":28,"offset":81},"end":{"line":5,"column":61,"offset":114},"indent":[]},"xvault":false,"to":{"fname":"dendron.topic.references"}},{"type":"wiki","from":{"fname":"dendron.release.2021-01-11","id":"d508e0f9-8bbe-43b4-83c1-0ff022b1d4fb","vaultName":"dendron.dendron-site"},"value":"dendron.topic.markdown","alias":"docs","position":{"start":{"line":7,"column":38,"offset":193},"end":{"line":7,"column":103,"offset":258},"indent":[]},"xvault":false,"to":{"fname":"dendron.topic.markdown","anchorHeader":"frontmatter-variable-substitution"}},{"type":"wiki","from":{"fname":"dendron.release.2021-01-11","id":"d508e0f9-8bbe-43b4-83c1-0ff022b1d4fb","vaultName":"dendron.dendron-site"},"value":"dendron.topic.markdown","alias":"docs","position":{"start":{"line":9,"column":53,"offset":377},"end":{"line":9,"column":100,"offset":424},"indent":[]},"xvault":false,"to":{"fname":"dendron.topic.markdown","anchorHeader":"extended-syntax"}},{"type":"wiki","from":{"fname":"dendron.release.2021-01-11","id":"d508e0f9-8bbe-43b4-83c1-0ff022b1d4fb","vaultName":"dendron.dendron-site"},"value":"dendron.topic.config.vscode-config","alias":"docs","position":{"start":{"line":13,"column":145,"offset":631},"end":{"line":13,"column":220,"offset":706},"indent":[]},"xvault":false,"to":{"fname":"dendron.topic.config.vscode-config","anchorHeader":"dendrondefaultjournaldateformat"}},{"type":"wiki","from":{"fname":"dendron.release.2021-01-11","id":"d508e0f9-8bbe-43b4-83c1-0ff022b1d4fb","vaultName":"dendron.dendron-site"},"value":"dendron.guides.upgrading","alias":"here for dendron-11ty and dendron cli","position":{"start":{"line":39,"column":32,"offset":1846},"end":{"line":39,"column":127,"offset":1941},"indent":[]},"xvault":false,"to":{"fname":"dendron.guides.upgrading","anchorHeader":"dendron-cli-and-dendron-11ty"}},{"type":"ref","from":{"fname":"dendron.release.2021-01-11","id":"d508e0f9-8bbe-43b4-83c1-0ff022b1d4fb","vaultName":"dendron.dendron-site"},"value":"dendron.release.changelog","position":{"start":{"line":41,"column":1,"offset":1943},"end":{"line":41,"column":42,"offset":1984},"indent":[]},"xvault":false,"to":{"fname":"dendron.release.changelog","anchorHeader":"0232:#0222"}}],"anchors":{"highlights":{"type":"header","value":"highlights","line":10,"column":0},"breaking-changes":{"type":"header","value":"breaking-changes","line":18,"column":0},"community":{"type":"header","value":"community","line":23,"column":0},"versions-numbers":{"type":"header","value":"versions-numbers","line":37,"column":0}},"fname":"dendron.release.2021-01-11","updated":1619549806451,"created":1610403349466,"parent":"932534e7-e788-4fdb-bc8c-eaf761992a8d","children":[],"data":{},"contentHash":"20ab25a1edc5aa22185eae6ec3c836b7","custom":{}}
