{"id":"d721a2f2-51e0-4039-a33b-b884bb570049","title":"Engine","vault":{"fsPath":"vault","name":"dendron.dendron-site"},"type":"note","desc":"","links":[],"anchors":{"dengine":{"type":"header","value":"dengine","line":8,"column":0},"dendron-engine":{"type":"header","value":"dendron-engine","line":11,"column":0},"updatenote":{"type":"header","value":"updatenote","line":14,"column":0}},"fname":"pkg.dendron-engine.api.engine","updated":1624821911251,"created":1620671402392,"parent":"OgTpx0yTeqt22mM3","children":[],"data":{},"contentHash":"f3811c6aa67b6ec05f9229d1237c3e46","custom":{}}
