{"id":"d77cc114-5c4b-4185-a353-47888e5a8976","title":"Lookup","vault":{"fsPath":"vault","name":"dendron.dendron-site"},"type":"note","desc":"","links":[{"from":{"fname":"pkg.dendron-engine.arch","vaultName":"dendron.dendron-site"},"type":"backlink","position":{"start":{"line":30,"column":57,"offset":722},"end":{"line":30,"column":117,"offset":782},"indent":[]},"value":"pkg.dendron-engine.internal.lookup"},{"from":{"fname":"pkg.dendron-plugin.internal.lookup","vaultName":"dendron.dendron-site"},"type":"backlink","position":{"start":{"line":92,"column":7,"offset":1311},"end":{"line":92,"column":67,"offset":1371},"indent":[]},"value":"pkg.dendron-engine.internal.lookup"}],"anchors":{"querynotes":{"type":"header","value":"querynotes","line":8,"column":0},"write-new-note":{"type":"header","value":"write-new-note","line":27,"column":0},"reference":{"type":"header","value":"reference","line":57,"column":0},"fuseengine-options":{"type":"header","value":"fuseengine-options","line":59,"column":0}},"fname":"pkg.dendron-engine.internal.lookup","updated":1621458815737,"created":1615940090746,"parent":"26be950a-eaf3-4684-bddd-64be52273b73","children":[],"data":{},"contentHash":"0c9a33f3502b41fb5a1d8cf0a98ca26c","custom":{}}
