{"id":"d84d5b33-76d3-4190-9a32-a728dc0eb97e","title":"Release Notes (version 0.38)","vault":{"fsPath":"vault","name":"dendron.dendron-site"},"type":"note","desc":"","links":[{"type":"wiki","from":{"fname":"dendron.release.2021-04-19","id":"d84d5b33-76d3-4190-9a32-a728dc0eb97e","vaultName":"dendron.dendron-site"},"value":"dendron.community.roles","alias":"here","position":{"start":{"line":11,"column":38,"offset":329},"end":{"line":11,"column":70,"offset":361},"indent":[]},"xvault":false,"to":{"fname":"dendron.community.roles"}},{"type":"wiki","from":{"fname":"dendron.release.2021-04-19","id":"d84d5b33-76d3-4190-9a32-a728dc0eb97e","vaultName":"dendron.dendron-site"},"value":"dendron.release.changelog","alias":"0.37.2","position":{"start":{"line":30,"column":3,"offset":1471},"end":{"line":30,"column":44,"offset":1512},"indent":[]},"xvault":false,"to":{"fname":"dendron.release.changelog","anchorHeader":"0372"}},{"type":"wiki","from":{"fname":"dendron.release.2021-04-19","id":"d84d5b33-76d3-4190-9a32-a728dc0eb97e","vaultName":"dendron.dendron-site"},"value":"dendron.release.changelog","alias":"0.37.1","position":{"start":{"line":31,"column":3,"offset":1515},"end":{"line":31,"column":44,"offset":1556},"indent":[]},"xvault":false,"to":{"fname":"dendron.release.changelog","anchorHeader":"0371"}}],"anchors":{"highlights":{"type":"header","value":"highlights","line":10,"column":0},"community":{"type":"header","value":"community","line":15,"column":0},"changelog":{"type":"header","value":"changelog","line":35,"column":0}},"fname":"dendron.release.2021-04-19","updated":1619458692862,"created":1618857996575,"parent":"932534e7-e788-4fdb-bc8c-eaf761992a8d","children":[],"data":{},"contentHash":"6612088e63ddf32e540187f12ba63f6a","custom":{}}
