{"id":"d892da5f-3667-4bfe-a8ba-e5ea3da4eb72","title":"Long term sustainability v0","vault":{"fsPath":"vault","name":"dendron.dendron-site"},"type":"note","desc":"","links":[{"from":{"fname":"dendron.roadmap.project","vaultName":"dendron.dendron-site"},"type":"backlink","position":{"start":{"line":16,"column":3,"offset":847},"end":{"line":16,"column":87,"offset":931},"indent":[]},"value":"dendron.roadmap.project.n.2020.long-term-sustainability"}],"anchors":{"goals":{"type":"header","value":"goals","line":11,"column":0},"details":{"type":"header","value":"details","line":15,"column":0},"tasks":{"type":"header","value":"tasks","line":21,"column":0},"next":{"type":"header","value":"next","line":31,"column":0},"links":{"type":"header","value":"links","line":38,"column":0},"notes":{"type":"header","value":"notes","line":43,"column":0},"revenue-ideas":{"type":"header","value":"revenue-ideas","line":45,"column":0}},"fname":"dendron.roadmap.project.n.2020.long-term-sustainability","updated":1604945094990,"created":1599501881180,"parent":"58247dfb-55b4-4269-9b37-42a90a0045ef","children":[],"data":{},"contentHash":"efef530d5c9aa7f97b303edeb1fb69e6","custom":{"stub":false,"start":"2020.10.07","end":"2020.11.29","status":"Next"}}
