{"id":"d8a09d7b-8693-437c-8a2c-2bfe0b3c2768","title":"Remark","vault":{"fsPath":"vault","name":"dendron.dendron-site"},"type":"note","desc":"","links":[{"from":{"fname":"pkg.dendron-engine.internal","vaultName":"dendron.dendron-site"},"type":"backlink","position":{"start":{"line":53,"column":7,"offset":805},"end":{"line":53,"column":43,"offset":841},"indent":[]},"value":"dendron.dev.design.remark"}],"anchors":{"summary":{"type":"header","value":"summary","line":8,"column":0},"init":{"type":"header","value":"init","line":12,"column":0},"get-processor":{"type":"header","value":"get-processor","line":14,"column":0},"note-references":{"type":"header","value":"note-references","line":29,"column":0},"parse":{"type":"header","value":"parse","line":35,"column":0},"stringify":{"type":"header","value":"stringify","line":49,"column":0},"replace-links":{"type":"header","value":"replace-links","line":63,"column":0}},"fname":"dendron.dev.design.remark","updated":1604676771824,"created":1602033034187,"parent":"c160ddce-edec-4f6e-841b-418d6030fa37","children":[],"data":{},"contentHash":"10dec8db08189accd905e387db6f80ba","custom":{"stub":false}}
