{"id":"d95b93bf-5e6f-4dd0-b7d7-c8e29e061876","title":"Install Dendron","vault":{"fsPath":"vault","name":"dendron.dendron-site"},"type":"note","desc":"","links":[{"type":"wiki","from":{"fname":"dendron.guides.install","id":"d95b93bf-5e6f-4dd0-b7d7-c8e29e061876","vaultName":"dendron.dendron-site"},"value":"dendron.tutorial","alias":"Dendron Tutorial","position":{"start":{"line":26,"column":18,"offset":1002},"end":{"line":26,"column":55,"offset":1039},"indent":[]},"xvault":false,"to":{"fname":"dendron.tutorial"}},{"type":"ref","from":{"fname":"dendron.guides.install","id":"d95b93bf-5e6f-4dd0-b7d7-c8e29e061876","vaultName":"dendron.dendron-site"},"value":"dendron.guides.cook","position":{"start":{"line":10,"column":1,"offset":400},"end":{"line":10,"column":57,"offset":456},"indent":[]},"xvault":false,"to":{"fname":"dendron.guides.cook","anchorHeader":"launch-the-command-palette,1:#*"}},{"from":{"fname":"dendron","vaultName":"dendron.dendron-site"},"type":"backlink","position":{"start":{"line":36,"column":1,"offset":2614},"end":{"line":36,"column":28,"offset":2641},"indent":[]},"value":"dendron.guides.install"},{"from":{"fname":"dendron.guides.cook","vaultName":"dendron.dendron-site"},"type":"backlink","position":{"start":{"line":325,"column":106,"offset":12980},"end":{"line":325,"column":137,"offset":13011},"indent":[]},"value":"dendron.guides.install"},{"from":{"fname":"dendron.topic.pod.dev","vaultName":"dendron.dendron-site"},"type":"backlink","position":{"start":{"line":11,"column":3,"offset":264},"end":{"line":11,"column":45,"offset":306},"indent":[]},"value":"dendron.guides.install"}],"anchors":{"initialize-your-workspace":{"type":"header","value":"initialize-your-workspace","line":12,"column":0},"next-steps":{"type":"header","value":"next-steps","line":31,"column":0}},"fname":"dendron.guides.install","updated":1623981567828,"created":1595537796868,"parent":"02c2d7b6-2ea2-4e15-9894-9dead50d5ca2","children":[],"data":{},"contentHash":"178918ea013c35d155aa8142481fc530","custom":{}}
