{"id":"da241d31-8a05-429c-a041-02ac6170bf20","title":"Dotted filenames","vault":{"fsPath":"vault","name":"dendron.dendron-site"},"type":"note","desc":"","links":[],"anchors":{"folder-hierarchies":{"type":"header","value":"folder-hierarchies","line":12,"column":0}},"fname":"dendron.dev.design.files-vs-folders","updated":1600270046572,"created":1600270046572,"parent":"c160ddce-edec-4f6e-841b-418d6030fa37","children":[],"data":{},"contentHash":"d6a305687f43610ca5ef488e9c630f0c","custom":{"stub":false}}
