{"id":"dac1cd55-5186-4c53-9af9-b24b68d2c48b","title":"06","vault":{"fsPath":"vault","name":"dendron.dendron-site"},"type":"note","desc":"","links":[],"anchors":{},"fname":"dendron.community.office-hours.2021.06","updated":1623096072660,"created":1623096072660,"parent":"1ef1b15e-b61d-4901-9a41-5244e5e602ba","children":["25a3a1cc-d8bf-4bee-8d89-cd0c2b5dc25b","RLnJHszto4wkVbHaSSJpt","CaBdm9dIdQrVNXW25ICmK","eX8OclhlYdGzO_WjzfCtZ"],"data":{},"contentHash":"14196380ddb04cdd449d53b7c37caada","stub":false,"custom":{"stub":true}}
