{"id":"dc017e45-a3d5-4b29-9c4c-0f81d15becf8","title":"Remote","vault":{"fsPath":"vault","name":"dendron.dendron-site"},"type":"note","desc":"","links":[{"from":{"fname":"dendron.dev.setup","vaultName":"dendron.dendron-site"},"type":"backlink","position":{"start":{"line":50,"column":97,"offset":2056},"end":{"line":50,"column":124,"offset":2083},"indent":[]},"value":"dendron.dev.remote"},{"from":{"fname":"dendron.release.2021-05-31","vaultName":"dendron.dendron-site"},"type":"backlink","position":{"start":{"line":24,"column":7,"offset":794},"end":{"line":24,"column":68,"offset":855},"indent":[]},"value":"dendron.dev.remote"}],"anchors":{"summary":{"type":"header","value":"summary","line":9,"column":0},"developing":{"type":"header","value":"developing","line":15,"column":0},"running-plugin-remotely":{"type":"header","value":"running-plugin-remotely","line":17,"column":0},"qa":{"type":"header","value":"qa","line":21,"column":0},"running-all-plugin-tests":{"type":"header","value":"running-all-plugin-tests","line":23,"column":0},"running-a-single-plugin-test":{"type":"header","value":"running-a-single-plugin-test","line":27,"column":0},"running-non-plugin-tests":{"type":"header","value":"running-non-plugin-tests","line":37,"column":0}},"fname":"dendron.dev.remote","updated":1621356947643,"created":1621356586781,"parent":"3489b652-cd0e-4ac8-a734-08094dc043eb","children":[],"data":{},"contentHash":"1fc955b6965507ffe2631c784ecf18a3","custom":{}}
