{"id":"dc72e684-8ff8-4c41-a2f7-93fc14ee0d6a","title":"Arch","vault":{"fsPath":"vault","name":"dendron.dendron-site"},"type":"note","desc":"","links":[{"type":"wiki","from":{"fname":"pkg.dendron-markdown.arch","id":"dc72e684-8ff8-4c41-a2f7-93fc14ee0d6a","vaultName":"dendron.dendron-site"},"value":"pkg.dendron-markdown.cook","alias":"Writing a custom Dendron Unified Plugin","position":{"start":{"line":84,"column":13,"offset":2763},"end":{"line":84,"column":122,"offset":2872},"indent":[]},"xvault":false,"to":{"fname":"pkg.dendron-markdown.cook","anchorHeader":"writing-a-custom-dendron-unified-plugin"}},{"from":{"fname":"dendron.release.2021-05-31","vaultName":"dendron.dendron-site"},"type":"backlink","position":{"start":{"line":25,"column":7,"offset":862},"end":{"line":25,"column":70,"offset":925},"indent":[]},"value":"pkg.dendron-markdown.arch"}],"anchors":{"summary":{"type":"header","value":"summary","line":8,"column":0},"components":{"type":"header","value":"components","line":20,"column":0},"processor":{"type":"header","value":"processor","line":22,"column":0},"procmode":{"type":"header","value":"procmode","line":40,"column":0},"procflavor":{"type":"header","value":"procflavor","line":62,"column":0},"compilation":{"type":"header","value":"compilation","line":81,"column":0}},"fname":"pkg.dendron-markdown.arch","updated":1628178827477,"created":1622147759924,"parent":"69746008-2fa0-4036-b443-b15076a3d6bf","children":[],"data":{},"contentHash":"d743b9179d84d5a37c457e456555077b","custom":{}}
