{"id":"dd0058a4-ea02-41d3-8e22-fbcba85d2677","title":"Pattern","vault":{"fsPath":"vault","name":"dendron.dendron-site"},"type":"note","desc":"","links":[{"from":{"fname":"dendron.rfc.12-schema-improvements","vaultName":"dendron.dendron-site"},"type":"backlink","position":{"start":{"line":16,"column":4,"offset":341},"end":{"line":16,"column":58,"offset":395},"indent":[]},"value":"dendron.rfc.12-schema-improvements.pattern"}],"anchors":{"goal":{"type":"header","value":"goal","line":8,"column":0},"proposal":{"type":"header","value":"proposal","line":12,"column":0},"example":{"type":"header","value":"example","line":16,"column":0}},"fname":"dendron.rfc.12-schema-improvements.pattern","updated":1620592158017,"created":1620582369711,"parent":"8bc80164-6436-4c77-8077-7842f53a4a23","children":[],"data":{},"contentHash":"d60663eca720ad71867a94862c90dcfc","custom":{}}
