{"id":"dde0d05d-3e4c-498b-90bb-de4e902f02d6","title":"Troubleshooting","vault":{"fsPath":"vault","name":"dendron.dendron-site"},"type":"note","desc":"","links":[{"type":"wiki","from":{"fname":"dendron.dev.troubleshooting","id":"dde0d05d-3e4c-498b-90bb-de4e902f02d6","vaultName":"dendron.dendron-site"},"value":"pkg.dendron-plugin","alias":"Dendron Plugin","position":{"start":{"line":38,"column":75,"offset":1102},"end":{"line":38,"column":112,"offset":1139},"indent":[]},"xvault":false,"to":{"fname":"pkg.dendron-plugin"}}],"anchors":{"common-issues":{"type":"header","value":"common-issues","line":9,"column":0},"relative-import-to-an-inter-workspace-dependency":{"type":"header","value":"relative-import-to-an-inter-workspace-dependency","line":11,"column":0},"common-fixes":{"type":"header","value":"common-fixes","line":40,"column":0},"remove-the--folder":{"type":"header","value":"remove-the--folder","line":42,"column":0}},"fname":"dendron.dev.troubleshooting","updated":1623775022384,"created":1620686948200,"parent":"3489b652-cd0e-4ac8-a734-08094dc043eb","children":[],"data":{},"contentHash":"8196b88572858ca13d81f4774892680b","custom":{}}
