{"id":"DHIrhcaXSP8pvtGX","title":"Preview V2","vault":{"fsPath":"vault","name":"dendron.dendron-site"},"type":"note","desc":"","links":[],"anchors":{"files":{"type":"header","value":"files","line":8,"column":0},"components":{"type":"header","value":"components","line":16,"column":0},"code-hiighlighting":{"type":"header","value":"code-hiighlighting","line":18,"column":0}},"fname":"pkg.dendron-plugin.internal.preview-v2","updated":1626142807787,"created":1626142807787,"parent":"4b8f0470-dacb-433b-8d0c-f5a7d8f5245d","children":[],"data":{},"contentHash":"6533ddd11bc07203f6778d6b6197bfba","custom":{}}
