{"id":"dpCnjhyzVVjYZqKQ3wPA4","title":"Logs","vault":{"fsPath":"vault","name":"dendron.dendron-site"},"type":"note","desc":"","links":[{"type":"wiki","from":{"fname":"pkg.dendron-plugin.ops.logs","id":"dpCnjhyzVVjYZqKQ3wPA4","vaultName":"dendron.dendron-site"},"value":"pkg.dendron-plugin.arch.startup","alias":"Startup","position":{"start":{"line":5,"column":5,"offset":78},"end":{"line":5,"column":56,"offset":129},"indent":[]},"xvault":false,"sameFile":false,"to":{"fname":"pkg.dendron-plugin.arch.startup","anchorHeader":"summary"}},{"from":{"fname":"pkg.dendron-plugin.ops","vaultName":"dendron.dendron-site"},"type":"backlink","position":{"start":{"line":17,"column":34,"offset":294},"end":{"line":17,"column":91,"offset":351},"indent":[]},"value":"pkg.dendron-plugin.ops.logs"},{"from":{"fname":"pkg.dendron-plugin.ops","vaultName":"dendron.dendron-site"},"type":"backlink","position":{"start":{"line":18,"column":46,"offset":397},"end":{"line":18,"column":104,"offset":455},"indent":[]},"value":"pkg.dendron-plugin.ops.logs"}],"anchors":{"logs":{"type":"header","value":"logs","line":8,"column":0},"startup":{"type":"header","value":"startup","line":11,"column":0},"normal":{"type":"header","value":"normal","line":13,"column":0},"init":{"type":"header","value":"init","line":15,"column":0},"start-engine-process":{"type":"header","value":"start-engine-process","line":25,"column":0},"finish-indexing-notes":{"type":"header","value":"finish-indexing-notes","line":35,"column":0},"setup-workspace":{"type":"header","value":"setup-workspace","line":52,"column":0},"preview-startup":{"type":"header","value":"preview-startup","line":65,"column":0},"upgrade":{"type":"header","value":"upgrade","line":79,"column":0}},"fname":"pkg.dendron-plugin.ops.logs","updated":1628346708988,"created":1628345272665,"parent":"31f745c3-73e0-4264-9858-099a826e4fd1","children":[],"data":{},"contentHash":"3cd321038e23381aa17edb69e2297eb2","custom":{}}
