{"id":"e05c751f-7d5c-4fcf-8868-01092813d1dd","title":"Release Notes(version 0.22)","vault":{"fsPath":"vault","name":"dendron.dendron-site"},"type":"note","desc":"","links":[{"type":"wiki","from":{"fname":"dendron.release.2020-12-28","id":"e05c751f-7d5c-4fcf-8868-01092813d1dd","vaultName":"dendron.dendron-site"},"value":"dendron.topic.publishing","alias":"Publishing v2","position":{"start":{"line":3,"column":35,"offset":59},"end":{"line":3,"column":77,"offset":101},"indent":[]},"xvault":false,"to":{"fname":"dendron.topic.publishing"}},{"type":"wiki","from":{"fname":"dendron.release.2020-12-28","id":"e05c751f-7d5c-4fcf-8868-01092813d1dd","vaultName":"dendron.dendron-site"},"value":"dendron.topic.publishing.migration","alias":"here","position":{"start":{"line":3,"column":229,"offset":253},"end":{"line":3,"column":277,"offset":301},"indent":[]},"xvault":false,"to":{"fname":"dendron.topic.publishing.migration","anchorHeader":"gaps"}},{"type":"wiki","from":{"fname":"dendron.release.2020-12-28","id":"e05c751f-7d5c-4fcf-8868-01092813d1dd","vaultName":"dendron.dendron-site"},"value":"dendron.topic.publishing.quickstart","alias":"here","position":{"start":{"line":5,"column":110,"offset":462},"end":{"line":5,"column":154,"offset":506},"indent":[]},"xvault":false,"to":{"fname":"dendron.topic.publishing.quickstart"}},{"type":"wiki","from":{"fname":"dendron.release.2020-12-28","id":"e05c751f-7d5c-4fcf-8868-01092813d1dd","vaultName":"dendron.dendron-site"},"value":"dendron.topic.publishing.github","alias":"github actions based publishing workflow","position":{"start":{"line":16,"column":3,"offset":789},"end":{"line":16,"column":79,"offset":865},"indent":[]},"xvault":false,"to":{"fname":"dendron.topic.publishing.github"}},{"type":"wiki","from":{"fname":"dendron.release.2020-12-28","id":"e05c751f-7d5c-4fcf-8868-01092813d1dd","vaultName":"dendron.dendron-site"},"value":"dendron.community.roles","alias":"roles here","position":{"start":{"line":30,"column":20,"offset":1296},"end":{"line":30,"column":58,"offset":1334},"indent":[]},"xvault":false,"to":{"fname":"dendron.community.roles"}},{"type":"ref","from":{"fname":"dendron.release.2020-12-28","id":"e05c751f-7d5c-4fcf-8868-01092813d1dd","vaultName":"dendron.dendron-site"},"value":"dendron.release.changelog","position":{"start":{"line":48,"column":1,"offset":2168},"end":{"line":48,"column":42,"offset":2209},"indent":[]},"xvault":false,"to":{"fname":"dendron.release.changelog","anchorHeader":"0212:#0202"}}],"anchors":{"highlights":{"type":"header","value":"highlights","line":18,"column":0},"in-the-works":{"type":"header","value":"in-the-works","line":26,"column":0},"thanks":{"type":"header","value":"thanks","line":32,"column":0},"changelog":{"type":"header","value":"changelog","line":52,"column":0}},"fname":"dendron.release.2020-12-28","updated":1616950049310,"created":1609180024902,"parent":"932534e7-e788-4fdb-bc8c-eaf761992a8d","children":[],"data":{},"contentHash":"fccce41f44be830b580a726dbc0e2d8f","custom":{}}
