{"id":"e0e854eb-ed78-4a98-8a95-5120426b7a1d","title":"GitHub Token","vault":{"fsPath":"vault","name":"dendron.dendron-site"},"type":"note","desc":"","links":[{"from":{"fname":"dendron.topic.managed-publishing.quickstart","vaultName":"dendron.dendron-site"},"type":"backlink","position":{"start":{"line":11,"column":12,"offset":434},"end":{"line":11,"column":87,"offset":509},"indent":[]},"value":"dendron.rfc.2-managed-publishing.ref.github-token"}],"anchors":{},"fname":"dendron.rfc.2-managed-publishing.ref.github-token","updated":1613063569227,"created":1613062854778,"parent":"8f3f56fe-e45c-41d8-a8f0-f21f822b4877","children":[],"data":{},"contentHash":"347a7c11f200918e0676b4292972ea33","custom":{}}
