{"id":"e1b84d7e-9b0d-4616-917f-f3af1e7541b0","title":"Changelogs","vault":{"fsPath":"vault","name":"dendron.dendron-site"},"type":"note","desc":"","links":[{"type":"wiki","from":{"fname":"dendron.topic.publishing.changelogs","id":"e1b84d7e-9b0d-4616-917f-f3af1e7541b0","vaultName":"dendron.dendron-site"},"value":"dendron.topic.publishing.github","alias":"publishing with github actions","position":{"start":{"line":18,"column":66,"offset":925},"end":{"line":18,"column":132,"offset":991},"indent":[]},"xvault":false,"to":{"fname":"dendron.topic.publishing.github"}},{"type":"ref","from":{"fname":"dendron.topic.publishing.changelogs","id":"e1b84d7e-9b0d-4616-917f-f3af1e7541b0","vaultName":"dendron.dendron-site"},"value":"dendron.topic.config.dendron","position":{"start":{"line":12,"column":1,"offset":538},"end":{"line":12,"column":55,"offset":592},"indent":[]},"xvault":false,"to":{"fname":"dendron.topic.config.dendron","anchorHeader":"generatechangelog:#*"}},{"from":{"fname":"dendron.release.changelog.0-3-x","vaultName":"dendron.dendron-site"},"type":"backlink","position":{"start":{"line":286,"column":1,"offset":8462},"end":{"line":286,"column":54,"offset":8515},"indent":[]},"value":"dendron.topic.publishing.changelogs"},{"from":{"fname":"dendron.topic.config.dendron","vaultName":"dendron.dendron-site"},"type":"backlink","position":{"start":{"line":20,"column":19,"offset":437},"end":{"line":20,"column":69,"offset":487},"indent":[]},"value":"dendron.topic.publishing.changelogs"}],"anchors":{"summary":{"type":"header","value":"summary","line":8,"column":0},"enable-changelogs":{"type":"header","value":"enable-changelogs","line":15,"column":0},"limitations":{"type":"header","value":"limitations","line":20,"column":0},"faq":{"type":"header","value":"faq","line":26,"column":0},"how-is-this-different-from-a-":{"type":"header","value":"how-is-this-different-from-a-","line":28,"column":0}},"fname":"dendron.topic.publishing.changelogs","updated":1619551082909,"created":1615241095799,"parent":"579e379b-3eca-4676-b51c-c66eb26a11b8","children":[],"data":{},"contentHash":"27b0bccb6e1e79423eacfe497f222cbd","custom":{}}
