{"id":"e32aa1e2-9780-4183-927e-2f46372050aa","title":"Release Notes(version 0.5)","vault":{"fsPath":"vault","name":"dendron.dendron-site"},"type":"note","desc":"","links":[{"type":"wiki","from":{"fname":"dendron.release.2020-08-02","id":"e32aa1e2-9780-4183-927e-2f46372050aa","vaultName":"dendron.dendron-site"},"value":"dendron.topic.publishing","alias":"publish","position":{"start":{"line":24,"column":70,"offset":1390},"end":{"line":24,"column":106,"offset":1426},"indent":[]},"xvault":false,"to":{"fname":"dendron.topic.publishing"}},{"type":"wiki","from":{"fname":"dendron.release.2020-08-02","id":"e32aa1e2-9780-4183-927e-2f46372050aa","vaultName":"dendron.dendron-site"},"value":"dendron.tutorial.recap","alias":"quickstart","position":{"start":{"line":34,"column":47,"offset":1888},"end":{"line":34,"column":84,"offset":1925},"indent":[]},"xvault":false,"to":{"fname":"dendron.tutorial.recap"}},{"type":"wiki","from":{"fname":"dendron.release.2020-08-02","id":"e32aa1e2-9780-4183-927e-2f46372050aa","vaultName":"dendron.dendron-site"},"value":"tags.roadmap","alias":"#roadmap","position":{"start":{"line":148,"column":213,"offset":8119},"end":{"line":148,"column":221,"offset":8127},"indent":[]},"xvault":false,"to":{"fname":"tags.roadmap"}}],"anchors":{"legend":{"type":"header","value":"legend","line":16,"column":0},"commands":{"type":"header","value":"commands","line":20,"column":0},"add-doctor-command":{"type":"header","value":"add-doctor-command","line":24,"column":0},"add-showhelp-command":{"type":"header","value":"add-showhelp-command","line":37,"column":0},"pods":{"type":"header","value":"pods","line":47,"column":0},"-support-publishing-notes":{"type":"header","value":"-support-publishing-notes","line":51,"column":0},"features":{"type":"header","value":"features","line":57,"column":0},"nested-hierarchies":{"type":"header","value":"nested-hierarchies","line":59,"column":0},"lookup":{"type":"header","value":"lookup","line":65,"column":0},"permanent-ids":{"type":"header","value":"permanent-ids","line":71,"column":0},"free-hosting-custom-domain-names-and-ssl-certs":{"type":"header","value":"free-hosting-custom-domain-names-and-ssl-certs","line":77,"column":0},"jekyll-liquid-tags-and-variables":{"type":"header","value":"jekyll-liquid-tags-and-variables","line":83,"column":0},"selective-publication":{"type":"header","value":"selective-publication","line":89,"column":0},"setup-initial-workspace-to-be-ready-for-publishing":{"type":"header","value":"setup-initial-workspace-to-be-ready-for-publishing","line":95,"column":0},"schemas":{"type":"header","value":"schemas","line":101,"column":0},"enable-lookup-for-schemas":{"type":"header","value":"enable-lookup-for-schemas","line":105,"column":0},"schema-templates":{"type":"header","value":"schema-templates","line":120,"column":0},"simpler-schema-syntax":{"type":"header","value":"simpler-schema-syntax","line":132,"column":0},"fixes":{"type":"header","value":"fixes","line":138,"column":0},"enhancements":{"type":"header","value":"enhancements","line":146,"column":0},"next":{"type":"header","value":"next","line":153,"column":0},"refactor-hierarchies":{"type":"header","value":"refactor-hierarchies","line":157,"column":0},"more-templates-and-examples":{"type":"header","value":"more-templates-and-examples","line":163,"column":0},"thank-you":{"type":"header","value":"thank-you","line":167,"column":0}},"fname":"dendron.release.2020-08-02","updated":1623981566779,"created":1596374984386,"parent":"932534e7-e788-4fdb-bc8c-eaf761992a8d","children":[],"data":{},"contentHash":"f9f339556f242f8191f65305be20f0f8","custom":{"date":"2020-08-02"}}
