{"id":"e4162af6-36e3-483e-b44f-1df1f3659556","title":"Internal","vault":{"fsPath":"vault","name":"dendron.dendron-site"},"type":"note","desc":"","links":[{"from":{"fname":"pkg.dendron-next-server.arch","vaultName":"dendron.dendron-site"},"type":"backlink","position":{"start":{"line":35,"column":66,"offset":2069},"end":{"line":35,"column":115,"offset":2118},"indent":[]},"value":"pkg.dendron-next-server.internal"}],"anchors":{"onclick":{"type":"header","value":"onclick","line":8,"column":0}},"fname":"pkg.dendron-next-server.internal","updated":1622130845052,"created":1621526990532,"parent":"7cdd9a74-8b8f-4564-906b-c963bed34273","children":["e1c588f5-dbab-4054-a341-ddc85a05fbd6"],"data":{},"contentHash":"250133924e0987a1fa7a76568cb18be6","custom":{}}
