{"id":"e4be70f5-e035-4e11-b915-3a3508cd9d6b","title":"Release Notes (version 0.32)","vault":{"fsPath":"vault","name":"dendron.dendron-site"},"type":"note","desc":"","links":[{"type":"wiki","from":{"fname":"dendron.release.2021-03-08","id":"e4be70f5-e035-4e11-b915-3a3508cd9d6b","vaultName":"dendron.dendron-site"},"value":"dendron.community.roles","alias":"here","position":{"start":{"line":13,"column":38,"offset":388},"end":{"line":13,"column":70,"offset":420},"indent":[]},"xvault":false,"to":{"fname":"dendron.community.roles"}},{"type":"ref","from":{"fname":"dendron.release.2021-03-08","id":"e4be70f5-e035-4e11-b915-3a3508cd9d6b","vaultName":"dendron.dendron-site"},"value":"dendron.release.changelog","position":{"start":{"line":29,"column":1,"offset":1388},"end":{"line":29,"column":42,"offset":1429},"indent":[]},"xvault":false,"to":{"fname":"dendron.release.changelog","anchorHeader":"0313:#0310"}}],"anchors":{"highlights":{"type":"header","value":"highlights","line":11,"column":0},"community":{"type":"header","value":"community","line":16,"column":0}},"fname":"dendron.release.2021-03-08","updated":1615242232695,"created":1615241525434,"parent":"932534e7-e788-4fdb-bc8c-eaf761992a8d","children":[],"data":{},"contentHash":"9acd10a97f58c161e47eb1642fb52701","custom":{}}
