{"id":"e4ea4fe3-0350-492e-863a-687d9fc15993","title":"Collections","vault":{"fsPath":"vault","name":"dendron.dendron-site"},"type":"note","desc":"","links":[{"type":"wiki","from":{"fname":"dendron.topic.publishing.collections","id":"e4ea4fe3-0350-492e-863a-687d9fc15993","vaultName":"dendron.dendron-site"},"value":"dendron.topic.publishing.configuration","alias":"has_collection","position":{"start":{"line":5,"column":124,"offset":363},"end":{"line":5,"column":196,"offset":435},"indent":[]},"xvault":false,"to":{"fname":"dendron.topic.publishing.configuration","anchorHeader":"has_collection"}},{"type":"wiki","from":{"fname":"dendron.topic.publishing.collections","id":"e4ea4fe3-0350-492e-863a-687d9fc15993","vaultName":"dendron.dendron-site"},"value":"dendron.topic.publishing.configuration","alias":"sort_order","position":{"start":{"line":13,"column":36,"offset":796},"end":{"line":13,"column":100,"offset":860},"indent":[]},"xvault":false,"to":{"fname":"dendron.topic.publishing.configuration","anchorHeader":"sort_order"}},{"type":"ref","from":{"fname":"dendron.topic.publishing.collections","id":"e4ea4fe3-0350-492e-863a-687d9fc15993","vaultName":"dendron.dendron-site"},"value":"dendron.topic.publishing.configuration","position":{"start":{"line":17,"column":1,"offset":889},"end":{"line":17,"column":60,"offset":948},"indent":[]},"xvault":false,"to":{"fname":"dendron.topic.publishing.configuration","anchorHeader":"skiplevels,1:#*"}},{"from":{"fname":"dendron.release.changelog.0-2-x","vaultName":"dendron.dendron-site"},"type":"backlink","position":{"start":{"line":293,"column":5,"offset":9284},"end":{"line":293,"column":57,"offset":9336},"indent":[]},"value":"dendron.topic.publishing.collections"}],"anchors":{"sorting":{"type":"header","value":"sorting","line":15,"column":0},"skip-levels":{"type":"header","value":"skip-levels","line":21,"column":0}},"fname":"dendron.topic.publishing.collections","updated":1614538231995,"created":1609433737726,"parent":"579e379b-3eca-4676-b51c-c66eb26a11b8","children":[],"data":{},"contentHash":"d8439bf3282d9b3a9f1c136462f6c9fe","custom":{}}
