{"id":"e53cb939-88f1-4892-9e8d-e98551923995","title":"Graph Backend","vault":{"fsPath":"vault","name":"dendron.dendron-site"},"type":"note","desc":"","links":[{"from":{"fname":"dendron.rfc.7-graph-rework","vaultName":"dendron.dendron-site"},"type":"backlink","position":{"start":{"line":42,"column":4,"offset":983},"end":{"line":42,"column":62,"offset":1041},"indent":[]},"value":"dendron.rfc.7-graph-rework.graph-backend"}],"anchors":{"description":{"type":"header","value":"description","line":8,"column":0},"goals":{"type":"header","value":"goals","line":12,"column":0},"data-structure--database":{"type":"header","value":"data-structure--database","line":26,"column":0},"caching":{"type":"header","value":"caching","line":42,"column":0},"proposal":{"type":"header","value":"proposal","line":48,"column":0},"author":{"type":"header","value":"author","line":62,"column":0}},"fname":"dendron.rfc.7-graph-rework.graph-backend","updated":1619642183539,"created":1615194010974,"parent":"c998c642-a748-4f77-9285-cfec35330251","children":[],"data":{},"contentHash":"9d66fd02f79d7bd6cd56d86265fb2f84","custom":{}}
