{"id":"e543ad13-1108-448c-b3a6-9976fd7a65ce","title":"Release Notes(version 0.21)","vault":{"fsPath":"vault","name":"dendron.dendron-site"},"type":"note","desc":"","links":[{"type":"wiki","from":{"fname":"dendron.release.2020-12-21","id":"e543ad13-1108-448c-b3a6-9976fd7a65ce","vaultName":"dendron.dendron-site"},"value":"dendron.topic.vaults.multi-vault","alias":"here","position":{"start":{"line":3,"column":130,"offset":154},"end":{"line":3,"column":171,"offset":195},"indent":[]},"xvault":false,"to":{"fname":"dendron.topic.vaults.multi-vault"}},{"type":"wiki","from":{"fname":"dendron.release.2020-12-21","id":"e543ad13-1108-448c-b3a6-9976fd7a65ce","vaultName":"dendron.dendron-site"},"value":"dendron.topic.publishing.quickstart","alias":"here","position":{"start":{"line":7,"column":173,"offset":525},"end":{"line":7,"column":217,"offset":569},"indent":[]},"xvault":false,"to":{"fname":"dendron.topic.publishing.quickstart"}},{"type":"wiki","from":{"fname":"dendron.release.2020-12-21","id":"e543ad13-1108-448c-b3a6-9976fd7a65ce","vaultName":"dendron.dendron-site"},"value":"dendron.community.roles","alias":"here","position":{"start":{"line":23,"column":41,"offset":1056},"end":{"line":23,"column":73,"offset":1088},"indent":[]},"xvault":false,"to":{"fname":"dendron.community.roles"}}],"anchors":{"highlights":{"type":"header","value":"highlights","line":15,"column":0},"community":{"type":"header","value":"community","line":24,"column":0},"in-the-works":{"type":"header","value":"in-the-works","line":31,"column":0},"thanks":{"type":"header","value":"thanks","line":36,"column":0}},"fname":"dendron.release.2020-12-21","updated":1616950042304,"created":1608580995965,"parent":"932534e7-e788-4fdb-bc8c-eaf761992a8d","children":[],"data":{},"contentHash":"40457e56dd30c265a2ad1d80cc0e3081","custom":{}}
