{"id":"e65dfe53-41f7-4b16-b870-dadec1775497","title":"Bullet Journaling","vault":{"fsPath":"vault","name":"dendron.dendron-site"},"type":"note","desc":"","links":[{"type":"ref","from":{"fname":"dendron.workflows.bullet-journal","id":"e65dfe53-41f7-4b16-b870-dadec1775497","vaultName":"dendron.dendron-site"},"value":"dendron.topic.special-notes","position":{"start":{"line":12,"column":1,"offset":433},"end":{"line":12,"column":52,"offset":484},"indent":[]},"xvault":false,"to":{"fname":"dendron.topic.special-notes","anchorHeader":"daily-journal,1:#*"}},{"type":"ref","from":{"fname":"dendron.workflows.bullet-journal","id":"e65dfe53-41f7-4b16-b870-dadec1775497","vaultName":"dendron.dendron-site"},"value":"dendron.topic.commands","position":{"start":{"line":16,"column":1,"offset":518},"end":{"line":16,"column":49,"offset":566},"indent":[]},"xvault":false,"to":{"fname":"dendron.topic.commands","anchorHeader":"go-next-sibling,1:#*"}},{"type":"ref","from":{"fname":"dendron.workflows.bullet-journal","id":"e65dfe53-41f7-4b16-b870-dadec1775497","vaultName":"dendron.dendron-site"},"value":"dendron.topic.schema","position":{"start":{"line":20,"column":1,"offset":590},"end":{"line":20,"column":40,"offset":629},"indent":[]},"xvault":false,"to":{"fname":"dendron.topic.schema","anchorHeader":"template,1:#*"}},{"type":"ref","from":{"fname":"dendron.workflows.bullet-journal","id":"e65dfe53-41f7-4b16-b870-dadec1775497","vaultName":"dendron.dendron-site"},"value":"dendron.guides.tips","position":{"start":{"line":26,"column":1,"offset":676},"end":{"line":26,"column":40,"offset":715},"indent":[]},"xvault":false,"to":{"fname":"dendron.guides.tips","anchorHeader":"moving-panes,1"}}],"anchors":{"kevins-workflow":{"type":"header","value":"kevins-workflow","line":10,"column":0},"features-used":{"type":"header","value":"features-used","line":15,"column":0},"create-daily-journal-notes-command":{"type":"header","value":"create-daily-journal-notes-command","line":17,"column":0},"sibling-navigation-command":{"type":"header","value":"sibling-navigation-command","line":21,"column":0},"schema-templates":{"type":"header","value":"schema-templates","line":25,"column":0},"vscode-commands":{"type":"header","value":"vscode-commands","line":29,"column":0},"move-editor-command":{"type":"header","value":"move-editor-command","line":31,"column":0},"kevins-workflow-part-2":{"type":"header","value":"kevins-workflow-part-2","line":35,"column":0},"kirans-workflow":{"type":"header","value":"kirans-workflow","line":41,"column":0}},"fname":"dendron.workflows.bullet-journal","updated":1604764944798,"created":1601684760121,"parent":"9313b845-d9bf-42c9-aad1-0da34794ce26","children":[],"data":{},"contentHash":"f1bc25bb801be0594d680a8029141282","custom":{"stub":false}}
