{"id":"e71bcee0-2e97-49bd-ab5b-634df8903132","title":"Release Notes (version 0.35)","vault":{"fsPath":"vault","name":"dendron.dendron-site"},"type":"note","desc":"","links":[{"type":"wiki","from":{"fname":"dendron.release.2021-03-29","id":"e71bcee0-2e97-49bd-ab5b-634df8903132","vaultName":"dendron.dendron-site"},"value":"dendron.community.roles","alias":"here","position":{"start":{"line":16,"column":38,"offset":660},"end":{"line":16,"column":70,"offset":692},"indent":[]},"xvault":false,"to":{"fname":"dendron.community.roles"}},{"type":"ref","from":{"fname":"dendron.release.2021-03-29","id":"e71bcee0-2e97-49bd-ab5b-634df8903132","vaultName":"dendron.dendron-site"},"value":"dendron.release.changelog","position":{"start":{"line":34,"column":1,"offset":1494},"end":{"line":34,"column":42,"offset":1535},"indent":[]},"xvault":false,"to":{"fname":"dendron.release.changelog","anchorHeader":"0341:#0340"}}],"anchors":{"highlights":{"type":"header","value":"highlights","line":10,"column":0},"spring-cleaning":{"type":"header","value":"spring-cleaning","line":15,"column":0},"community":{"type":"header","value":"community","line":19,"column":0}},"fname":"dendron.release.2021-03-29","updated":1617644797532,"created":1617039442351,"parent":"932534e7-e788-4fdb-bc8c-eaf761992a8d","children":[],"data":{},"contentHash":"f6dbea56d793d699e817ecbc6a3e0900","custom":{}}
