{"id":"e81d2800-83c0-4ba6-8f00-34c3557da43d","title":"Release Notes (version 0.23)","vault":{"fsPath":"vault","name":"dendron.dendron-site"},"type":"note","desc":"","links":[{"type":"wiki","from":{"fname":"dendron.release.2021-01-04","id":"e81d2800-83c0-4ba6-8f00-34c3557da43d","vaultName":"dendron.dendron-site"},"value":"dendron.guides.upgrading","alias":"here","position":{"start":{"line":3,"column":30,"offset":69},"end":{"line":3,"column":92,"offset":131},"indent":[]},"xvault":false,"to":{"fname":"dendron.guides.upgrading","anchorHeader":"dendron-cli-and-dendron-11ty"}},{"type":"ref","from":{"fname":"dendron.release.2021-01-04","id":"e81d2800-83c0-4ba6-8f00-34c3557da43d","vaultName":"dendron.dendron-site"},"value":"dendron.release.changelog","position":{"start":{"line":54,"column":1,"offset":2129},"end":{"line":54,"column":42,"offset":2170},"indent":[]},"xvault":false,"to":{"fname":"dendron.release.changelog","anchorHeader":"0222:#0212"}}],"anchors":{"highlights":{"type":"header","value":"highlights","line":11,"column":0},"in-the-works":{"type":"header","value":"in-the-works","line":20,"column":0},"thanks":{"type":"header","value":"thanks","line":26,"column":0},"version-numbers":{"type":"header","value":"version-numbers","line":50,"column":0},"changelog":{"type":"header","value":"changelog","line":58,"column":0}},"fname":"dendron.release.2021-01-04","updated":1609787304398,"created":1609786176221,"parent":"932534e7-e788-4fdb-bc8c-eaf761992a8d","children":[],"data":{},"contentHash":"9888e5ecfbd4a73f307f5b7ea06ea2fe","custom":{}}
