{"id":"e9f26a4b-ddce-41b3-9619-8f4f64761f86","title":"Advanced","vault":{"fsPath":"vault","name":"dendron.dendron-site"},"type":"note","desc":"","links":[{"from":{"fname":"dendron.workflows.cache","vaultName":"dendron.dendron-site"},"type":"backlink","position":{"start":{"line":26,"column":3,"offset":1249},"end":{"line":26,"column":84,"offset":1330},"indent":[]},"value":"dendron.topic.publishing.advanced"}],"anchors":{"exclude-from-publication":{"type":"header","value":"exclude-from-publication","line":7,"column":0},"exclude-from-indexing":{"type":"header","value":"exclude-from-indexing","line":16,"column":0}},"fname":"dendron.topic.publishing.advanced","updated":1614535629477,"created":1600564193281,"parent":"579e379b-3eca-4676-b51c-c66eb26a11b8","children":[],"data":{},"contentHash":"46ecdf4a532b0d4ce7472bfd6b430e8a","custom":{}}
