{"id":"ebf58a4a-18f8-498d-95eb-04d856c0a000","title":"Dendron Engine Architecture","vault":{"fsPath":"vault","name":"dendron.dendron-site"},"type":"note","desc":"","links":[{"type":"wiki","from":{"fname":"pkg.dendron-engine.arch","id":"ebf58a4a-18f8-498d-95eb-04d856c0a000","vaultName":"dendron.dendron-site"},"value":"pkg.dendron-engine.internal.lookup","alias":"queryNotes","position":{"start":{"line":30,"column":57,"offset":722},"end":{"line":30,"column":117,"offset":782},"indent":[]},"xvault":false,"to":{"fname":"pkg.dendron-engine.internal.lookup","anchorHeader":"querynotes"}},{"type":"wiki","from":{"fname":"pkg.dendron-engine.arch","id":"ebf58a4a-18f8-498d-95eb-04d856c0a000","vaultName":"dendron.dendron-site"},"value":"pkg.dendron-engine.internal.startup","alias":"Dendron Startup","position":{"start":{"line":43,"column":3,"offset":1444},"end":{"line":43,"column":58,"offset":1499},"indent":[]},"xvault":false,"to":{"fname":"pkg.dendron-engine.internal.startup"}},{"from":{"fname":"dendron.dev.design","vaultName":"dendron.dendron-site"},"type":"backlink","position":{"start":{"line":7,"column":1,"offset":155},"end":{"line":7,"column":80,"offset":234},"indent":[]},"value":"pkg.dendron-engine.arch"},{"from":{"fname":"pkg.dendron-api-server.arch","vaultName":"dendron.dendron-site"},"type":"backlink","position":{"start":{"line":3,"column":3,"offset":14},"end":{"line":3,"column":30,"offset":41},"indent":[]},"value":"pkg.dendron-engine.arch"},{"from":{"fname":"pkg.dendron-engine.cook","vaultName":"dendron.dendron-site"},"type":"backlink","position":{"start":{"line":112,"column":5,"offset":4071},"end":{"line":112,"column":62,"offset":4128},"indent":[]},"value":"pkg.dendron-engine.arch"}],"anchors":{"initialization":{"type":"header","value":"initialization","line":9,"column":0},"indexing":{"type":"header","value":"indexing","line":33,"column":0},"refreshing-notes":{"type":"header","value":"refreshing-notes","line":43,"column":0},"related":{"type":"header","value":"related","line":48,"column":0}},"fname":"pkg.dendron-engine.arch","updated":1624400446517,"created":1619535999168,"parent":"5a7103be-eb92-4380-8207-598e9f10724c","children":["Rp1yFBOH6BletGam","JE3t4O3SrKwTCCnWRhsL2","UOvhhWXPOttmb2af"],"data":{},"contentHash":"9f62d0885f03a25ad9e40a706f0a17f1","custom":{}}
