{"id":"ed4162aa-5474-4483-9fbc-c0b505310c59","title":"0.1.X","vault":{"fsPath":"vault","name":"dendron.dendron-site"},"type":"note","desc":"","links":[{"type":"wiki","from":{"fname":"dendron.release.changelog.0-1-x","id":"ed4162aa-5474-4483-9fbc-c0b505310c59","vaultName":"dendron.dendron-site"},"value":"dendron.community.roles","alias":"environmentalists","position":{"start":{"line":52,"column":65,"offset":2252},"end":{"line":52,"column":127,"offset":2314},"indent":[]},"xvault":false,"to":{"fname":"dendron.community.roles","anchorHeader":"environmentalist"}},{"type":"wiki","from":{"fname":"dendron.release.changelog.0-1-x","id":"ed4162aa-5474-4483-9fbc-c0b505310c59","vaultName":"dendron.dendron-site"},"value":"dendron.topic.commands","alias":"sibling nav","position":{"start":{"line":106,"column":11,"offset":5204},"end":{"line":106,"column":65,"offset":5258},"indent":[]},"xvault":false,"to":{"fname":"dendron.topic.commands","anchorHeader":"go-next-sibling"}},{"type":"wiki","from":{"fname":"dendron.release.changelog.0-1-x","id":"ed4162aa-5474-4483-9fbc-c0b505310c59","vaultName":"dendron.dendron-site"},"value":"dendron.topic.commands","alias":"go to sibling","position":{"start":{"line":116,"column":17,"offset":5900},"end":{"line":116,"column":73,"offset":5956},"indent":[]},"xvault":false,"to":{"fname":"dendron.topic.commands","anchorHeader":"go-next-sibling"}},{"type":"wiki","from":{"fname":"dendron.release.changelog.0-1-x","id":"ed4162aa-5474-4483-9fbc-c0b505310c59","vaultName":"dendron.dendron-site"},"value":"dendron.roadmap.project.n.2020.multi-vault","alias":"multi vault layout","position":{"start":{"line":175,"column":33,"offset":9029},"end":{"line":175,"column":113,"offset":9109},"indent":[]},"xvault":false,"to":{"fname":"dendron.roadmap.project.n.2020.multi-vault","anchorHeader":"initialization"}},{"type":"wiki","from":{"fname":"dendron.release.changelog.0-1-x","id":"ed4162aa-5474-4483-9fbc-c0b505310c59","vaultName":"dendron.dendron-site"},"value":"dendron.topic.tags","alias":"pretty tags","position":{"start":{"line":231,"column":102,"offset":12788},"end":{"line":231,"column":136,"offset":12822},"indent":[]},"xvault":false,"to":{"fname":"dendron.topic.tags"}},{"type":"wiki","from":{"fname":"dendron.release.changelog.0-1-x","id":"ed4162aa-5474-4483-9fbc-c0b505310c59","vaultName":"dendron.dendron-site"},"value":"dendron.roadmap.project.n.2020.multi-vault","alias":"Multi Vault Support","position":{"start":{"line":285,"column":23,"offset":14973},"end":{"line":285,"column":89,"offset":15039},"indent":[]},"xvault":false,"to":{"fname":"dendron.roadmap.project.n.2020.multi-vault"}},{"type":"wiki","from":{"fname":"dendron.release.changelog.0-1-x","id":"ed4162aa-5474-4483-9fbc-c0b505310c59","vaultName":"dendron.dendron-site"},"value":"dendron.roadmap.project.n.2020.server-migration","alias":"server mode","position":{"start":{"line":474,"column":16,"offset":24174},"end":{"line":474,"column":79,"offset":24237},"indent":[]},"xvault":false,"to":{"fname":"dendron.roadmap.project.n.2020.server-migration"}},{"type":"wiki","from":{"fname":"dendron.release.changelog.0-1-x","id":"ed4162aa-5474-4483-9fbc-c0b505310c59","vaultName":"dendron.dendron-site"},"value":"dendron.roadmap.project.n.2020.server-migration","alias":"server migration milestone","position":{"start":{"line":720,"column":21,"offset":36233},"end":{"line":720,"column":99,"offset":36311},"indent":[]},"xvault":false,"to":{"fname":"dendron.roadmap.project.n.2020.server-migration"}},{"type":"wiki","from":{"fname":"dendron.release.changelog.0-1-x","id":"ed4162aa-5474-4483-9fbc-c0b505310c59","vaultName":"dendron.dendron-site"},"value":"dendron.dev.design.engine","alias":"Dendron engine","position":{"start":{"line":722,"column":65,"offset":36408},"end":{"line":722,"column":109,"offset":36452},"indent":[]},"xvault":false,"to":{"fname":"dendron.dev.design.engine"}},{"type":"wiki","from":{"fname":"dendron.release.changelog.0-1-x","id":"ed4162aa-5474-4483-9fbc-c0b505310c59","vaultName":"dendron.dendron-site"},"value":"dendron.roadmap.project.n.2020.multi-vault","alias":"multi-vault support","position":{"start":{"line":726,"column":3,"offset":36727},"end":{"line":726,"column":69,"offset":36793},"indent":[]},"xvault":false,"to":{"fname":"dendron.roadmap.project.n.2020.multi-vault"}},{"type":"wiki","from":{"fname":"dendron.release.changelog.0-1-x","id":"ed4162aa-5474-4483-9fbc-c0b505310c59","vaultName":"dendron.dendron-site"},"value":"dendron.topic.config","alias":"configuration","position":{"start":{"line":777,"column":19,"offset":39020},"end":{"line":777,"column":57,"offset":39058},"indent":[]},"xvault":false,"to":{"fname":"dendron.topic.config"}},{"type":"wiki","from":{"fname":"dendron.release.changelog.0-1-x","id":"ed4162aa-5474-4483-9fbc-c0b505310c59","vaultName":"dendron.dendron-site"},"value":"dendron.roadmap.project.n.backlog.color-tabs","alias":"custom color tabs","position":{"start":{"line":778,"column":20,"offset":39078},"end":{"line":778,"column":86,"offset":39144},"indent":[]},"xvault":false,"to":{"fname":"dendron.roadmap.project.n.backlog.color-tabs"}},{"type":"wiki","from":{"fname":"dendron.release.changelog.0-1-x","id":"ed4162aa-5474-4483-9fbc-c0b505310c59","vaultName":"dendron.dendron-site"},"value":"dendron.roadmap","alias":"public roadmap","position":{"start":{"line":805,"column":64,"offset":39810},"end":{"line":805,"column":98,"offset":39844},"indent":[]},"xvault":false,"to":{"fname":"dendron.roadmap"}},{"type":"wiki","from":{"fname":"dendron.release.changelog.0-1-x","id":"ed4162aa-5474-4483-9fbc-c0b505310c59","vaultName":"dendron.dendron-site"},"value":"dendron.roadmap.project.n.2020.seeds","alias":"Seeds v0","position":{"start":{"line":807,"column":7,"offset":39852},"end":{"line":807,"column":56,"offset":39901},"indent":[]},"xvault":false,"to":{"fname":"dendron.roadmap.project.n.2020.seeds"}},{"type":"wiki","from":{"fname":"dendron.release.changelog.0-1-x","id":"ed4162aa-5474-4483-9fbc-c0b505310c59","vaultName":"dendron.dendron-site"},"value":"dendron.topic.seeds","alias":"seeds","position":{"start":{"line":819,"column":19,"offset":40218},"end":{"line":819,"column":48,"offset":40247},"indent":[]},"xvault":false,"to":{"fname":"dendron.topic.seeds"}},{"type":"ref","from":{"fname":"dendron.release.changelog.0-1-x","id":"ed4162aa-5474-4483-9fbc-c0b505310c59","vaultName":"dendron.dendron-site"},"value":"dendron.topic.seed-bank","position":{"start":{"line":17,"column":1,"offset":778},"end":{"line":17,"column":29,"offset":806},"indent":[]},"xvault":false,"to":{"fname":"dendron.topic.seed-bank"}},{"type":"ref","from":{"fname":"dendron.release.changelog.0-1-x","id":"ed4162aa-5474-4483-9fbc-c0b505310c59","vaultName":"dendron.dendron-site"},"value":"dendron.topic.vaults.multi-vault","position":{"start":{"line":43,"column":1,"offset":1417},"end":{"line":43,"column":87,"offset":1503},"indent":[]},"xvault":false,"to":{"fname":"dendron.topic.vaults.multi-vault","anchorHeader":"specify-vault-location-when-creating-a-note,1:#*"}},{"type":"ref","from":{"fname":"dendron.release.changelog.0-1-x","id":"ed4162aa-5474-4483-9fbc-c0b505310c59","vaultName":"dendron.dendron-site"},"value":"dendron.topic.commands","position":{"start":{"line":136,"column":1,"offset":7050},"end":{"line":136,"column":43,"offset":7092},"indent":[]},"xvault":false,"to":{"fname":"dendron.topic.commands","anchorHeader":"configure,1:#*"}},{"type":"ref","from":{"fname":"dendron.release.changelog.0-1-x","id":"ed4162aa-5474-4483-9fbc-c0b505310c59","vaultName":"dendron.dendron-site"},"value":"dendron.topic.commands","position":{"start":{"line":219,"column":1,"offset":12038},"end":{"line":219,"column":46,"offset":12083},"indent":[]},"xvault":false,"to":{"fname":"dendron.topic.commands","anchorHeader":"copy-note-link:#*"}},{"type":"ref","from":{"fname":"dendron.release.changelog.0-1-x","id":"ed4162aa-5474-4483-9fbc-c0b505310c59","vaultName":"dendron.dendron-site"},"value":"dendron.roadmap.project.n.2020.multi-vault","position":{"start":{"line":291,"column":1,"offset":15368},"end":{"line":291,"column":63,"offset":15430},"indent":[]},"xvault":false,"to":{"fname":"dendron.roadmap.project.n.2020.multi-vault","anchorHeader":"use-cases,1:#*"}},{"type":"ref","from":{"fname":"dendron.release.changelog.0-1-x","id":"ed4162aa-5474-4483-9fbc-c0b505310c59","vaultName":"dendron.dendron-site"},"value":"dendron.topic.references","position":{"start":{"line":341,"column":1,"offset":17895},"end":{"line":341,"column":51,"offset":17945},"indent":[]},"xvault":false,"to":{"fname":"dendron.topic.references","anchorHeader":"wildcard-note-refs,1"}},{"type":"ref","from":{"fname":"dendron.release.changelog.0-1-x","id":"ed4162aa-5474-4483-9fbc-c0b505310c59","vaultName":"dendron.dendron-site"},"value":"dendron.topic.cli","position":{"start":{"line":368,"column":1,"offset":18878},"end":{"line":368,"column":45,"offset":18922},"indent":[]},"xvault":false,"to":{"fname":"dendron.topic.cli","anchorHeader":"launchengineserver:#*"}},{"type":"ref","from":{"fname":"dendron.release.changelog.0-1-x","id":"ed4162aa-5474-4483-9fbc-c0b505310c59","vaultName":"dendron.dendron-site"},"value":"dendron.topic.lookup.modifiers","position":{"start":{"line":388,"column":1,"offset":19921},"end":{"line":388,"column":54,"offset":19974},"indent":[]},"xvault":false,"to":{"fname":"dendron.topic.lookup.modifiers","anchorHeader":"copywikilink,1:#*"}},{"type":"ref","from":{"fname":"dendron.release.changelog.0-1-x","id":"ed4162aa-5474-4483-9fbc-c0b505310c59","vaultName":"dendron.dendron-site"},"value":"dendron.topic.lookup.modifiers","position":{"start":{"line":394,"column":1,"offset":20145},"end":{"line":394,"column":53,"offset":20197},"indent":[]},"xvault":false,"to":{"fname":"dendron.topic.lookup.modifiers","anchorHeader":"multiselect,1:#*"}},{"type":"ref","from":{"fname":"dendron.release.changelog.0-1-x","id":"ed4162aa-5474-4483-9fbc-c0b505310c59","vaultName":"dendron.dendron-site"},"value":"dendron.topic.commands","position":{"start":{"line":450,"column":1,"offset":23139},"end":{"line":450,"column":42,"offset":23180},"indent":[]},"xvault":false,"to":{"fname":"dendron.topic.commands","anchorHeader":"contribute:#*"}},{"type":"ref","from":{"fname":"dendron.release.changelog.0-1-x","id":"ed4162aa-5474-4483-9fbc-c0b505310c59","vaultName":"dendron.dendron-site"},"value":"dendron.topic.capabilities.snapshot","position":{"start":{"line":456,"column":1,"offset":23340},"end":{"line":456,"column":54,"offset":23393},"indent":[]},"xvault":false,"to":{"fname":"dendron.topic.capabilities.snapshot","anchorHeader":"snapshots:#*"}},{"type":"ref","from":{"fname":"dendron.release.changelog.0-1-x","id":"ed4162aa-5474-4483-9fbc-c0b505310c59","vaultName":"dendron.dendron-site"},"value":"dendron.topic.lookup","position":{"start":{"line":517,"column":1,"offset":26530},"end":{"line":517,"column":45,"offset":26574},"indent":[]},"xvault":false,"to":{"fname":"dendron.topic.lookup","anchorHeader":"filter-toggle,1:#*"}},{"type":"ref","from":{"fname":"dendron.release.changelog.0-1-x","id":"ed4162aa-5474-4483-9fbc-c0b505310c59","vaultName":"dendron.dendron-site"},"value":"dendron.topic.lookup.modifiers","position":{"start":{"line":520,"column":3,"offset":26672},"end":{"line":520,"column":52,"offset":26721},"indent":[]},"xvault":false,"to":{"fname":"dendron.topic.lookup.modifiers","anchorHeader":"filtertype:#*"}},{"type":"ref","from":{"fname":"dendron.release.changelog.0-1-x","id":"ed4162aa-5474-4483-9fbc-c0b505310c59","vaultName":"dendron.dendron-site"},"value":"dendron.topic.publishing.configuration","position":{"start":{"line":525,"column":3,"offset":26898},"end":{"line":525,"column":56,"offset":26951},"indent":[]},"xvault":false,"to":{"fname":"dendron.topic.publishing.configuration","anchorHeader":"config:#*"}},{"type":"ref","from":{"fname":"dendron.release.changelog.0-1-x","id":"ed4162aa-5474-4483-9fbc-c0b505310c59","vaultName":"dendron.dendron-site"},"value":"dendron.topic.schema","position":{"start":{"line":529,"column":1,"offset":27104},"end":{"line":529,"column":48,"offset":27151},"indent":[]},"xvault":false,"to":{"fname":"dendron.topic.schema","anchorHeader":"schema-templates,1:#*"}},{"type":"ref","from":{"fname":"dendron.release.changelog.0-1-x","id":"ed4162aa-5474-4483-9fbc-c0b505310c59","vaultName":"dendron.dendron-site"},"value":"dendron.topic.pod","position":{"start":{"line":558,"column":1,"offset":29096},"end":{"line":558,"column":36,"offset":29131},"indent":[]},"xvault":false,"to":{"fname":"dendron.topic.pod","anchorHeader":"publish,1:#*"}},{"type":"ref","from":{"fname":"dendron.release.changelog.0-1-x","id":"ed4162aa-5474-4483-9fbc-c0b505310c59","vaultName":"dendron.dendron-site"},"value":"dendron.topic.pod","position":{"start":{"line":585,"column":1,"offset":30399},"end":{"line":585,"column":31,"offset":30429},"indent":[]},"xvault":false,"to":{"fname":"dendron.topic.pod","anchorHeader":"pods:#*"}},{"type":"ref","from":{"fname":"dendron.release.changelog.0-1-x","id":"ed4162aa-5474-4483-9fbc-c0b505310c59","vaultName":"dendron.dendron-site"},"value":"dendron.topic.publishing.configuration","position":{"start":{"line":595,"column":1,"offset":30738},"end":{"line":595,"column":51,"offset":30788},"indent":[]},"xvault":false,"to":{"fname":"dendron.topic.publishing.configuration","anchorHeader":"toc:#*"}},{"type":"ref","from":{"fname":"dendron.release.changelog.0-1-x","id":"ed4162aa-5474-4483-9fbc-c0b505310c59","vaultName":"dendron.dendron-site"},"value":"dendron.topic.references","position":{"start":{"line":619,"column":1,"offset":32231},"end":{"line":619,"column":52,"offset":32282},"indent":[]},"xvault":false,"to":{"fname":"dendron.topic.references","anchorHeader":"recursive-reference,1"}},{"type":"ref","from":{"fname":"dendron.release.changelog.0-1-x","id":"ed4162aa-5474-4483-9fbc-c0b505310c59","vaultName":"dendron.dendron-site"},"value":"dendron.guides.troubleshooting","position":{"start":{"line":676,"column":1,"offset":34960},"end":{"line":676,"column":55,"offset":35014},"indent":[]},"xvault":false,"to":{"fname":"dendron.guides.troubleshooting","anchorHeader":"error-upgrading:#*"}},{"type":"ref","from":{"fname":"dendron.release.changelog.0-1-x","id":"ed4162aa-5474-4483-9fbc-c0b505310c59","vaultName":"dendron.dendron-site"},"value":"dendron.topic.extensions","position":{"start":{"line":706,"column":1,"offset":35799},"end":{"line":706,"column":48,"offset":35846},"indent":[]},"xvault":false,"to":{"fname":"dendron.topic.extensions","anchorHeader":"useful-extensions"}},{"type":"ref","from":{"fname":"dendron.release.changelog.0-1-x","id":"ed4162aa-5474-4483-9fbc-c0b505310c59","vaultName":"dendron.dendron-site"},"value":"dendron.guides.tips","position":{"start":{"line":708,"column":1,"offset":35848},"end":{"line":708,"column":68,"offset":35915},"indent":[]},"xvault":false,"to":{"fname":"dendron.guides.tips","anchorHeader":"copy-and-paste-web-content-into-dendron:#*"}},{"type":"ref","from":{"fname":"dendron.release.changelog.0-1-x","id":"ed4162aa-5474-4483-9fbc-c0b505310c59","vaultName":"dendron.dendron-site"},"value":"dendron.guides.cook","position":{"start":{"line":710,"column":1,"offset":35917},"end":{"line":710,"column":43,"offset":35959},"indent":[]},"xvault":false,"to":{"fname":"dendron.guides.cook","anchorHeader":"mobile-support:#*"}},{"type":"ref","from":{"fname":"dendron.release.changelog.0-1-x","id":"ed4162aa-5474-4483-9fbc-c0b505310c59","vaultName":"dendron.dendron-site"},"value":"dendron.roadmap.project.n.2020.server-migration","position":{"start":{"line":773,"column":1,"offset":38926},"end":{"line":773,"column":64,"offset":38989},"indent":[]},"xvault":false,"to":{"fname":"dendron.roadmap.project.n.2020.server-migration","anchorHeader":"tasks,1:#*"}},{"type":"ref","from":{"fname":"dendron.release.changelog.0-1-x","id":"ed4162aa-5474-4483-9fbc-c0b505310c59","vaultName":"dendron.dendron-site"},"value":"dendron.topic.snippets","position":{"start":{"line":788,"column":1,"offset":39342},"end":{"line":788,"column":50,"offset":39391},"indent":[]},"xvault":false,"to":{"fname":"dendron.topic.snippets","anchorHeader":"default-snippets,1:#*"}},{"type":"ref","from":{"fname":"dendron.release.changelog.0-1-x","id":"ed4162aa-5474-4483-9fbc-c0b505310c59","vaultName":"dendron.dendron-site"},"value":"pkg.dendron-jekyll.topic.math","position":{"start":{"line":792,"column":1,"offset":39431},"end":{"line":792,"column":45,"offset":39475},"indent":[]},"xvault":false,"to":{"fname":"pkg.dendron-jekyll.topic.math","anchorHeader":"math,1:#*"}},{"type":"ref","from":{"fname":"dendron.release.changelog.0-1-x","id":"ed4162aa-5474-4483-9fbc-c0b505310c59","vaultName":"dendron.dendron-site"},"value":"dendron.topic.publishing.configuration","position":{"start":{"line":796,"column":1,"offset":39519},"end":{"line":796,"column":61,"offset":39579},"indent":[]},"xvault":false,"to":{"fname":"dendron.topic.publishing.configuration","anchorHeader":"siterepodir,1:#*"}},{"type":"ref","from":{"fname":"dendron.release.changelog.0-1-x","id":"ed4162aa-5474-4483-9fbc-c0b505310c59","vaultName":"dendron.dendron-site"},"value":"dendron.roadmap.project.n.2020.server-migration","position":{"start":{"line":813,"column":3,"offset":40110},"end":{"line":813,"column":68,"offset":40175},"indent":[]},"xvault":false,"to":{"fname":"dendron.roadmap.project.n.2020.server-migration","anchorHeader":"tasks-1,1:#*"}},{"type":"ref","from":{"fname":"dendron.release.changelog.0-1-x","id":"ed4162aa-5474-4483-9fbc-c0b505310c59","vaultName":"dendron.dendron-site"},"value":"dendron.community.showcase","position":{"start":{"line":828,"column":1,"offset":40568},"end":{"line":828,"column":56,"offset":40623},"indent":[]},"xvault":false,"to":{"fname":"dendron.community.showcase","anchorHeader":"open-pkm-catalogue,1:#*"}},{"type":"ref","from":{"fname":"dendron.release.changelog.0-1-x","id":"ed4162aa-5474-4483-9fbc-c0b505310c59","vaultName":"dendron.dendron-site"},"value":"dendron.community.showcase","position":{"start":{"line":830,"column":1,"offset":40625},"end":{"line":830,"column":56,"offset":40680},"indent":[]},"xvault":false,"to":{"fname":"dendron.community.showcase","anchorHeader":"Open-AWS-Catalogue,1:#*"}},{"type":"ref","from":{"fname":"dendron.release.changelog.0-1-x","id":"ed4162aa-5474-4483-9fbc-c0b505310c59","vaultName":"dendron.dendron-site"},"value":"dendron.topic.lookup","position":{"start":{"line":854,"column":1,"offset":42097},"end":{"line":854,"column":39,"offset":42135},"indent":[]},"xvault":false,"to":{"fname":"dendron.topic.lookup","anchorHeader":"split-toggle"}},{"type":"ref","from":{"fname":"dendron.release.changelog.0-1-x","id":"ed4162aa-5474-4483-9fbc-c0b505310c59","vaultName":"dendron.dendron-site"},"value":"dendron.topic.commands","position":{"start":{"line":860,"column":1,"offset":42409},"end":{"line":860,"column":45,"offset":42453},"indent":[]},"xvault":false,"to":{"fname":"dendron.topic.commands","anchorHeader":"copy-note-ref:#*"}},{"type":"ref","from":{"fname":"dendron.release.changelog.0-1-x","id":"ed4162aa-5474-4483-9fbc-c0b505310c59","vaultName":"dendron.dendron-site"},"value":"dendron.roadmap","position":{"start":{"line":866,"column":1,"offset":42509},"end":{"line":866,"column":21,"offset":42529},"indent":[]},"xvault":false,"to":{"fname":"dendron.roadmap"}},{"type":"ref","from":{"fname":"dendron.release.changelog.0-1-x","id":"ed4162aa-5474-4483-9fbc-c0b505310c59","vaultName":"dendron.dendron-site"},"value":"dendron.topic.lookup","position":{"start":{"line":870,"column":3,"offset":42658},"end":{"line":870,"column":43,"offset":42698},"indent":[]},"xvault":false,"to":{"fname":"dendron.topic.lookup","anchorHeader":"lookup-menu:#*"}},{"type":"ref","from":{"fname":"dendron.release.changelog.0-1-x","id":"ed4162aa-5474-4483-9fbc-c0b505310c59","vaultName":"dendron.dendron-site"},"value":"dendron.community.showcase","position":{"start":{"line":875,"column":3,"offset":42760},"end":{"line":875,"column":53,"offset":42810},"indent":[]},"xvault":false,"to":{"fname":"dendron.community.showcase","anchorHeader":"lukes-second-brain"}}],"anchors":{"136":{"type":"header","value":"136","line":448,"column":0},"0193":{"type":"header","value":"0193","line":7,"column":0},"bug-fixes":{"type":"header","value":"bug-fixes","line":9,"column":0},"0192":{"type":"header","value":"0192","line":17,"column":0},"features":{"type":"header","value":"features","line":19,"column":0},"dendron-seed-bank":{"type":"header","value":"dendron-seed-bank","line":21,"column":0},"support-refactor-for-multi-vault":{"type":"header","value":"support-refactor-for-multi-vault","line":25,"column":0},"support-specifying-vault-location-when-creating-a-note":{"type":"header","value":"support-specifying-vault-location-when-creating-a-note","line":47,"column":0},"enhancements":{"type":"header","value":"enhancements","line":51,"column":0},"bug-fixes-1":{"type":"header","value":"bug-fixes-1","line":60,"column":0},"0191":{"type":"header","value":"0191","line":64,"column":0},"bug-fixes-2":{"type":"header","value":"bug-fixes-2","line":66,"column":0},"0182":{"type":"header","value":"0182","line":70,"column":0},"features-1":{"type":"header","value":"features-1","line":72,"column":0},"enhancements-1":{"type":"header","value":"enhancements-1","line":82,"column":0},"bug-fixes-3":{"type":"header","value":"bug-fixes-3","line":86,"column":0},"0181":{"type":"header","value":"0181","line":96,"column":0},"features-2":{"type":"header","value":"features-2","line":98,"column":0},"support-adding-remote-vaults":{"type":"header","value":"support-adding-remote-vaults","line":100,"column":0},"enhancements-2":{"type":"header","value":"enhancements-2","line":108,"column":0},"bug-fixes-4":{"type":"header","value":"bug-fixes-4","line":114,"column":0},"house-cleaning":{"type":"header","value":"house-cleaning","line":120,"column":0},"0172":{"type":"header","value":"0172","line":124,"column":0},"features-3":{"type":"header","value":"features-3","line":126,"column":0},"dendron-web-ui-":{"type":"header","value":"dendron-web-ui-","line":128,"column":0},"enhancements-3":{"type":"header","value":"enhancements-3","line":144,"column":0},"bug-fixes-5":{"type":"header","value":"bug-fixes-5","line":150,"column":0},"house-cleaning-1":{"type":"header","value":"house-cleaning-1","line":155,"column":0},"0171":{"type":"header","value":"0171","line":160,"column":0},"features-4":{"type":"header","value":"features-4","line":162,"column":0},"automatic-hovers-for-links":{"type":"header","value":"automatic-hovers-for-links","line":164,"column":0},"bug-fixes-6":{"type":"header","value":"bug-fixes-6","line":172,"column":0},"work-in-progress":{"type":"header","value":"work-in-progress","line":177,"column":0},"0163":{"type":"header","value":"0163","line":184,"column":0},"enhancements-4":{"type":"header","value":"enhancements-4","line":186,"column":0},"bug-fixes-7":{"type":"header","value":"bug-fixes-7","line":194,"column":0},"0162":{"type":"header","value":"0162","line":203,"column":0},"features-5":{"type":"header","value":"features-5","line":209,"column":0},"support-relative-wiki-links":{"type":"header","value":"support-relative-wiki-links","line":211,"column":0},"copy-relative-wiki-links":{"type":"header","value":"copy-relative-wiki-links","line":221,"column":0},"all-link-features-are-now-multi-vault-aware":{"type":"header","value":"all-link-features-are-now-multi-vault-aware","line":227,"column":0},"link-completion-with-aliases":{"type":"header","value":"link-completion-with-aliases","line":235,"column":0},"bug-fixes-8":{"type":"header","value":"bug-fixes-8","line":239,"column":0},"house-cleaning-2":{"type":"header","value":"house-cleaning-2","line":243,"column":0},"0161":{"type":"header","value":"0161","line":247,"column":0},"bug-fixes-9":{"type":"header","value":"bug-fixes-9","line":249,"column":0},"0153":{"type":"header","value":"0153","line":253,"column":0},"features-6":{"type":"header","value":"features-6","line":255,"column":0},"better-lookup-performance---":{"type":"header","value":"better-lookup-performance---","line":257,"column":0},"enhancements-5":{"type":"header","value":"enhancements-5","line":266,"column":0},"bug-fixes-10":{"type":"header","value":"bug-fixes-10","line":280,"column":0},"0152":{"type":"header","value":"0152","line":285,"column":0},"features-7":{"type":"header","value":"features-7","line":287,"column":0},"experimental-multi-vault-support":{"type":"header","value":"experimental-multi-vault-support","line":289,"column":0},"vault-add-command":{"type":"header","value":"vault-add-command","line":314,"column":0},"vault-remove-command":{"type":"header","value":"vault-remove-command","line":320,"column":0},"enhancements-6":{"type":"header","value":"enhancements-6","line":326,"column":0},"bug-fixes-11":{"type":"header","value":"bug-fixes-11","line":328,"column":0},"house-cleaning-3":{"type":"header","value":"house-cleaning-3","line":334,"column":0},"0151":{"type":"header","value":"0151","line":339,"column":0},"features-8":{"type":"header","value":"features-8","line":341,"column":0},"wildcard-note-ref-links":{"type":"header","value":"wildcard-note-ref-links","line":343,"column":0},"dendron-configure-command":{"type":"header","value":"dendron-configure-command","line":349,"column":0},"bug-fixes-12":{"type":"header","value":"bug-fixes-12","line":355,"column":0},"house-cleaning-4":{"type":"header","value":"house-cleaning-4","line":359,"column":0},"0142":{"type":"header","value":"0142","line":363,"column":0},"features-9":{"type":"header","value":"features-9","line":365,"column":0},"enhancements-7":{"type":"header","value":"enhancements-7","line":367,"column":0},"bug-fixes-13":{"type":"header","value":"bug-fixes-13","line":381,"column":0},"0141-2020-11-05":{"type":"header","value":"0141-2020-11-05","line":386,"column":0},"features-10":{"type":"header","value":"features-10","line":388,"column":0},"lookup-copy-wikilink-modifier":{"type":"header","value":"lookup-copy-wikilink-modifier","line":390,"column":0},"lookup-multi-select-modifier":{"type":"header","value":"lookup-multi-select-modifier","line":396,"column":0},"house-cleaning-5":{"type":"header","value":"house-cleaning-5","line":402,"column":0},"code-cleanup":{"type":"header","value":"code-cleanup","line":404,"column":0},"features-11":{"type":"header","value":"features-11","line":450,"column":0},"add-contribute-command":{"type":"header","value":"add-contribute-command","line":452,"column":0},"add-snapshot-capability-to-dendron":{"type":"header","value":"add-snapshot-capability-to-dendron","line":458,"column":0},"0135-2020-10-28":{"type":"header","value":"0135-2020-10-28","line":464,"column":0},"bug-fixes-14":{"type":"header","value":"bug-fixes-14","line":466,"column":0},"0134-2020-10-28":{"type":"header","value":"0134-2020-10-28","line":470,"column":0},"features-12":{"type":"header","value":"features-12","line":472,"column":0},"migrate-existing-workspaces-to-server-mode":{"type":"header","value":"migrate-existing-workspaces-to-server-mode","line":474,"column":0},"enhancements-8":{"type":"header","value":"enhancements-8","line":484,"column":0},"bug-fixes-15":{"type":"header","value":"bug-fixes-15","line":494,"column":0},"community":{"type":"header","value":"community","line":499,"column":0},"horticulturalist":{"type":"header","value":"horticulturalist","line":501,"column":0},"dendrologist":{"type":"header","value":"dendrologist","line":507,"column":0},"0133-2020-10-24":{"type":"header","value":"0133-2020-10-24","line":515,"column":0},"features-13":{"type":"header","value":"features-13","line":517,"column":0},"direct-child-filter":{"type":"header","value":"direct-child-filter","line":519,"column":0},"enhancements-9":{"type":"header","value":"enhancements-9","line":528,"column":0},"bug-fixes-16":{"type":"header","value":"bug-fixes-16","line":541,"column":0},"house-cleaning-6":{"type":"header","value":"house-cleaning-6","line":548,"column":0},"dendron-change-workspace-will-no-longer-create-a-workspace-if-no-workspace-exists":{"type":"header","value":"dendron-change-workspace-will-no-longer-create-a-workspace-if-no-workspace-exists","line":550,"column":0},"0132-2020-10-22":{"type":"header","value":"0132-2020-10-22","line":554,"column":0},"features-14":{"type":"header","value":"features-14","line":556,"column":0},"pod-publishing":{"type":"header","value":"pod-publishing","line":558,"column":0},"realtime-schema-validation":{"type":"header","value":"realtime-schema-validation","line":566,"column":0},"enhancements-10":{"type":"header","value":"enhancements-10","line":572,"column":0},"breaking":{"type":"header","value":"breaking","line":580,"column":0},"documentation-updates":{"type":"header","value":"documentation-updates","line":585,"column":0},"pods":{"type":"header","value":"pods","line":587,"column":0},"0131-2020-10-21":{"type":"header","value":"0131-2020-10-21","line":593,"column":0},"features-15":{"type":"header","value":"features-15","line":595,"column":0},"generate-table-of-contents-when-publishing":{"type":"header","value":"generate-table-of-contents-when-publishing","line":597,"column":0},"enhancements-11":{"type":"header","value":"enhancements-11","line":605,"column":0},"bug-fixes-17":{"type":"header","value":"bug-fixes-17","line":611,"column":0},"01211":{"type":"header","value":"01211","line":619,"column":0},"features-16":{"type":"header","value":"features-16","line":621,"column":0},"recursive-note-references":{"type":"header","value":"recursive-note-references","line":623,"column":0},"bug-fixes-18":{"type":"header","value":"bug-fixes-18","line":627,"column":0},"other":{"type":"header","value":"other","line":633,"column":0},"01210-2020-10-16":{"type":"header","value":"01210-2020-10-16","line":637,"column":0},"features-17":{"type":"header","value":"features-17","line":639,"column":0},"rename-and-refactor-commands-an-order-of-magnitude-faster-now-server-mode-":{"type":"header","value":"rename-and-refactor-commands-an-order-of-magnitude-faster-now-server-mode-","line":641,"column":0},"enhancements-12":{"type":"header","value":"enhancements-12","line":646,"column":0},"bug-fixes-19":{"type":"header","value":"bug-fixes-19","line":655,"column":0},"0129-2020-10-15":{"type":"header","value":"0129-2020-10-15","line":659,"column":0},"features-18":{"type":"header","value":"features-18","line":661,"column":0},"human-friendly-timestamps-server-mode":{"type":"header","value":"human-friendly-timestamps-server-mode","line":663,"column":0},"enhancements-13":{"type":"header","value":"enhancements-13","line":669,"column":0},"bug-fixes-20":{"type":"header","value":"bug-fixes-20","line":674,"column":0},"documentation":{"type":"header","value":"documentation","line":680,"column":0},"0128-2020-10-14":{"type":"header","value":"0128-2020-10-14","line":684,"column":0},"features-19":{"type":"header","value":"features-19","line":686,"column":0},"really-update-time-in-frontmatter-server-only":{"type":"header","value":"really-update-time-in-frontmatter-server-only","line":688,"column":0},"enhancements-14":{"type":"header","value":"enhancements-14","line":702,"column":0},"bug-fixes-21":{"type":"header","value":"bug-fixes-21","line":706,"column":0},"other-1":{"type":"header","value":"other-1","line":710,"column":0},"0127-2020-10-13":{"type":"header","value":"0127-2020-10-13","line":718,"column":0},"features-20":{"type":"header","value":"features-20","line":720,"column":0},"local-server-side-indexing":{"type":"header","value":"local-server-side-indexing","line":722,"column":0},"enhancements-15":{"type":"header","value":"enhancements-15","line":754,"column":0},"bug-fixes-22":{"type":"header","value":"bug-fixes-22","line":762,"column":0},"breaking-changes":{"type":"header","value":"breaking-changes","line":768,"column":0},"progress":{"type":"header","value":"progress","line":773,"column":0},"server-migration":{"type":"header","value":"server-migration","line":775,"column":0},"other-2":{"type":"header","value":"other-2","line":781,"column":0},"0126-2020-10-07":{"type":"header","value":"0126-2020-10-07","line":786,"column":0},"features-21":{"type":"header","value":"features-21","line":788,"column":0},"default-snippets":{"type":"header","value":"default-snippets","line":790,"column":0},"latex-support-on-published-site":{"type":"header","value":"latex-support-on-published-site","line":796,"column":0},"introduce-siterepodir-customization":{"type":"header","value":"introduce-siterepodir-customization","line":800,"column":0},"bug-fixes-23":{"type":"header","value":"bug-fixes-23","line":804,"column":0},"progress-1":{"type":"header","value":"progress-1","line":809,"column":0},"other-3":{"type":"header","value":"other-3","line":821,"column":0},"seeds":{"type":"header","value":"seeds","line":823,"column":0},"alternatives":{"type":"header","value":"alternatives","line":838,"column":0},"0124-2020-09-30":{"type":"header","value":"0124-2020-09-30","line":842,"column":0},"features-22":{"type":"header","value":"features-22","line":844,"column":0},"live-schema-updates":{"type":"header","value":"live-schema-updates","line":846,"column":0},"enhancements-16":{"type":"header","value":"enhancements-16","line":851,"column":0},"documentation-1":{"type":"header","value":"documentation-1","line":868,"column":0},"community-highlights":{"type":"header","value":"community-highlights","line":878,"column":0},"0123-2020-09-26":{"type":"header","value":"0123-2020-09-26","line":883,"column":0},"features-23":{"type":"header","value":"features-23","line":885,"column":0},"bad-link-reports":{"type":"header","value":"bad-link-reports","line":887,"column":0},"enhancements-17":{"type":"header","value":"enhancements-17","line":894,"column":0},"0122-2020-09-24":{"type":"header","value":"0122-2020-09-24","line":900,"column":0},"enhancements-18":{"type":"header","value":"enhancements-18","line":902,"column":0},"bug-fixes-24":{"type":"header","value":"bug-fixes-24","line":906,"column":0},"0121-2020-09-22":{"type":"header","value":"0121-2020-09-22","line":910,"column":0},"features-24":{"type":"header","value":"features-24","line":912,"column":0},"create-scratch-or-journal-notes-via-lookup":{"type":"header","value":"create-scratch-or-journal-notes-via-lookup","line":914,"column":0},"enhancements-19":{"type":"header","value":"enhancements-19","line":930,"column":0}},"fname":"dendron.release.changelog.0-1-x","updated":1616126156916,"created":1610397097347,"parent":"9bc92432-a24c-492b-b831-4d5378c1692b","children":[],"data":{},"contentHash":"aca41fca7ff402ea1b4bfc271e68b246","custom":{}}
