{"id":"eea2b078-1acc-4071-a14e-18299fc28f48","title":"Config","vault":{"fsPath":"vault","name":"dendron.dendron-site"},"type":"note","desc":"","links":[{"type":"wiki","from":{"fname":"dendron.topic.config","id":"eea2b078-1acc-4071-a14e-18299fc28f48","vaultName":"dendron.dendron-site"},"value":"dendron.topic.config.dendron","alias":"Dendrons Config","position":{"start":{"line":6,"column":3,"offset":59},"end":{"line":6,"column":51,"offset":107},"indent":[]},"xvault":false,"to":{"fname":"dendron.topic.config.dendron"}},{"type":"wiki","from":{"fname":"dendron.topic.config","id":"eea2b078-1acc-4071-a14e-18299fc28f48","vaultName":"dendron.dendron-site"},"value":"dendron.topic.config.vscode-config","alias":"VSCode Config","position":{"start":{"line":7,"column":3,"offset":163},"end":{"line":7,"column":55,"offset":215},"indent":[]},"xvault":false,"to":{"fname":"dendron.topic.config.vscode-config"}},{"type":"wiki","from":{"fname":"dendron.topic.config","id":"eea2b078-1acc-4071-a14e-18299fc28f48","vaultName":"dendron.dendron-site"},"value":"dendron.ref.status","alias":"status","position":{"start":{"line":12,"column":15,"offset":337},"end":{"line":12,"column":44,"offset":366},"indent":[]},"xvault":false,"to":{"fname":"dendron.ref.status"}},{"type":"wiki","from":{"fname":"dendron.topic.config","id":"eea2b078-1acc-4071-a14e-18299fc28f48","vaultName":"dendron.dendron-site"},"value":"dendron.concepts","alias":"frontmatter","position":{"start":{"line":13,"column":54,"offset":425},"end":{"line":13,"column":98,"offset":469},"indent":[]},"xvault":false,"to":{"fname":"dendron.concepts","anchorHeader":"frontmatter"}},{"from":{"fname":"dendron.release.changelog.0-1-x","vaultName":"dendron.dendron-site"},"type":"backlink","position":{"start":{"line":777,"column":19,"offset":39020},"end":{"line":777,"column":57,"offset":39058},"indent":[]},"value":"dendron.topic.config"},{"from":{"fname":"dendron.topic.config.dendron","vaultName":"dendron.dendron-site"},"type":"backlink","position":{"start":{"line":8,"column":1,"offset":188},"end":{"line":8,"column":38,"offset":225},"indent":[]},"value":"dendron.topic.config"},{"from":{"fname":"dendron.topic.config.vscode-config","vaultName":"dendron.dendron-site"},"type":"backlink","position":{"start":{"line":6,"column":1,"offset":182},"end":{"line":6,"column":38,"offset":219},"indent":[]},"value":"dendron.topic.config"}],"anchors":{"legend":{"type":"header","value":"legend","line":15,"column":0}},"fname":"dendron.topic.config","updated":1619543394688,"created":1595261816971,"parent":"7a7af2fa-b9d0-4adc-81e6-f03186123539","children":["f83c1d87-eac0-48f3-a5cf-8a69989d8ec1","19a0ea9d-7292-4a68-bc6f-ffd462a54bc5"],"data":{},"contentHash":"8067d39b3289026bfc97fc16e3f0c993","custom":{},"schema":{"schemaId":"topic","moduleId":"dendron"}}
