{"id":"eea2b078-1acc-4071-a14e-18299fc28f47","title":"Commands","vault":{"fsPath":"vault","name":"dendron.dendron-site"},"type":"note","desc":"","links":[{"type":"wiki","from":{"fname":"dendron.topic.commands","id":"eea2b078-1acc-4071-a14e-18299fc28f47","vaultName":"dendron.dendron-site"},"value":"dendron.topic.vaults.multi-vault","alias":"multi vault","position":{"start":{"line":8,"column":78,"offset":124},"end":{"line":8,"column":126,"offset":172},"indent":[]},"xvault":false,"sameFile":false,"to":{"fname":"dendron.topic.vaults.multi-vault"}},{"type":"wiki","from":{"fname":"dendron.topic.commands","id":"eea2b078-1acc-4071-a14e-18299fc28f47","vaultName":"dendron.dendron-site"},"value":"dendron.topic.vaults.multi-vault","alias":"multi vault","position":{"start":{"line":34,"column":30,"offset":1148},"end":{"line":34,"column":78,"offset":1196},"indent":[]},"xvault":false,"sameFile":false,"to":{"fname":"dendron.topic.vaults.multi-vault"}},{"type":"wiki","from":{"fname":"dendron.topic.commands","id":"eea2b078-1acc-4071-a14e-18299fc28f47","vaultName":"dendron.dendron-site"},"value":"dendron.topic.links","alias":"cross vault link","position":{"start":{"line":34,"column":112,"offset":1230},"end":{"line":34,"column":170,"offset":1288},"indent":[]},"xvault":false,"sameFile":false,"to":{"fname":"dendron.topic.links","anchorHeader":"cross-vault-links"}},{"type":"wiki","from":{"fname":"dendron.topic.commands","id":"eea2b078-1acc-4071-a14e-18299fc28f47","vaultName":"dendron.dendron-site"},"value":"dendron.topic.references","alias":"note reference","position":{"start":{"line":47,"column":32,"offset":1626},"end":{"line":47,"column":75,"offset":1669},"indent":[]},"xvault":false,"sameFile":false,"to":{"fname":"dendron.topic.references"}},{"type":"wiki","from":{"fname":"dendron.topic.commands","id":"eea2b078-1acc-4071-a14e-18299fc28f47","vaultName":"dendron.dendron-site"},"value":"dendron.topic.vaults.multi-vault","alias":"multi vault","position":{"start":{"line":64,"column":30,"offset":2963},"end":{"line":64,"column":78,"offset":3011},"indent":[]},"xvault":false,"sameFile":false,"to":{"fname":"dendron.topic.vaults.multi-vault"}},{"type":"wiki","from":{"fname":"dendron.topic.commands","id":"eea2b078-1acc-4071-a14e-18299fc28f47","vaultName":"dendron.dendron-site"},"value":"dendron.topic.links","alias":"cross vault link","position":{"start":{"line":64,"column":112,"offset":3045},"end":{"line":64,"column":170,"offset":3103},"indent":[]},"xvault":false,"sameFile":false,"to":{"fname":"dendron.topic.links","anchorHeader":"cross-vault-links"}},{"type":"wiki","from":{"fname":"dendron.topic.commands","id":"eea2b078-1acc-4071-a14e-18299fc28f47","vaultName":"dendron.dendron-site"},"value":"dendron.topic.snippets","alias":"variables","position":{"start":{"line":77,"column":36,"offset":3465},"end":{"line":77,"column":82,"offset":3511},"indent":[]},"xvault":false,"sameFile":false,"to":{"fname":"dendron.topic.snippets","anchorHeader":"variables"}},{"type":"wiki","from":{"fname":"dendron.topic.commands","id":"eea2b078-1acc-4071-a14e-18299fc28f47","vaultName":"dendron.dendron-site"},"value":"dendron.topic.config.dendron","alias":"defaultInsertHierarchy","position":{"start":{"line":79,"column":18,"offset":3553},"end":{"line":79,"column":96,"offset":3631},"indent":[]},"xvault":false,"sameFile":false,"to":{"fname":"dendron.topic.config.dendron","anchorHeader":"defaultinserthierarchy"}},{"type":"wiki","from":{"fname":"dendron.topic.commands","id":"eea2b078-1acc-4071-a14e-18299fc28f47","vaultName":"dendron.dendron-site"},"value":"dendron.topic.commands","alias":"Configure (yaml)","position":{"start":{"line":95,"column":214,"offset":4105},"end":{"line":95,"column":272,"offset":4163},"indent":[]},"xvault":false,"sameFile":false,"to":{"fname":"dendron.topic.commands","anchorHeader":"configure-yaml"}},{"type":"wiki","from":{"fname":"dendron.topic.commands","id":"eea2b078-1acc-4071-a14e-18299fc28f47","vaultName":"dendron.dendron-site"},"value":"dendron.topic.commands","alias":"Lookup","position":{"start":{"line":179,"column":54,"offset":6099},"end":{"line":179,"column":94,"offset":6139},"indent":[]},"xvault":false,"sameFile":false,"to":{"fname":"dendron.topic.commands","anchorHeader":"lookup"}},{"type":"wiki","from":{"fname":"dendron.topic.commands","id":"eea2b078-1acc-4071-a14e-18299fc28f47","vaultName":"dendron.dendron-site"},"value":"dendron.topic.lookup.modifiers","alias":"modifiers","position":{"start":{"line":179,"column":239,"offset":6284},"end":{"line":179,"column":283,"offset":6328},"indent":[]},"xvault":false,"sameFile":false,"to":{"fname":"dendron.topic.lookup.modifiers"}},{"type":"wiki","from":{"fname":"dendron.topic.commands","id":"eea2b078-1acc-4071-a14e-18299fc28f47","vaultName":"dendron.dendron-site"},"value":"dendron.topic.hooks","alias":"hook","position":{"start":{"line":299,"column":17,"offset":10116},"end":{"line":299,"column":45,"offset":10144},"indent":[]},"xvault":false,"sameFile":false,"to":{"fname":"dendron.topic.hooks"}},{"type":"wiki","from":{"fname":"dendron.topic.commands","id":"eea2b078-1acc-4071-a14e-18299fc28f47","vaultName":"dendron.dendron-site"},"value":"dendron.topic.hooks","alias":"hook","position":{"start":{"line":310,"column":17,"offset":10571},"end":{"line":310,"column":45,"offset":10599},"indent":[]},"xvault":false,"sameFile":false,"to":{"fname":"dendron.topic.hooks"}},{"type":"wiki","from":{"fname":"dendron.topic.commands","id":"eea2b078-1acc-4071-a14e-18299fc28f47","vaultName":"dendron.dendron-site"},"value":"dendron.ref.telemetry","alias":"telemetry","position":{"start":{"line":323,"column":9,"offset":10872},"end":{"line":323,"column":44,"offset":10907},"indent":[]},"xvault":false,"sameFile":false,"to":{"fname":"dendron.ref.telemetry"}},{"type":"wiki","from":{"fname":"dendron.topic.commands","id":"eea2b078-1acc-4071-a14e-18299fc28f47","vaultName":"dendron.dendron-site"},"value":"dendron.ref.telemetry","alias":"telemetry","position":{"start":{"line":327,"column":8,"offset":10973},"end":{"line":327,"column":43,"offset":11008},"indent":[]},"xvault":false,"sameFile":false,"to":{"fname":"dendron.ref.telemetry"}},{"type":"wiki","from":{"fname":"dendron.topic.commands","id":"eea2b078-1acc-4071-a14e-18299fc28f47","vaultName":"dendron.dendron-site"},"value":"dendron.cheatsheet","alias":"cheatsheet","position":{"start":{"line":376,"column":47,"offset":12246},"end":{"line":376,"column":80,"offset":12279},"indent":[]},"xvault":false,"sameFile":false,"to":{"fname":"dendron.cheatsheet"}},{"type":"wiki","from":{"fname":"dendron.topic.commands","id":"eea2b078-1acc-4071-a14e-18299fc28f47","vaultName":"dendron.dendron-site"},"value":"dendron.topic.publishing.configuration","alias":"siteUrl","position":{"start":{"line":451,"column":27,"offset":14146},"end":{"line":451,"column":85,"offset":14204},"indent":[]},"xvault":false,"sameFile":false,"to":{"fname":"dendron.topic.publishing.configuration","anchorHeader":"siteurl"}},{"type":"wiki","from":{"fname":"dendron.topic.commands","id":"eea2b078-1acc-4071-a14e-18299fc28f47","vaultName":"dendron.dendron-site"},"value":"dendron.ref.status","alias":"Early Seed 🌱","position":{"start":{"line":460,"column":3,"offset":14370},"end":{"line":460,"column":51,"offset":14418},"indent":[]},"xvault":false,"sameFile":false,"to":{"fname":"dendron.ref.status","anchorHeader":"early-seed-"}},{"type":"wiki","from":{"fname":"dendron.topic.commands","id":"eea2b078-1acc-4071-a14e-18299fc28f47","vaultName":"dendron.dendron-site"},"value":"dendron.topic.seeds","alias":"seed","position":{"start":{"line":462,"column":7,"offset":14426},"end":{"line":462,"column":35,"offset":14454},"indent":[]},"xvault":false,"sameFile":false,"to":{"fname":"dendron.topic.seeds"}},{"type":"wiki","from":{"fname":"dendron.topic.commands","id":"eea2b078-1acc-4071-a14e-18299fc28f47","vaultName":"dendron.dendron-site"},"value":"dendron.ref.status","alias":"Early Seed 🌱","position":{"start":{"line":465,"column":3,"offset":14501},"end":{"line":465,"column":51,"offset":14549},"indent":[]},"xvault":false,"sameFile":false,"to":{"fname":"dendron.ref.status","anchorHeader":"early-seed-"}},{"type":"wiki","from":{"fname":"dendron.topic.commands","id":"eea2b078-1acc-4071-a14e-18299fc28f47","vaultName":"dendron.dendron-site"},"value":"dendron.topic.seeds","alias":"seed","position":{"start":{"line":467,"column":10,"offset":14560},"end":{"line":467,"column":38,"offset":14588},"indent":[]},"xvault":false,"sameFile":false,"to":{"fname":"dendron.topic.seeds"}},{"type":"wiki","from":{"fname":"dendron.topic.commands","id":"eea2b078-1acc-4071-a14e-18299fc28f47","vaultName":"dendron.dendron-site"},"value":"dendron.topic.images","alias":"Paste Image","position":{"start":{"line":485,"column":171,"offset":15223},"end":{"line":485,"column":207,"offset":15259},"indent":[]},"xvault":false,"sameFile":false,"to":{"fname":"dendron.topic.images"}},{"type":"wiki","from":{"fname":"dendron.topic.commands","id":"eea2b078-1acc-4071-a14e-18299fc28f47","vaultName":"dendron.dendron-site"},"value":"dendron.topic.publishing","alias":"publish","position":{"start":{"line":542,"column":70,"offset":17021},"end":{"line":542,"column":106,"offset":17057},"indent":[]},"xvault":false,"sameFile":false,"to":{"fname":"dendron.topic.publishing"}},{"type":"ref","from":{"fname":"dendron.topic.commands","id":"eea2b078-1acc-4071-a14e-18299fc28f47","vaultName":"dendron.dendron-site"},"value":"dendron.ref.web-ui","position":{"start":{"line":142,"column":1,"offset":5415},"end":{"line":142,"column":76,"offset":5490},"indent":[]},"xvault":true,"to":{"fname":"dendron.ref.web-ui","anchorHeader":"show-preview-v2,1:#*","vaultName":"dendron.dendron-site"}},{"type":"ref","from":{"fname":"dendron.topic.commands","id":"eea2b078-1acc-4071-a14e-18299fc28f47","vaultName":"dendron.dendron-site"},"value":"dendron.topic.lookup","position":{"start":{"line":156,"column":1,"offset":5595},"end":{"line":156,"column":26,"offset":5620},"indent":[]},"xvault":false,"to":{"fname":"dendron.topic.lookup"}},{"type":"ref","from":{"fname":"dendron.topic.commands","id":"eea2b078-1acc-4071-a14e-18299fc28f47","vaultName":"dendron.dendron-site"},"value":"dendron.topic.vaults","position":{"start":{"line":331,"column":1,"offset":11060},"end":{"line":331,"column":72,"offset":11131},"indent":[]},"xvault":true,"to":{"fname":"dendron.topic.vaults","anchorHeader":"vault-add,1:#*","vaultName":"dendron.dendron-site"}},{"type":"ref","from":{"fname":"dendron.topic.commands","id":"eea2b078-1acc-4071-a14e-18299fc28f47","vaultName":"dendron.dendron-site"},"value":"dendron.topic.vaults","position":{"start":{"line":335,"column":1,"offset":11151},"end":{"line":335,"column":75,"offset":11225},"indent":[]},"xvault":true,"to":{"fname":"dendron.topic.vaults","anchorHeader":"vault-remove,1:#*","vaultName":"dendron.dendron-site"}},{"type":"ref","from":{"fname":"dendron.topic.commands","id":"eea2b078-1acc-4071-a14e-18299fc28f47","vaultName":"dendron.dendron-site"},"value":"dendron.ref.workspace","position":{"start":{"line":397,"column":1,"offset":12897},"end":{"line":397,"column":88,"offset":12984},"indent":[]},"xvault":true,"to":{"fname":"dendron.ref.workspace","anchorHeader":"workspace-add-and-commit,1:#*","vaultName":"dendron.dendron-site"}},{"type":"ref","from":{"fname":"dendron.topic.commands","id":"eea2b078-1acc-4071-a14e-18299fc28f47","vaultName":"dendron.dendron-site"},"value":"dendron.ref.workspace","position":{"start":{"line":401,"column":1,"offset":13007},"end":{"line":401,"column":75,"offset":13081},"indent":[]},"xvault":true,"to":{"fname":"dendron.ref.workspace","anchorHeader":"workspace-sync,1","vaultName":"dendron.dendron-site"}},{"from":{"fname":"dendron.features","vaultName":"dendron.dendron-site"},"type":"backlink","position":{"start":{"line":19,"column":367,"offset":1138},"end":{"line":19,"column":421,"offset":1192},"indent":[]},"value":"dendron.topic.commands"},{"from":{"fname":"dendron.alternatives.foam-vs-dendron","vaultName":"dendron.dendron-site"},"type":"backlink","position":{"start":{"line":11,"column":95,"offset":841},"end":{"line":11,"column":159,"offset":905},"indent":[]},"value":"dendron.topic.commands"},{"from":{"fname":"dendron.alternatives.foam-vs-dendron","vaultName":"dendron.dendron-site"},"type":"backlink","position":{"start":{"line":12,"column":111,"offset":1098},"end":{"line":12,"column":154,"offset":1141},"indent":[]},"value":"dendron.topic.commands"},{"from":{"fname":"dendron.guides.cook","vaultName":"dendron.dendron-site"},"type":"backlink","position":{"start":{"line":12,"column":86,"offset":480},"end":{"line":12,"column":151,"offset":545},"indent":[]},"value":"dendron.topic.commands"},{"from":{"fname":"dendron.guides.cook","vaultName":"dendron.dendron-site"},"type":"backlink","position":{"start":{"line":327,"column":9,"offset":13022},"end":{"line":327,"column":58,"offset":13071},"indent":[]},"value":"dendron.topic.commands"},{"from":{"fname":"dendron.guides.cook","vaultName":"dendron.dendron-site"},"type":"backlink","position":{"start":{"line":341,"column":8,"offset":13686},"end":{"line":341,"column":66,"offset":13744},"indent":[]},"value":"dendron.topic.commands"},{"from":{"fname":"dendron.guides.cook","vaultName":"dendron.dendron-site"},"type":"backlink","position":{"start":{"line":365,"column":119,"offset":15164},"end":{"line":365,"column":165,"offset":15210},"indent":[]},"value":"dendron.topic.commands"},{"from":{"fname":"dendron.guides.cook","vaultName":"dendron.dendron-site"},"type":"backlink","position":{"start":{"line":365,"column":238,"offset":15283},"end":{"line":365,"column":296,"offset":15341},"indent":[]},"value":"dendron.topic.commands"},{"from":{"fname":"dendron.guides.cook","vaultName":"dendron.dendron-site"},"type":"backlink","position":{"start":{"line":159,"column":1,"offset":6316},"end":{"line":159,"column":52,"offset":6367},"indent":[]},"value":"dendron.topic.commands"},{"from":{"fname":"dendron.guides.troubleshooting","vaultName":"dendron.dendron-site"},"type":"backlink","position":{"start":{"line":32,"column":39,"offset":1050},"end":{"line":32,"column":91,"offset":1102},"indent":[]},"value":"dendron.topic.commands"},{"from":{"fname":"dendron.guides.troubleshooting","vaultName":"dendron.dendron-site"},"type":"backlink","position":{"start":{"line":201,"column":132,"offset":6595},"end":{"line":201,"column":200,"offset":6663},"indent":[]},"value":"dendron.topic.commands"},{"from":{"fname":"dendron.guides.troubleshooting","vaultName":"dendron.dendron-site"},"type":"backlink","position":{"start":{"line":259,"column":15,"offset":9347},"end":{"line":259,"column":68,"offset":9400},"indent":[]},"value":"dendron.topic.commands"},{"from":{"fname":"dendron.ref.telemetry","vaultName":"dendron.dendron-site"},"type":"backlink","position":{"start":{"line":86,"column":40,"offset":4848},"end":{"line":86,"column":75,"offset":4883},"indent":[]},"value":"dendron.topic.commands"},{"from":{"fname":"dendron.ref.telemetry","vaultName":"dendron.dendron-site"},"type":"backlink","position":{"start":{"line":117,"column":55,"offset":6878},"end":{"line":117,"column":117,"offset":6940},"indent":[]},"value":"dendron.topic.commands"},{"from":{"fname":"dendron.release.2020-09-06","vaultName":"dendron.dendron-site"},"type":"backlink","position":{"start":{"line":57,"column":29,"offset":3738},"end":{"line":57,"column":60,"offset":3769},"indent":[]},"value":"dendron.topic.commands"},{"from":{"fname":"dendron.release.2020-09-06","vaultName":"dendron.dendron-site"},"type":"backlink","position":{"start":{"line":91,"column":41,"offset":5059},"end":{"line":91,"column":72,"offset":5090},"indent":[]},"value":"dendron.topic.commands"},{"from":{"fname":"dendron.release.2020-09-06","vaultName":"dendron.dendron-site"},"type":"backlink","position":{"start":{"line":102,"column":26,"offset":5369},"end":{"line":102,"column":57,"offset":5400},"indent":[]},"value":"dendron.topic.commands"},{"from":{"fname":"dendron.release.2020-09-13","vaultName":"dendron.dendron-site"},"type":"backlink","position":{"start":{"line":47,"column":1,"offset":1530},"end":{"line":47,"column":47,"offset":1576},"indent":[]},"value":"dendron.topic.commands"},{"from":{"fname":"dendron.release.2020-09-20","vaultName":"dendron.dendron-site"},"type":"backlink","position":{"start":{"line":77,"column":1,"offset":2909},"end":{"line":77,"column":41,"offset":2949},"indent":[]},"value":"dendron.topic.commands"},{"from":{"fname":"dendron.release.2020-09-20","vaultName":"dendron.dendron-site"},"type":"backlink","position":{"start":{"line":81,"column":1,"offset":2978},"end":{"line":81,"column":47,"offset":3024},"indent":[]},"value":"dendron.topic.commands"},{"from":{"fname":"dendron.release.2021-01-18","vaultName":"dendron.dendron-site"},"type":"backlink","position":{"start":{"line":6,"column":70,"offset":137},"end":{"line":6,"column":112,"offset":179},"indent":[]},"value":"dendron.topic.commands"},{"from":{"fname":"dendron.release.2021-01-18","vaultName":"dendron.dendron-site"},"type":"backlink","position":{"start":{"line":17,"column":7,"offset":666},"end":{"line":17,"column":61,"offset":720},"indent":[]},"value":"dendron.topic.commands"},{"from":{"fname":"dendron.release.2021-01-18","vaultName":"dendron.dendron-site"},"type":"backlink","position":{"start":{"line":18,"column":7,"offset":727},"end":{"line":18,"column":57,"offset":777},"indent":[]},"value":"dendron.topic.commands"},{"from":{"fname":"dendron.release.2021-02-01","vaultName":"dendron.dendron-site"},"type":"backlink","position":{"start":{"line":5,"column":58,"offset":103},"end":{"line":5,"column":99,"offset":144},"indent":[]},"value":"dendron.topic.commands"},{"from":{"fname":"dendron.release.2021-04-12","vaultName":"dendron.dendron-site"},"type":"backlink","position":{"start":{"line":10,"column":48,"offset":231},"end":{"line":10,"column":89,"offset":272},"indent":[]},"value":"dendron.topic.commands"},{"from":{"fname":"dendron.release.2021-07-26","vaultName":"dendron.dendron-site"},"type":"backlink","position":{"start":{"line":7,"column":44,"offset":333},"end":{"line":7,"column":100,"offset":389},"indent":[]},"value":"dendron.topic.commands"},{"from":{"fname":"dendron.release.2021-07-26","vaultName":"dendron.dendron-site"},"type":"backlink","position":{"start":{"line":9,"column":37,"offset":469},"end":{"line":9,"column":83,"offset":515},"indent":[]},"value":"dendron.topic.commands"},{"from":{"fname":"dendron.release.2021-07-26","vaultName":"dendron.dendron-site"},"type":"backlink","position":{"start":{"line":11,"column":56,"offset":664},"end":{"line":11,"column":102,"offset":710},"indent":[]},"value":"dendron.topic.commands"},{"from":{"fname":"dendron.release.changelog","vaultName":"dendron.dendron-site"},"type":"backlink","position":{"start":{"line":51,"column":70,"offset":1056},"end":{"line":51,"column":120,"offset":1106},"indent":[]},"value":"dendron.topic.commands"},{"from":{"fname":"dendron.release.changelog","vaultName":"dendron.dendron-site"},"type":"backlink","position":{"start":{"line":51,"column":125,"offset":1111},"end":{"line":51,"column":179,"offset":1165},"indent":[]},"value":"dendron.topic.commands"},{"from":{"fname":"dendron.release.changelog","vaultName":"dendron.dendron-site"},"type":"backlink","position":{"start":{"line":53,"column":24,"offset":1338},"end":{"line":53,"column":74,"offset":1388},"indent":[]},"value":"dendron.topic.commands"},{"from":{"fname":"dendron.release.changelog","vaultName":"dendron.dendron-site"},"type":"backlink","position":{"start":{"line":131,"column":44,"offset":4505},"end":{"line":131,"column":100,"offset":4561},"indent":[]},"value":"dendron.topic.commands"},{"from":{"fname":"dendron.release.changelog","vaultName":"dendron.dendron-site"},"type":"backlink","position":{"start":{"line":133,"column":37,"offset":4641},"end":{"line":133,"column":83,"offset":4687},"indent":[]},"value":"dendron.topic.commands"},{"from":{"fname":"dendron.release.changelog","vaultName":"dendron.dendron-site"},"type":"backlink","position":{"start":{"line":135,"column":56,"offset":4836},"end":{"line":135,"column":102,"offset":4882},"indent":[]},"value":"dendron.topic.commands"},{"from":{"fname":"dendron.release.changelog","vaultName":"dendron.dendron-site"},"type":"backlink","position":{"start":{"line":205,"column":3,"offset":6672},"end":{"line":205,"column":53,"offset":6722},"indent":[]},"value":"dendron.topic.commands"},{"from":{"fname":"dendron.release.changelog","vaultName":"dendron.dendron-site"},"type":"backlink","position":{"start":{"line":269,"column":34,"offset":8605},"end":{"line":269,"column":81,"offset":8652},"indent":[]},"value":"dendron.topic.commands"},{"from":{"fname":"dendron.release.changelog","vaultName":"dendron.dendron-site"},"type":"backlink","position":{"start":{"line":424,"column":108,"offset":13073},"end":{"line":424,"column":153,"offset":13118},"indent":[]},"value":"dendron.topic.commands"},{"from":{"fname":"dendron.release.changelog","vaultName":"dendron.dendron-site"},"type":"backlink","position":{"start":{"line":425,"column":110,"offset":13229},"end":{"line":425,"column":156,"offset":13275},"indent":[]},"value":"dendron.topic.commands"},{"from":{"fname":"dendron.release.changelog","vaultName":"dendron.dendron-site"},"type":"backlink","position":{"start":{"line":465,"column":51,"offset":14355},"end":{"line":465,"column":96,"offset":14400},"indent":[]},"value":"dendron.topic.commands"},{"from":{"fname":"dendron.release.changelog","vaultName":"dendron.dendron-site"},"type":"backlink","position":{"start":{"line":520,"column":31,"offset":15197},"end":{"line":520,"column":72,"offset":15238},"indent":[]},"value":"dendron.topic.commands"},{"from":{"fname":"dendron.release.changelog","vaultName":"dendron.dendron-site"},"type":"backlink","position":{"start":{"line":556,"column":74,"offset":15992},"end":{"line":556,"column":120,"offset":16038},"indent":[]},"value":"dendron.topic.commands"},{"from":{"fname":"dendron.release.changelog","vaultName":"dendron.dendron-site"},"type":"backlink","position":{"start":{"line":670,"column":5,"offset":18610},"end":{"line":670,"column":51,"offset":18656},"indent":[]},"value":"dendron.topic.commands"},{"from":{"fname":"dendron.release.changelog","vaultName":"dendron.dendron-site"},"type":"backlink","position":{"start":{"line":671,"column":5,"offset":18694},"end":{"line":671,"column":55,"offset":18744},"indent":[]},"value":"dendron.topic.commands"},{"from":{"fname":"dendron.release.changelog","vaultName":"dendron.dendron-site"},"type":"backlink","position":{"start":{"line":47,"column":1,"offset":892},"end":{"line":47,"column":74,"offset":965},"indent":[]},"value":"dendron.topic.commands"},{"from":{"fname":"dendron.release.changelog","vaultName":"dendron.dendron-site"},"type":"backlink","position":{"start":{"line":358,"column":1,"offset":11300},"end":{"line":358,"column":89,"offset":11388},"indent":[]},"value":"dendron.topic.commands"},{"from":{"fname":"dendron.release.changelog","vaultName":"dendron.dendron-site"},"type":"backlink","position":{"start":{"line":408,"column":1,"offset":12624},"end":{"line":408,"column":49,"offset":12672},"indent":[]},"value":"dendron.topic.commands"},{"from":{"fname":"dendron.release.changelog","vaultName":"dendron.dendron-site"},"type":"backlink","position":{"start":{"line":412,"column":1,"offset":12700},"end":{"line":412,"column":76,"offset":12775},"indent":[]},"value":"dendron.topic.commands"},{"from":{"fname":"dendron.release.changelog","vaultName":"dendron.dendron-site"},"type":"backlink","position":{"start":{"line":505,"column":1,"offset":14895},"end":{"line":505,"column":81,"offset":14975},"indent":[]},"value":"dendron.topic.commands"},{"from":{"fname":"dendron.release.changelog","vaultName":"dendron.dendron-site"},"type":"backlink","position":{"start":{"line":548,"column":1,"offset":15745},"end":{"line":548,"column":44,"offset":15788},"indent":[]},"value":"dendron.topic.commands"},{"from":{"fname":"dendron.rfc.8-multi-publish","vaultName":"dendron.dendron-site"},"type":"backlink","position":{"start":{"line":20,"column":18,"offset":614},"end":{"line":20,"column":103,"offset":699},"indent":[]},"value":"dendron.topic.commands"},{"from":{"fname":"dendron.topic.cli","vaultName":"dendron.dendron-site"},"type":"backlink","position":{"start":{"line":53,"column":1,"offset":1629},"end":{"line":53,"column":41,"offset":1669},"indent":[]},"value":"dendron.topic.commands"},{"from":{"fname":"dendron.topic.commands","vaultName":"dendron.dendron-site"},"type":"backlink","position":{"start":{"line":95,"column":214,"offset":4105},"end":{"line":95,"column":272,"offset":4163},"indent":[]},"value":"dendron.topic.commands"},{"from":{"fname":"dendron.topic.commands","vaultName":"dendron.dendron-site"},"type":"backlink","position":{"start":{"line":179,"column":54,"offset":6099},"end":{"line":179,"column":94,"offset":6139},"indent":[]},"value":"dendron.topic.commands"},{"from":{"fname":"dendron.topic.frontmatter","vaultName":"dendron.dendron-site"},"type":"backlink","position":{"start":{"line":14,"column":103,"offset":932},"end":{"line":14,"column":173,"offset":1002},"indent":[]},"value":"dendron.topic.commands"},{"from":{"fname":"dendron.topic.references","vaultName":"dendron.dendron-site"},"type":"backlink","position":{"start":{"line":185,"column":1,"offset":5288},"end":{"line":185,"column":45,"offset":5332},"indent":[]},"value":"dendron.topic.commands"},{"from":{"fname":"dendron.topic.seeds","vaultName":"dendron.dendron-site"},"type":"backlink","position":{"start":{"line":21,"column":1,"offset":1011},"end":{"line":21,"column":74,"offset":1084},"indent":[]},"value":"dendron.topic.commands"},{"from":{"fname":"dendron.topic.tags","vaultName":"dendron.dendron-site"},"type":"backlink","position":{"start":{"line":21,"column":31,"offset":817},"end":{"line":21,"column":81,"offset":867},"indent":[]},"value":"dendron.topic.commands"},{"from":{"fname":"dendron.topic.tags","vaultName":"dendron.dendron-site"},"type":"backlink","position":{"start":{"line":21,"column":85,"offset":871},"end":{"line":21,"column":149,"offset":935},"indent":[]},"value":"dendron.topic.commands"},{"from":{"fname":"dendron.topic.teams","vaultName":"dendron.dendron-site"},"type":"backlink","position":{"start":{"line":74,"column":16,"offset":1898},"end":{"line":74,"column":57,"offset":1939},"indent":[]},"value":"dendron.topic.commands"},{"from":{"fname":"dendron.topic.teams","vaultName":"dendron.dendron-site"},"type":"backlink","position":{"start":{"line":78,"column":16,"offset":2080},"end":{"line":78,"column":57,"offset":2121},"indent":[]},"value":"dendron.topic.commands"},{"from":{"fname":"dendron.topic.teams","vaultName":"dendron.dendron-site"},"type":"backlink","position":{"start":{"line":82,"column":25,"offset":2293},"end":{"line":82,"column":70,"offset":2338},"indent":[]},"value":"dendron.topic.commands"},{"from":{"fname":"dendron.topic.teams","vaultName":"dendron.dendron-site"},"type":"backlink","position":{"start":{"line":88,"column":1,"offset":2457},"end":{"line":88,"column":79,"offset":2535},"indent":[]},"value":"dendron.topic.commands"},{"from":{"fname":"dendron.tutorial.vaults","vaultName":"dendron.dendron-site"},"type":"backlink","position":{"start":{"line":10,"column":9,"offset":177},"end":{"line":10,"column":55,"offset":223},"indent":[]},"value":"dendron.topic.commands"},{"from":{"fname":"dendron.tutorial.vaults","vaultName":"dendron.dendron-site"},"type":"backlink","position":{"start":{"line":34,"column":41,"offset":2124},"end":{"line":34,"column":93,"offset":2176},"indent":[]},"value":"dendron.topic.commands"},{"from":{"fname":"dendron.workflows.bullet-journal","vaultName":"dendron.dendron-site"},"type":"backlink","position":{"start":{"line":16,"column":1,"offset":518},"end":{"line":16,"column":49,"offset":566},"indent":[]},"value":"dendron.topic.commands"},{"from":{"fname":"dendron.release.changelog.0-1-x","vaultName":"dendron.dendron-site"},"type":"backlink","position":{"start":{"line":106,"column":11,"offset":5204},"end":{"line":106,"column":65,"offset":5258},"indent":[]},"value":"dendron.topic.commands"},{"from":{"fname":"dendron.release.changelog.0-1-x","vaultName":"dendron.dendron-site"},"type":"backlink","position":{"start":{"line":116,"column":17,"offset":5900},"end":{"line":116,"column":73,"offset":5956},"indent":[]},"value":"dendron.topic.commands"},{"from":{"fname":"dendron.release.changelog.0-1-x","vaultName":"dendron.dendron-site"},"type":"backlink","position":{"start":{"line":136,"column":1,"offset":7050},"end":{"line":136,"column":43,"offset":7092},"indent":[]},"value":"dendron.topic.commands"},{"from":{"fname":"dendron.release.changelog.0-1-x","vaultName":"dendron.dendron-site"},"type":"backlink","position":{"start":{"line":219,"column":1,"offset":12038},"end":{"line":219,"column":46,"offset":12083},"indent":[]},"value":"dendron.topic.commands"},{"from":{"fname":"dendron.release.changelog.0-1-x","vaultName":"dendron.dendron-site"},"type":"backlink","position":{"start":{"line":450,"column":1,"offset":23139},"end":{"line":450,"column":42,"offset":23180},"indent":[]},"value":"dendron.topic.commands"},{"from":{"fname":"dendron.release.changelog.0-1-x","vaultName":"dendron.dendron-site"},"type":"backlink","position":{"start":{"line":860,"column":1,"offset":42409},"end":{"line":860,"column":45,"offset":42453},"indent":[]},"value":"dendron.topic.commands"},{"from":{"fname":"dendron.release.changelog.0-2-x","vaultName":"dendron.dendron-site"},"type":"backlink","position":{"start":{"line":91,"column":25,"offset":2724},"end":{"line":91,"column":86,"offset":2785},"indent":[]},"value":"dendron.topic.commands"},{"from":{"fname":"dendron.release.changelog.0-2-x","vaultName":"dendron.dendron-site"},"type":"backlink","position":{"start":{"line":117,"column":60,"offset":3538},"end":{"line":117,"column":101,"offset":3579},"indent":[]},"value":"dendron.topic.commands"},{"from":{"fname":"dendron.release.changelog.0-2-x","vaultName":"dendron.dendron-site"},"type":"backlink","position":{"start":{"line":140,"column":5,"offset":4300},"end":{"line":140,"column":61,"offset":4356},"indent":[]},"value":"dendron.topic.commands"},{"from":{"fname":"dendron.release.changelog.0-2-x","vaultName":"dendron.dendron-site"},"type":"backlink","position":{"start":{"line":168,"column":77,"offset":4865},"end":{"line":168,"column":119,"offset":4907},"indent":[]},"value":"dendron.topic.commands"},{"from":{"fname":"dendron.release.changelog.0-2-x","vaultName":"dendron.dendron-site"},"type":"backlink","position":{"start":{"line":176,"column":5,"offset":5154},"end":{"line":176,"column":59,"offset":5208},"indent":[]},"value":"dendron.topic.commands"},{"from":{"fname":"dendron.release.changelog.0-2-x","vaultName":"dendron.dendron-site"},"type":"backlink","position":{"start":{"line":243,"column":138,"offset":7406},"end":{"line":243,"column":192,"offset":7460},"indent":[]},"value":"dendron.topic.commands"},{"from":{"fname":"dendron.release.changelog.0-2-x","vaultName":"dendron.dendron-site"},"type":"backlink","position":{"start":{"line":264,"column":5,"offset":8367},"end":{"line":264,"column":59,"offset":8421},"indent":[]},"value":"dendron.topic.commands"},{"from":{"fname":"dendron.release.changelog.0-2-x","vaultName":"dendron.dendron-site"},"type":"backlink","position":{"start":{"line":93,"column":1,"offset":2788},"end":{"line":93,"column":60,"offset":2847},"indent":[]},"value":"dendron.topic.commands"},{"from":{"fname":"dendron.release.changelog.0-3-x","vaultName":"dendron.dendron-site"},"type":"backlink","position":{"start":{"line":93,"column":40,"offset":2211},"end":{"line":93,"column":81,"offset":2252},"indent":[]},"value":"dendron.topic.commands"},{"from":{"fname":"dendron.release.changelog.0-3-x","vaultName":"dendron.dendron-site"},"type":"backlink","position":{"start":{"line":178,"column":55,"offset":5054},"end":{"line":178,"column":94,"offset":5093},"indent":[]},"value":"dendron.topic.commands"},{"from":{"fname":"dendron.release.changelog.0-3-x","vaultName":"dendron.dendron-site"},"type":"backlink","position":{"start":{"line":302,"column":29,"offset":8995},"end":{"line":302,"column":71,"offset":9037},"indent":[]},"value":"dendron.topic.commands"},{"from":{"fname":"dendron.release.changelog.0-3-x","vaultName":"dendron.dendron-site"},"type":"backlink","position":{"start":{"line":332,"column":61,"offset":9625},"end":{"line":332,"column":133,"offset":9697},"indent":[]},"value":"dendron.topic.commands"},{"from":{"fname":"dendron.release.changelog.0-3-x","vaultName":"dendron.dendron-site"},"type":"backlink","position":{"start":{"line":55,"column":1,"offset":1522},"end":{"line":55,"column":45,"offset":1566},"indent":[]},"value":"dendron.topic.commands"},{"from":{"fname":"dendron.release.changelog.0-3-x","vaultName":"dendron.dendron-site"},"type":"backlink","position":{"start":{"line":117,"column":1,"offset":2561},"end":{"line":117,"column":43,"offset":2603},"indent":[]},"value":"dendron.topic.commands"},{"from":{"fname":"dendron.release.changelog.0-3-x","vaultName":"dendron.dendron-site"},"type":"backlink","position":{"start":{"line":140,"column":1,"offset":3589},"end":{"line":140,"column":58,"offset":3646},"indent":[]},"value":"dendron.topic.commands"},{"from":{"fname":"dendron.release.changelog.0-3-x","vaultName":"dendron.dendron-site"},"type":"backlink","position":{"start":{"line":171,"column":1,"offset":4617},"end":{"line":171,"column":49,"offset":4665},"indent":[]},"value":"dendron.topic.commands"},{"from":{"fname":"dendron.release.changelog.0-3-x","vaultName":"dendron.dendron-site"},"type":"backlink","position":{"start":{"line":200,"column":1,"offset":5500},"end":{"line":200,"column":45,"offset":5544},"indent":[]},"value":"dendron.topic.commands"},{"from":{"fname":"dendron.topic.capabilities.snapshot","vaultName":"dendron.dendron-site"},"type":"backlink","position":{"start":{"line":7,"column":1,"offset":165},"end":{"line":7,"column":46,"offset":210},"indent":[]},"value":"dendron.topic.commands"},{"from":{"fname":"dendron.topic.capabilities.snapshot","vaultName":"dendron.dendron-site"},"type":"backlink","position":{"start":{"line":11,"column":1,"offset":278},"end":{"line":11,"column":45,"offset":322},"indent":[]},"value":"dendron.topic.commands"},{"from":{"fname":"dendron.topic.config.dendron","vaultName":"dendron.dendron-site"},"type":"backlink","position":{"start":{"line":14,"column":9,"offset":275},"end":{"line":14,"column":59,"offset":325},"indent":[]},"value":"dendron.topic.commands"},{"from":{"fname":"dendron.topic.config.dendron","vaultName":"dendron.dendron-site"},"type":"backlink","position":{"start":{"line":66,"column":88,"offset":1561},"end":{"line":66,"column":144,"offset":1617},"indent":[]},"value":"dendron.topic.commands"},{"from":{"fname":"dendron.topic.config.dendron","vaultName":"dendron.dendron-site"},"type":"backlink","position":{"start":{"line":70,"column":67,"offset":1702},"end":{"line":70,"column":117,"offset":1752},"indent":[]},"value":"dendron.topic.commands"},{"from":{"fname":"dendron.topic.config.dendron","vaultName":"dendron.dendron-site"},"type":"backlink","position":{"start":{"line":112,"column":9,"offset":3092},"end":{"line":112,"column":87,"offset":3170},"indent":[]},"value":"dendron.topic.commands"},{"from":{"fname":"dendron.topic.config.dendron","vaultName":"dendron.dendron-site"},"type":"backlink","position":{"start":{"line":6,"column":48,"offset":115},"end":{"line":6,"column":119,"offset":186},"indent":[]},"value":"dendron.topic.commands"},{"from":{"fname":"dendron.topic.hooks.quickstart","vaultName":"dendron.dendron-site"},"type":"backlink","position":{"start":{"line":4,"column":23,"offset":33},"end":{"line":4,"column":73,"offset":83},"indent":[]},"value":"dendron.topic.commands"},{"from":{"fname":"dendron.topic.hooks.quickstart","vaultName":"dendron.dendron-site"},"type":"backlink","position":{"start":{"line":35,"column":25,"offset":1220},"end":{"line":35,"column":77,"offset":1272},"indent":[]},"value":"dendron.topic.commands"},{"from":{"fname":"dendron.topic.hooks.quickstart","vaultName":"dendron.dendron-site"},"type":"backlink","position":{"start":{"line":44,"column":26,"offset":1536},"end":{"line":44,"column":76,"offset":1586},"indent":[]},"value":"dendron.topic.commands"},{"from":{"fname":"dendron.topic.lookup.modifiers","vaultName":"dendron.dendron-site"},"type":"backlink","position":{"start":{"line":98,"column":67,"offset":3929},"end":{"line":98,"column":117,"offset":3979},"indent":[]},"value":"dendron.topic.commands"},{"from":{"fname":"dendron.topic.lookup.schemas","vaultName":"dendron.dendron-site"},"type":"backlink","position":{"start":{"line":13,"column":178,"offset":787},"end":{"line":13,"column":226,"offset":835},"indent":[]},"value":"dendron.topic.commands"},{"from":{"fname":"dendron.topic.publishing.configuration","vaultName":"dendron.dendron-site"},"type":"backlink","position":{"start":{"line":64,"column":53,"offset":2057},"end":{"line":64,"column":99,"offset":2103},"indent":[]},"value":"dendron.topic.commands"},{"from":{"fname":"dendron.topic.teams.quickstart","vaultName":"dendron.dendron-site"},"type":"backlink","position":{"start":{"line":5,"column":8,"offset":71},"end":{"line":5,"column":76,"offset":139},"indent":[]},"value":"dendron.topic.commands"},{"from":{"fname":"dendron.topic.teams.quickstart","vaultName":"dendron.dendron-site"},"type":"backlink","position":{"start":{"line":6,"column":8,"offset":181},"end":{"line":6,"column":54,"offset":227},"indent":[]},"value":"dendron.topic.commands"},{"from":{"fname":"dendron.topic.teams.quickstart","vaultName":"dendron.dendron-site"},"type":"backlink","position":{"start":{"line":7,"column":8,"offset":278},"end":{"line":7,"column":60,"offset":330},"indent":[]},"value":"dendron.topic.commands"},{"from":{"fname":"dendron.topic.teams.quickstart","vaultName":"dendron.dendron-site"},"type":"backlink","position":{"start":{"line":18,"column":81,"offset":1021},"end":{"line":18,"column":141,"offset":1081},"indent":[]},"value":"dendron.topic.commands"},{"from":{"fname":"dendron.topic.publishing.quickstart.publishing-your-site","vaultName":"dendron.dendron-site"},"type":"backlink","position":{"start":{"line":89,"column":58,"offset":2959},"end":{"line":89,"column":115,"offset":3016},"indent":[]},"value":"dendron.topic.commands"}],"anchors":{"notes":{"type":"header","value":"notes","line":8,"column":0},"browse-note":{"type":"header","value":"browse-note","line":10,"column":0},"create-daily-journal-note":{"type":"header","value":"create-daily-journal-note","line":16,"column":0},"copy-note-link":{"type":"header","value":"copy-note-link","line":27,"column":0},"copy-note-ref":{"type":"header","value":"copy-note-ref","line":44,"column":0},"header-selection":{"type":"header","value":"header-selection","line":56,"column":0},"block-selection":{"type":"header","value":"block-selection","line":59,"column":0},"range-selection":{"type":"header","value":"range-selection","line":64,"column":0},"multivault":{"type":"header","value":"multivault","line":69,"column":0},"delete-node":{"type":"header","value":"delete-node","line":71,"column":0},"insert-note":{"type":"header","value":"insert-note","line":79,"column":0},"insert-note-link":{"type":"header","value":"insert-note-link","line":87,"column":0},"move-note":{"type":"header","value":"move-note","line":91,"column":0},"paste-link":{"type":"header","value":"paste-link","line":95,"column":0},"random-note":{"type":"header","value":"random-note","line":99,"column":0},"rename-note":{"type":"header","value":"rename-note","line":118,"column":0},"rename-header":{"type":"header","value":"rename-header","line":128,"column":0},"show-preview":{"type":"header","value":"show-preview","line":137,"column":0},"show-preview-v2":{"type":"header","value":"show-preview-v2","line":146,"column":0},"navigation":{"type":"header","value":"navigation","line":152,"column":0},"lookup":{"type":"header","value":"lookup","line":154,"column":0},"lookup-journal-note":{"type":"header","value":"lookup-journal-note","line":164,"column":0},"lookup-scratch-note":{"type":"header","value":"lookup-scratch-note","line":173,"column":0},"lookup-note":{"type":"header","value":"lookup-note","line":182,"column":0},"lookup-schema":{"type":"header","value":"lookup-schema","line":187,"column":0},"open-link":{"type":"header","value":"open-link","line":195,"column":0},"hierarchies":{"type":"header","value":"hierarchies","line":205,"column":0},"reload-index":{"type":"header","value":"reload-index","line":207,"column":0},"archive-hierarchy":{"type":"header","value":"archive-hierarchy","line":213,"column":0},"refactor-hierarchy":{"type":"header","value":"refactor-hierarchy","line":226,"column":0},"goto-note":{"type":"header","value":"goto-note","line":246,"column":0},"go-up":{"type":"header","value":"go-up","line":253,"column":0},"go-next-sibling":{"type":"header","value":"go-next-sibling","line":264,"column":0},"go-previous-sibling":{"type":"header","value":"go-previous-sibling","line":276,"column":0},"go-down":{"type":"header","value":"go-down","line":288,"column":0},"hooks":{"type":"header","value":"hooks","line":301,"column":0},"hook-create":{"type":"header","value":"hook-create","line":303,"column":0},"hook-delete":{"type":"header","value":"hook-delete","line":314,"column":0},"workspace":{"type":"header","value":"workspace","line":325,"column":0},"disable-telemetry":{"type":"header","value":"disable-telemetry","line":327,"column":0},"enable-telemetry":{"type":"header","value":"enable-telemetry","line":331,"column":0},"vault-add":{"type":"header","value":"vault-add","line":335,"column":0},"vault-remove":{"type":"header","value":"vault-remove","line":339,"column":0},"launch-tutorial":{"type":"header","value":"launch-tutorial","line":343,"column":0},"initialize-workspace":{"type":"header","value":"initialize-workspace","line":347,"column":0},"change-workspace":{"type":"header","value":"change-workspace","line":355,"column":0},"snapshot-vault":{"type":"header","value":"snapshot-vault","line":361,"column":0},"restore-vault":{"type":"header","value":"restore-vault","line":370,"column":0},"show-help":{"type":"header","value":"show-help","line":378,"column":0},"configure-yaml":{"type":"header","value":"configure-yaml","line":386,"column":0},"configure":{"type":"header","value":"configure","line":392,"column":0},"workspace-add-and-commit":{"type":"header","value":"workspace-add-and-commit","line":401,"column":0},"workspace-sync":{"type":"header","value":"workspace-sync","line":405,"column":0},"pods":{"type":"header","value":"pods","line":411,"column":0},"build-pod":{"type":"header","value":"build-pod","line":413,"column":0},"configure-pod":{"type":"header","value":"configure-pod","line":419,"column":0},"import-pod":{"type":"header","value":"import-pod","line":427,"column":0},"export-pod":{"type":"header","value":"export-pod","line":433,"column":0},"publish-pod":{"type":"header","value":"publish-pod","line":441,"column":0},"copy-note-url":{"type":"header","value":"copy-note-url","line":447,"column":0},"seeds":{"type":"header","value":"seeds","line":463,"column":0},"seed-add":{"type":"header","value":"seed-add","line":465,"column":0},"seed-remove":{"type":"header","value":"seed-remove","line":470,"column":0},"misc":{"type":"header","value":"misc","line":477,"column":0},"contribute":{"type":"header","value":"contribute","line":480,"column":0},"paste-file":{"type":"header","value":"paste-file","line":489,"column":0},"publishing":{"type":"header","value":"publishing","line":499,"column":0},"publish":{"type":"header","value":"publish","line":501,"column":0},"site-build":{"type":"header","value":"site-build","line":511,"column":0},"site-preview":{"type":"header","value":"site-preview","line":519,"column":0},"dev":{"type":"header","value":"dev","line":529,"column":0},"doctor":{"type":"header","value":"doctor","line":531,"column":0},"actions":{"type":"header","value":"actions","line":543,"column":0},"fixfrontmatter":{"type":"header","value":"fixfrontmatter","line":545,"column":0},"h1totitle":{"type":"header","value":"h1totitle","line":552,"column":0},"h1toh2":{"type":"header","value":"h1toh2","line":554,"column":0},"removestubs":{"type":"header","value":"removestubs","line":556,"column":0},"oldnotereftonew":{"type":"header","value":"oldnotereftonew","line":558,"column":0},"createmissinglinkednotes":{"type":"header","value":"createmissinglinkednotes","line":561,"column":0},"dump-state":{"type":"header","value":"dump-state","line":568,"column":0},"dendrondev-open-logs":{"type":"header","value":"dendrondev-open-logs","line":576,"column":0},"dendrondev-diagnostics-report":{"type":"header","value":"dendrondev-diagnostics-report","line":582,"column":0}},"fname":"dendron.topic.commands","updated":1628269406138,"created":1595261816971,"parent":"7a7af2fa-b9d0-4adc-81e6-f03186123539","children":[],"data":{},"contentHash":"9f659df7474b0645aed172e181db6978","custom":{},"schema":{"schemaId":"topic","moduleId":"dendron"}}
