{"id":"eX8OclhlYdGzO_WjzfCtZ","title":"27","vault":{"fsPath":"vault","name":"dendron.dendron-site"},"type":"note","desc":"","links":[{"from":{"fname":"dendron.release.2021-06-28","vaultName":"dendron.dendron-site"},"type":"backlink","position":{"start":{"line":26,"column":49,"offset":1211},"end":{"line":26,"column":99,"offset":1261},"indent":[]},"value":"dendron.community.office-hours.2021.06.27"}],"anchors":{"company-updates":{"type":"header","value":"company-updates","line":8,"column":0},"questions":{"type":"header","value":"questions","line":44,"column":0}},"fname":"dendron.community.office-hours.2021.06.27","updated":1624886995531,"created":1624886952891,"parent":"dac1cd55-5186-4c53-9af9-b24b68d2c48b","children":[],"data":{},"contentHash":"42b814ffb68dce9e66abcecc9c098fbf","custom":{}}
