{"id":"f041ed84-a842-4aed-93aa-cdf9e953826a","title":"Engine Test Utils","vault":{"fsPath":"vault","name":"dendron.dendron-site"},"type":"note","desc":"","links":[{"from":{"fname":"pkg.utilities","vaultName":"dendron.dendron-site"},"type":"backlink","position":{"start":{"line":17,"column":5,"offset":335},"end":{"line":17,"column":48,"offset":378},"indent":[]},"value":"pkg.engine-test-utils"},{"from":{"fname":"pkg.utilities","vaultName":"dendron.dendron-site"},"type":"backlink","position":{"start":{"line":43,"column":1,"offset":737},"end":{"line":43,"column":70,"offset":806},"indent":[]},"value":"pkg.engine-test-utils"},{"from":{"fname":"pkg.engine-test-utils.cook","vaultName":"dendron.dendron-site"},"type":"backlink","position":{"start":{"line":4,"column":7,"offset":43},"end":{"line":4,"column":50,"offset":86},"indent":[]},"value":"pkg.engine-test-utils"}],"anchors":{"summary":{"type":"header","value":"summary","line":9,"column":0},"utilities":{"type":"header","value":"utilities","line":13,"column":0}},"fname":"pkg.engine-test-utils","updated":1623255629896,"created":1619280900540,"parent":"32cdd4aa-d9f6-4582-8d0c-07f64a00299b","children":["9884bdb4-8050-4659-bd51-143940b20db8","330a5ae2-e196-41e1-b9aa-660e489625a9"],"data":{},"contentHash":"bb706468f6ea505d758a4bc3548f2144","custom":{}}
