{"id":"f09162ec-6b20-4b53-bd5c-68aaa4698ed8","title":"Release Notes(version 0.17)","vault":{"fsPath":"vault","name":"dendron.dendron-site"},"type":"note","desc":"","links":[{"type":"wiki","from":{"fname":"dendron.release.2020-11-22","id":"f09162ec-6b20-4b53-bd5c-68aaa4698ed8","vaultName":"dendron.dendron-site"},"value":"tags.office-hours","alias":"#office-hours","position":{"start":{"line":17,"column":273,"offset":848},"end":{"line":17,"column":286,"offset":861},"indent":[]},"xvault":false,"to":{"fname":"tags.office-hours"}}],"anchors":{"highlights":{"type":"header","value":"highlights","line":9,"column":0},"community":{"type":"header","value":"community","line":20,"column":0},"house-cleaning":{"type":"header","value":"house-cleaning","line":25,"column":0},"in-the-works":{"type":"header","value":"in-the-works","line":36,"column":0},"thanks":{"type":"header","value":"thanks","line":44,"column":0}},"fname":"dendron.release.2020-11-22","updated":1616950026025,"created":1606074212157,"parent":"932534e7-e788-4fdb-bc8c-eaf761992a8d","children":[],"data":{},"contentHash":"a89343738b2a53895bc9de3e8dfafa06","custom":{}}
