{"id":"f143ca38-dcc6-4cd3-b84b-997aec1160ef","title":"Rfc","vault":{"fsPath":"vault","name":"dendron.dendron-site"},"type":"note","desc":"","links":[],"anchors":{"what-is-an-rfc":{"type":"header","value":"what-is-an-rfc","line":39,"column":0},"when-to-submit-an-rfc":{"type":"header","value":"when-to-submit-an-rfc","line":55,"column":0},"rfc-process":{"type":"header","value":"rfc-process","line":91,"column":0},"rfc-states":{"type":"header","value":"rfc-states","line":146,"column":0}},"fname":"dendron.rfc","updated":1624942100540,"created":1605539111635,"parent":"b0fe6ef7-1553-4280-bc45-a71824c2ce36","children":["17c61d62-f92e-4002-b8fe-9c05686e4bf9","95f7193b-9940-42ba-841f-3e2a4d937ba3","ba8cf4c5-6254-4eca-8072-8001ca5afda7","8bc80164-6436-4c77-8077-7842f53a4a23","8e818b3b-f9d3-4233-bbe0-ab809e4d2356","4039fc46-06b2-4f83-b817-fc490bafbcb3","NT1cFX6DRkTnzcWwduj2I","tgr7PkQAtJNvf5ya","6TOh3VApIUfap7c3","ae4a0c98-e2ea-47e0-8a20-016eba3424be","ceca23ee-6181-4fa6-9724-9943433c6e96","7117a023-f090-47f5-a104-5968fc256c23","21b2e152-95f7-4904-8a8e-8d4d0b8c950c","37df43ee-1c74-4def-af2c-72fe80c728f4","1bb018db-8f8e-46c8-ac4a-4baf4813b0c8","c998c642-a748-4f77-9285-cfec35330251","8b3bfb16-8330-4a78-85cc-45581c319450","d2f8fe67-36c7-4600-b745-c22bdcb5b2cf"],"data":{},"contentHash":"3c8285b8a54e6c0e4a5929bf65806886","custom":{"stub":false}}
