{"id":"f1847179-e74d-4fc6-a853-441674e6de8e","title":"Export","vault":{"fsPath":"vault","name":"dendron.dendron-site"},"type":"note","desc":"","links":[{"from":{"fname":"dendron.release.changelog","vaultName":"dendron.dendron-site"},"type":"backlink","position":{"start":{"line":552,"column":1,"offset":15809},"end":{"line":552,"column":91,"offset":15899},"indent":[]},"value":"dendron.topic.pod.builtin.graphviz.export"},{"from":{"fname":"dendron.topic.pod.builtin.graphviz","vaultName":"dendron.dendron-site"},"type":"backlink","position":{"start":{"line":11,"column":1,"offset":101},"end":{"line":11,"column":60,"offset":160},"indent":[]},"value":"dendron.topic.pod.builtin.graphviz.export"}],"anchors":{"summary":{"type":"header","value":"summary","line":8,"column":0},"config-options":{"type":"header","value":"config-options","line":14,"column":0},"example-output":{"type":"header","value":"example-output","line":22,"column":0},"file":{"type":"header","value":"file","line":23,"column":0},"rendered-graph":{"type":"header","value":"rendered-graph","line":47,"column":0}},"fname":"dendron.topic.pod.builtin.graphviz.export","updated":1621369818364,"created":1621366517747,"parent":"7e1693a0-ada4-4250-962c-c1fdf46a3a0f","children":[],"data":{},"contentHash":"061f61a12d12389696f32bff94cfadd2","custom":{}}
