{"id":"f1af56bb-db27-47ae-8406-61a98de6c78c","title":"References","vault":{"fsPath":"vault","name":"dendron.dendron-site"},"type":"note","desc":"","links":[{"type":"wiki","from":{"fname":"dendron.topic.references","id":"f1af56bb-db27-47ae-8406-61a98de6c78c","vaultName":"dendron.dendron-site"},"value":"dendron.topic.publishing","alias":"publish","position":{"start":{"line":223,"column":10,"offset":6745},"end":{"line":223,"column":46,"offset":6781},"indent":[]},"xvault":false,"to":{"fname":"dendron.topic.publishing"}},{"type":"wiki","from":{"fname":"dendron.topic.references","id":"f1af56bb-db27-47ae-8406-61a98de6c78c","vaultName":"dendron.dendron-site"},"value":"dendron.topic.publishing.configuration","alias":"configuration","position":{"start":{"line":223,"column":212,"offset":6947},"end":{"line":223,"column":268,"offset":7003},"indent":[]},"xvault":false,"to":{"fname":"dendron.topic.publishing.configuration"}},{"type":"wiki","from":{"fname":"dendron.topic.references","id":"f1af56bb-db27-47ae-8406-61a98de6c78c","vaultName":"dendron.dendron-site"},"value":"dendron.topic.publishing.features","alias":"404 link","position":{"start":{"line":223,"column":487,"offset":7222},"end":{"line":223,"column":555,"offset":7290},"indent":[]},"xvault":false,"to":{"fname":"dendron.topic.publishing.features","anchorHeader":"selective-publication"}},{"type":"wiki","from":{"fname":"dendron.topic.references","id":"f1af56bb-db27-47ae-8406-61a98de6c78c","vaultName":"dendron.dendron-site"},"value":"dendron.ref.terms","alias":"pretty refs","position":{"start":{"line":227,"column":68,"offset":7378},"end":{"line":227,"column":112,"offset":7422},"indent":[]},"xvault":false,"to":{"fname":"dendron.ref.terms","anchorHeader":"pretty-ref"}},{"type":"ref","from":{"fname":"dendron.topic.references","id":"f1af56bb-db27-47ae-8406-61a98de6c78c","vaultName":"dendron.dendron-site"},"value":"dendron.topic.references","position":{"start":{"line":102,"column":1,"offset":3166},"end":{"line":102,"column":25,"offset":3190},"indent":[]},"xvault":false,"to":{"fname":"dendron.topic.references","anchorHeader":"^block-ref-example"}},{"type":"ref","from":{"fname":"dendron.topic.references","id":"f1af56bb-db27-47ae-8406-61a98de6c78c","vaultName":"dendron.dendron-site"},"value":"dendron.topic.commands","position":{"start":{"line":185,"column":1,"offset":5288},"end":{"line":185,"column":45,"offset":5332},"indent":[]},"xvault":false,"to":{"fname":"dendron.topic.commands","anchorHeader":"copy-note-ref:#*"}},{"type":"ref","from":{"fname":"dendron.topic.references","id":"f1af56bb-db27-47ae-8406-61a98de6c78c","vaultName":"dendron.dendron-site"},"value":"dendron.topic.config.dendron","position":{"start":{"line":231,"column":1,"offset":7487},"end":{"line":231,"column":51,"offset":7537},"indent":[]},"xvault":false,"to":{"fname":"dendron.topic.config.dendron","anchorHeader":"useprettyrefs:#*"}},{"from":{"fname":"dendron.faq","vaultName":"dendron.dendron-site"},"type":"backlink","position":{"start":{"line":138,"column":544,"offset":10409},"end":{"line":138,"column":578,"offset":10443},"indent":[]},"value":"dendron.topic.references"},{"from":{"fname":"dendron.ref.intellisense","vaultName":"dendron.dendron-site"},"type":"backlink","position":{"start":{"line":25,"column":28,"offset":814},"end":{"line":25,"column":83,"offset":869},"indent":[]},"value":"dendron.topic.references"},{"from":{"fname":"dendron.ref.terms","vaultName":"dendron.dendron-site"},"type":"backlink","position":{"start":{"line":19,"column":19,"offset":656},"end":{"line":19,"column":56,"offset":693},"indent":[]},"value":"dendron.topic.references"},{"from":{"fname":"dendron.release.2020-09-06","vaultName":"dendron.dendron-site"},"type":"backlink","position":{"start":{"line":32,"column":36,"offset":2358},"end":{"line":32,"column":69,"offset":2391},"indent":[]},"value":"dendron.topic.references"},{"from":{"fname":"dendron.release.2020-09-06","vaultName":"dendron.dendron-site"},"type":"backlink","position":{"start":{"line":53,"column":13,"offset":3317},"end":{"line":53,"column":57,"offset":3361},"indent":[]},"value":"dendron.topic.references"},{"from":{"fname":"dendron.release.2020-09-13","vaultName":"dendron.dendron-site"},"type":"backlink","position":{"start":{"line":11,"column":1,"offset":536},"end":{"line":11,"column":43,"offset":578},"indent":[]},"value":"dendron.topic.references"},{"from":{"fname":"dendron.release.2020-09-13","vaultName":"dendron.dendron-site"},"type":"backlink","position":{"start":{"line":82,"column":1,"offset":2106},"end":{"line":82,"column":61,"offset":2166},"indent":[]},"value":"dendron.topic.references"},{"from":{"fname":"dendron.release.2021-01-11","vaultName":"dendron.dendron-site"},"type":"backlink","position":{"start":{"line":5,"column":28,"offset":81},"end":{"line":5,"column":61,"offset":114},"indent":[]},"value":"dendron.topic.references"},{"from":{"fname":"dendron.release.changelog","vaultName":"dendron.dendron-site"},"type":"backlink","position":{"start":{"line":479,"column":1,"offset":14548},"end":{"line":479,"column":51,"offset":14598},"indent":[]},"value":"dendron.topic.references"},{"from":{"fname":"dendron.release.changelog","vaultName":"dendron.dendron-site"},"type":"backlink","position":{"start":{"line":544,"column":1,"offset":15668},"end":{"line":544,"column":51,"offset":15718},"indent":[]},"value":"dendron.topic.references"},{"from":{"fname":"dendron.rfc.10-blocks","vaultName":"dendron.dendron-site"},"type":"backlink","position":{"start":{"line":61,"column":38,"offset":1898},"end":{"line":61,"column":105,"offset":1965},"indent":[]},"value":"dendron.topic.references"},{"from":{"fname":"dendron.topic.commands","vaultName":"dendron.dendron-site"},"type":"backlink","position":{"start":{"line":47,"column":32,"offset":1626},"end":{"line":47,"column":75,"offset":1669},"indent":[]},"value":"dendron.topic.references"},{"from":{"fname":"dendron.topic.links","vaultName":"dendron.dendron-site"},"type":"backlink","position":{"start":{"line":77,"column":40,"offset":4020},"end":{"line":77,"column":84,"offset":4064},"indent":[]},"value":"dendron.topic.references"},{"from":{"fname":"dendron.topic.pod","vaultName":"dendron.dendron-site"},"type":"backlink","position":{"start":{"line":35,"column":112,"offset":1569},"end":{"line":35,"column":156,"offset":1613},"indent":[]},"value":"dendron.topic.references"},{"from":{"fname":"dendron.topic.references","vaultName":"dendron.dendron-site"},"type":"backlink","position":{"start":{"line":102,"column":1,"offset":3166},"end":{"line":102,"column":25,"offset":3190},"indent":[]},"value":"dendron.topic.references"},{"from":{"fname":"dendron.tutorial.linking-notes","vaultName":"dendron.dendron-site"},"type":"backlink","position":{"start":{"line":36,"column":5,"offset":1972},"end":{"line":36,"column":49,"offset":2016},"indent":[]},"value":"dendron.topic.references"},{"from":{"fname":"dendron.tutorial.rich-formatting","vaultName":"dendron.dendron-site"},"type":"backlink","position":{"start":{"line":60,"column":1,"offset":1721},"end":{"line":60,"column":45,"offset":1765},"indent":[]},"value":"dendron.topic.references"},{"from":{"fname":"dendron.dev.design.engine","vaultName":"dendron.dendron-site"},"type":"backlink","position":{"start":{"line":271,"column":3,"offset":5819},"end":{"line":271,"column":31,"offset":5847},"indent":[]},"value":"dendron.topic.references"},{"from":{"fname":"dendron.release.changelog.0-1-x","vaultName":"dendron.dendron-site"},"type":"backlink","position":{"start":{"line":341,"column":1,"offset":17895},"end":{"line":341,"column":51,"offset":17945},"indent":[]},"value":"dendron.topic.references"},{"from":{"fname":"dendron.release.changelog.0-1-x","vaultName":"dendron.dendron-site"},"type":"backlink","position":{"start":{"line":619,"column":1,"offset":32231},"end":{"line":619,"column":52,"offset":32282},"indent":[]},"value":"dendron.topic.references"},{"from":{"fname":"dendron.release.changelog.0-3-x","vaultName":"dendron.dendron-site"},"type":"backlink","position":{"start":{"line":126,"column":45,"offset":3217},"end":{"line":126,"column":89,"offset":3261},"indent":[]},"value":"dendron.topic.references"},{"from":{"fname":"dendron.rfc.14-seed-bank.faq","vaultName":"dendron.dendron-site"},"type":"backlink","position":{"start":{"line":36,"column":11,"offset":1221},"end":{"line":36,"column":65,"offset":1275},"indent":[]},"value":"dendron.topic.references"},{"from":{"fname":"dendron.topic.pod.markdown","vaultName":"dendron.dendron-site"},"type":"backlink","position":{"start":{"line":120,"column":1,"offset":2311},"end":{"line":120,"column":43,"offset":2353},"indent":[]},"value":"dendron.topic.references"},{"from":{"fname":"dendron.topic.publishing.features","vaultName":"dendron.dendron-site"},"type":"backlink","position":{"start":{"line":46,"column":13,"offset":2094},"end":{"line":46,"column":57,"offset":2138},"indent":[]},"value":"dendron.topic.references"}],"anchors":{"summary":{"type":"header","value":"summary","line":9,"column":0},"reference-types":{"type":"header","value":"reference-types","line":46,"column":0},"full-note-references":{"type":"header","value":"full-note-references","line":48,"column":0},"header-references":{"type":"header","value":"header-references","line":56,"column":0},"block-references":{"type":"header","value":"block-references","line":64,"column":0},"block-anchor":{"type":"header","value":"block-anchor","line":111,"column":0},"block-links":{"type":"header","value":"block-links","line":132,"column":0},"range-reference":{"type":"header","value":"range-reference","line":149,"column":0},"example-with-headers-as-range-boundary":{"type":"header","value":"example-with-headers-as-range-boundary","line":153,"column":0},"example-with-blocks-as-range-boundary":{"type":"header","value":"example-with-blocks-as-range-boundary","line":159,"column":0},"commands":{"type":"header","value":"commands","line":188,"column":0},"additional-options":{"type":"header","value":"additional-options","line":194,"column":0},"line-offset":{"type":"header","value":"line-offset","line":196,"column":0},"wildcard-headers-as-a-range-boundary":{"type":"header","value":"wildcard-headers-as-a-range-boundary","line":206,"column":0},"recursive-references":{"type":"header","value":"recursive-references","line":216,"column":0},"wildcard-link-reference":{"type":"header","value":"wildcard-link-reference","line":220,"column":0},"publishing":{"type":"header","value":"publishing","line":228,"column":0},"configuration":{"type":"header","value":"configuration","line":232,"column":0},"^block-ref-example":{"type":"block","value":"block-ref-example","line":68,"column":0}},"fname":"dendron.topic.references","updated":1625572927109,"created":1597356582509,"parent":"7a7af2fa-b9d0-4adc-81e6-f03186123539","children":[],"data":{},"contentHash":"62fd948cbfd2ece577bf6d2820405199","custom":{"stub":false},"schema":{"schemaId":"topic","moduleId":"dendron"}}
