{"id":"f23a6290-2dec-45dc-b616-c218ee53db6b","title":"Import","vault":{"fsPath":"vault","name":"dendron.dendron-site"},"type":"note","desc":"","links":[{"type":"ref","from":{"fname":"dendron.topic.pod.builtin.markdown.import","id":"f23a6290-2dec-45dc-b616-c218ee53db6b","vaultName":"dendron.dendron-site"},"value":"dendron.topic.pod.import","position":{"start":{"line":50,"column":1,"offset":1232},"end":{"line":50,"column":46,"offset":1277},"indent":[]},"xvault":false,"to":{"fname":"dendron.topic.pod.import","anchorHeader":"configuration,1"}},{"from":{"fname":"dendron.faq","vaultName":"dendron.dendron-site"},"type":"backlink","position":{"start":{"line":171,"column":187,"offset":13367},"end":{"line":171,"column":245,"offset":13425},"indent":[]},"value":"dendron.topic.pod.builtin.markdown.import"},{"from":{"fname":"dendron.release.changelog.0-3-x","vaultName":"dendron.dendron-site"},"type":"backlink","position":{"start":{"line":146,"column":76,"offset":3948},"end":{"line":146,"column":136,"offset":4008},"indent":[]},"value":"dendron.topic.pod.builtin.markdown.import"},{"from":{"fname":"dendron.release.changelog.0-3-x","vaultName":"dendron.dendron-site"},"type":"backlink","position":{"start":{"line":147,"column":59,"offset":4068},"end":{"line":147,"column":119,"offset":4128},"indent":[]},"value":"dendron.topic.pod.builtin.markdown.import"},{"from":{"fname":"dendron.topic.pod.builtin.markdown","vaultName":"dendron.dendron-site"},"type":"backlink","position":{"start":{"line":17,"column":1,"offset":187},"end":{"line":17,"column":60,"offset":246},"indent":[]},"value":"dendron.topic.pod.builtin.markdown.import"}],"anchors":{"summary":{"type":"header","value":"summary","line":8,"column":0},"example":{"type":"header","value":"example","line":13,"column":0},"configuration":{"type":"header","value":"configuration","line":55,"column":0},"noadduuid":{"type":"header","value":"noadduuid","line":58,"column":0},"indexname":{"type":"header","value":"indexname","line":62,"column":0},"links":{"type":"header","value":"links","line":96,"column":0}},"fname":"dendron.topic.pod.builtin.markdown.import","updated":1624551815400,"created":1617327950468,"parent":"13c4a608-0a32-4c62-9c7e-2b7f9f2d18bf","children":[],"data":{},"contentHash":"64557b9e270dc2b348b6c431d8fc7844","custom":{}}
