{"id":"f240676a-a003-46e2-ac79-784bd142c7f0","title":"Release Notes (version 0.36)","vault":{"fsPath":"vault","name":"dendron.dendron-site"},"type":"note","desc":"","links":[{"type":"wiki","from":{"fname":"dendron.release.2021-04-05","id":"f240676a-a003-46e2-ac79-784bd142c7f0","vaultName":"dendron.dendron-site"},"value":"dendron.release.changelog","alias":"dedicated command","position":{"start":{"line":11,"column":298,"offset":558},"end":{"line":11,"column":363,"offset":623},"indent":[]},"xvault":false,"to":{"fname":"dendron.release.changelog","anchorHeader":"goto-note-command"}},{"type":"wiki","from":{"fname":"dendron.release.2021-04-05","id":"f240676a-a003-46e2-ac79-784bd142c7f0","vaultName":"dendron.dendron-site"},"value":"dendron.community.roles","alias":"here","position":{"start":{"line":16,"column":38,"offset":1017},"end":{"line":16,"column":70,"offset":1049},"indent":[]},"xvault":false,"to":{"fname":"dendron.community.roles"}},{"type":"ref","from":{"fname":"dendron.release.2021-04-05","id":"f240676a-a003-46e2-ac79-784bd142c7f0","vaultName":"dendron.dendron-site"},"value":"dendron.release.changelog","position":{"start":{"line":31,"column":1,"offset":1758},"end":{"line":31,"column":42,"offset":1799},"indent":[]},"xvault":false,"to":{"fname":"dendron.release.changelog","anchorHeader":"0352:#0350"}}],"anchors":{"highlights":{"type":"header","value":"highlights","line":10,"column":0},"spring-cleaning":{"type":"header","value":"spring-cleaning","line":16,"column":0},"community":{"type":"header","value":"community","line":19,"column":0}},"fname":"dendron.release.2021-04-05","updated":1617645692821,"created":1617644812612,"parent":"932534e7-e788-4fdb-bc8c-eaf761992a8d","children":[],"data":{},"contentHash":"55f91ede0923c1dbafd605025b0ea8d4","custom":{}}
