{"id":"f2ed8639-a604-4a9d-b76c-41e205fb8713","title":"Configuration","vault":{"fsPath":"vault","name":"dendron.dendron-site"},"type":"note","desc":"","links":[{"type":"wiki","from":{"fname":"dendron.topic.publishing.configuration","id":"f2ed8639-a604-4a9d-b76c-41e205fb8713","vaultName":"dendron.dendron-site"},"value":"dendron.topic.config.dendron","alias":"vault names","position":{"start":{"line":62,"column":70,"offset":1818},"end":{"line":62,"column":119,"offset":1867},"indent":[]},"xvault":false,"to":{"fname":"dendron.topic.config.dendron","anchorHeader":"name"}},{"type":"wiki","from":{"fname":"dendron.topic.publishing.configuration","id":"f2ed8639-a604-4a9d-b76c-41e205fb8713","vaultName":"dendron.dendron-site"},"value":"dendron.topic.commands","alias":"Vault Add","position":{"start":{"line":64,"column":53,"offset":2057},"end":{"line":64,"column":99,"offset":2103},"indent":[]},"xvault":false,"to":{"fname":"dendron.topic.commands","anchorHeader":"vault-add"}},{"type":"wiki","from":{"fname":"dendron.topic.publishing.configuration","id":"f2ed8639-a604-4a9d-b76c-41e205fb8713","vaultName":"dendron.dendron-site"},"value":"dendron.topic.cli","alias":"buildSite","position":{"start":{"line":95,"column":37,"offset":2609},"end":{"line":95,"column":78,"offset":2650},"indent":[]},"xvault":false,"to":{"fname":"dendron.topic.cli","anchorHeader":"buildsite"}},{"type":"wiki","from":{"fname":"dendron.topic.publishing.configuration","id":"f2ed8639-a604-4a9d-b76c-41e205fb8713","vaultName":"dendron.dendron-site"},"value":"dendron.concepts","alias":"stubs","position":{"start":{"line":158,"column":18,"offset":4151},"end":{"line":158,"column":50,"offset":4183},"indent":[]},"xvault":false,"to":{"fname":"dendron.concepts","anchorHeader":"stubs"}},{"type":"wiki","from":{"fname":"dendron.topic.publishing.configuration","id":"f2ed8639-a604-4a9d-b76c-41e205fb8713","vaultName":"dendron.dendron-site"},"value":"dendron.topic.vaults","alias":"remote vaults","position":{"start":{"line":177,"column":26,"offset":4743},"end":{"line":177,"column":71,"offset":4788},"indent":[]},"xvault":false,"to":{"fname":"dendron.topic.vaults","anchorHeader":"remote"}},{"type":"wiki","from":{"fname":"dendron.topic.publishing.configuration","id":"f2ed8639-a604-4a9d-b76c-41e205fb8713","vaultName":"dendron.dendron-site"},"value":"dendron.topic.config.dendron","alias":"remote url","position":{"start":{"line":177,"column":108,"offset":4825},"end":{"line":177,"column":158,"offset":4875},"indent":[]},"xvault":false,"to":{"fname":"dendron.topic.config.dendron","anchorHeader":"remote"}},{"type":"wiki","from":{"fname":"dendron.topic.publishing.configuration","id":"f2ed8639-a604-4a9d-b76c-41e205fb8713","vaultName":"dendron.dendron-site"},"value":"dendron.workflows.cache","alias":"cache","position":{"start":{"line":255,"column":149,"offset":6808},"end":{"line":255,"column":182,"offset":6841},"indent":[]},"xvault":false,"to":{"fname":"dendron.workflows.cache"}},{"type":"wiki","from":{"fname":"dendron.topic.publishing.configuration","id":"f2ed8639-a604-4a9d-b76c-41e205fb8713","vaultName":"dendron.dendron-site"},"value":"dendron.topic.publishing.features","alias":"edit on github","position":{"start":{"line":410,"column":52,"offset":9664},"end":{"line":410,"column":119,"offset":9731},"indent":[]},"xvault":false,"to":{"fname":"dendron.topic.publishing.features","anchorHeader":"edit-on-github"}},{"type":"wiki","from":{"fname":"dendron.topic.publishing.configuration","id":"f2ed8639-a604-4a9d-b76c-41e205fb8713","vaultName":"dendron.dendron-site"},"value":"dendron.topic.links","alias":"children links","position":{"start":{"line":453,"column":54,"offset":11082},"end":{"line":453,"column":107,"offset":11135},"indent":[]},"xvault":false,"to":{"fname":"dendron.topic.links","anchorHeader":"children-links"}},{"from":{"fname":"dendron.release.2020-09-13","vaultName":"dendron.dendron-site"},"type":"backlink","position":{"start":{"line":63,"column":1,"offset":1796},"end":{"line":63,"column":63,"offset":1858},"indent":[]},"value":"dendron.topic.publishing.configuration"},{"from":{"fname":"dendron.release.2020-09-13","vaultName":"dendron.dendron-site"},"type":"backlink","position":{"start":{"line":67,"column":1,"offset":1888},"end":{"line":67,"column":57,"offset":1944},"indent":[]},"value":"dendron.topic.publishing.configuration"},{"from":{"fname":"dendron.release.2021-01-18","vaultName":"dendron.dendron-site"},"type":"backlink","position":{"start":{"line":8,"column":47,"offset":251},"end":{"line":8,"column":120,"offset":324},"indent":[]},"value":"dendron.topic.publishing.configuration"},{"from":{"fname":"dendron.release.2021-01-25","vaultName":"dendron.dendron-site"},"type":"backlink","position":{"start":{"line":7,"column":62,"offset":285},"end":{"line":7,"column":133,"offset":356},"indent":[]},"value":"dendron.topic.publishing.configuration"},{"from":{"fname":"dendron.release.2021-06-07","vaultName":"dendron.dendron-site"},"type":"backlink","position":{"start":{"line":53,"column":9,"offset":1870},"end":{"line":53,"column":77,"offset":1938},"indent":[]},"value":"dendron.topic.publishing.configuration"},{"from":{"fname":"dendron.release.2021-07-12","vaultName":"dendron.dendron-site"},"type":"backlink","position":{"start":{"line":28,"column":3,"offset":1647},"end":{"line":28,"column":71,"offset":1715},"indent":[]},"value":"dendron.topic.publishing.configuration"},{"from":{"fname":"dendron.release.changelog","vaultName":"dendron.dendron-site"},"type":"backlink","position":{"start":{"line":303,"column":48,"offset":9686},"end":{"line":303,"column":107,"offset":9745},"indent":[]},"value":"dendron.topic.publishing.configuration"},{"from":{"fname":"dendron.release.changelog","vaultName":"dendron.dendron-site"},"type":"backlink","position":{"start":{"line":316,"column":51,"offset":10219},"end":{"line":316,"column":111,"offset":10279},"indent":[]},"value":"dendron.topic.publishing.configuration"},{"from":{"fname":"dendron.rfc.14-seed-bank","vaultName":"dendron.dendron-site"},"type":"backlink","position":{"start":{"line":138,"column":211,"offset":4161},"end":{"line":138,"column":267,"offset":4217},"indent":[]},"value":"dendron.topic.publishing.configuration"},{"from":{"fname":"dendron.rfc.8-multi-publish","vaultName":"dendron.dendron-site"},"type":"backlink","position":{"start":{"line":18,"column":58,"offset":487},"end":{"line":18,"column":165,"offset":594},"indent":[]},"value":"dendron.topic.publishing.configuration"},{"from":{"fname":"dendron.topic.cli","vaultName":"dendron.dendron-site"},"type":"backlink","position":{"start":{"line":175,"column":1,"offset":5080},"end":{"line":175,"column":61,"offset":5140},"indent":[]},"value":"dendron.topic.publishing.configuration"},{"from":{"fname":"dendron.topic.commands","vaultName":"dendron.dendron-site"},"type":"backlink","position":{"start":{"line":451,"column":27,"offset":14146},"end":{"line":451,"column":85,"offset":14204},"indent":[]},"value":"dendron.topic.publishing.configuration"},{"from":{"fname":"dendron.topic.frontmatter","vaultName":"dendron.dendron-site"},"type":"backlink","position":{"start":{"line":68,"column":1,"offset":2189},"end":{"line":68,"column":63,"offset":2251},"indent":[]},"value":"dendron.topic.publishing.configuration"},{"from":{"fname":"dendron.topic.references","vaultName":"dendron.dendron-site"},"type":"backlink","position":{"start":{"line":223,"column":212,"offset":6947},"end":{"line":223,"column":268,"offset":7003},"indent":[]},"value":"dendron.topic.publishing.configuration"},{"from":{"fname":"dendron.release.changelog.0-1-x","vaultName":"dendron.dendron-site"},"type":"backlink","position":{"start":{"line":525,"column":3,"offset":26898},"end":{"line":525,"column":56,"offset":26951},"indent":[]},"value":"dendron.topic.publishing.configuration"},{"from":{"fname":"dendron.release.changelog.0-1-x","vaultName":"dendron.dendron-site"},"type":"backlink","position":{"start":{"line":595,"column":1,"offset":30738},"end":{"line":595,"column":51,"offset":30788},"indent":[]},"value":"dendron.topic.publishing.configuration"},{"from":{"fname":"dendron.release.changelog.0-1-x","vaultName":"dendron.dendron-site"},"type":"backlink","position":{"start":{"line":796,"column":1,"offset":39519},"end":{"line":796,"column":61,"offset":39579},"indent":[]},"value":"dendron.topic.publishing.configuration"},{"from":{"fname":"dendron.release.changelog.0-2-x","vaultName":"dendron.dendron-site"},"type":"backlink","position":{"start":{"line":55,"column":50,"offset":1700},"end":{"line":55,"column":123,"offset":1773},"indent":[]},"value":"dendron.topic.publishing.configuration"},{"from":{"fname":"dendron.release.changelog.0-2-x","vaultName":"dendron.dendron-site"},"type":"backlink","position":{"start":{"line":98,"column":55,"offset":3003},"end":{"line":98,"column":114,"offset":3062},"indent":[]},"value":"dendron.topic.publishing.configuration"},{"from":{"fname":"dendron.release.changelog.0-2-x","vaultName":"dendron.dendron-site"},"type":"backlink","position":{"start":{"line":99,"column":58,"offset":3121},"end":{"line":99,"column":136,"offset":3199},"indent":[]},"value":"dendron.topic.publishing.configuration"},{"from":{"fname":"dendron.release.changelog.0-2-x","vaultName":"dendron.dendron-site"},"type":"backlink","position":{"start":{"line":138,"column":56,"offset":4176},"end":{"line":138,"column":127,"offset":4247},"indent":[]},"value":"dendron.topic.publishing.configuration"},{"from":{"fname":"dendron.release.changelog.0-2-x","vaultName":"dendron.dendron-site"},"type":"backlink","position":{"start":{"line":202,"column":28,"offset":5976},"end":{"line":202,"column":101,"offset":6049},"indent":[]},"value":"dendron.topic.publishing.configuration"},{"from":{"fname":"dendron.release.changelog.0-2-x","vaultName":"dendron.dendron-site"},"type":"backlink","position":{"start":{"line":204,"column":31,"offset":6157},"end":{"line":204,"column":99,"offset":6225},"indent":[]},"value":"dendron.topic.publishing.configuration"},{"from":{"fname":"dendron.release.changelog.0-2-x","vaultName":"dendron.dendron-site"},"type":"backlink","position":{"start":{"line":302,"column":31,"offset":9747},"end":{"line":302,"column":86,"offset":9802},"indent":[]},"value":"dendron.topic.publishing.configuration"},{"from":{"fname":"dendron.release.changelog.0-2-x","vaultName":"dendron.dendron-site"},"type":"backlink","position":{"start":{"line":305,"column":13,"offset":9882},"end":{"line":305,"column":79,"offset":9948},"indent":[]},"value":"dendron.topic.publishing.configuration"},{"from":{"fname":"dendron.release.changelog.0-2-x","vaultName":"dendron.dendron-site"},"type":"backlink","position":{"start":{"line":337,"column":19,"offset":10847},"end":{"line":337,"column":78,"offset":10906},"indent":[]},"value":"dendron.topic.publishing.configuration"},{"from":{"fname":"dendron.release.changelog.0-2-x","vaultName":"dendron.dendron-site"},"type":"backlink","position":{"start":{"line":338,"column":33,"offset":10940},"end":{"line":338,"column":95,"offset":11002},"indent":[]},"value":"dendron.topic.publishing.configuration"},{"from":{"fname":"dendron.release.changelog.0-2-x","vaultName":"dendron.dendron-site"},"type":"backlink","position":{"start":{"line":367,"column":15,"offset":12197},"end":{"line":367,"column":88,"offset":12270},"indent":[]},"value":"dendron.topic.publishing.configuration"},{"from":{"fname":"dendron.release.changelog.0-2-x","vaultName":"dendron.dendron-site"},"type":"backlink","position":{"start":{"line":376,"column":5,"offset":12565},"end":{"line":376,"column":78,"offset":12638},"indent":[]},"value":"dendron.topic.publishing.configuration"},{"from":{"fname":"dendron.release.changelog.0-3-x","vaultName":"dendron.dendron-site"},"type":"backlink","position":{"start":{"line":59,"column":38,"offset":1623},"end":{"line":59,"column":97,"offset":1682},"indent":[]},"value":"dendron.topic.publishing.configuration"},{"from":{"fname":"dendron.release.changelog.0-3-x","vaultName":"dendron.dendron-site"},"type":"backlink","position":{"start":{"line":233,"column":46,"offset":6353},"end":{"line":233,"column":103,"offset":6410},"indent":[]},"value":"dendron.topic.publishing.configuration"},{"from":{"fname":"dendron.release.changelog.0-3-x","vaultName":"dendron.dendron-site"},"type":"backlink","position":{"start":{"line":234,"column":36,"offset":6447},"end":{"line":234,"column":95,"offset":6506},"indent":[]},"value":"dendron.topic.publishing.configuration"},{"from":{"fname":"dendron.release.changelog.0-3-x","vaultName":"dendron.dendron-site"},"type":"backlink","position":{"start":{"line":258,"column":5,"offset":7502},"end":{"line":258,"column":69,"offset":7566},"indent":[]},"value":"dendron.topic.publishing.configuration"},{"from":{"fname":"dendron.topic.pod.import","vaultName":"dendron.dendron-site"},"type":"backlink","position":{"start":{"line":27,"column":147,"offset":747},"end":{"line":27,"column":227,"offset":827},"indent":[]},"value":"dendron.topic.publishing.configuration"},{"from":{"fname":"dendron.topic.publishing.blogging","vaultName":"dendron.dendron-site"},"type":"backlink","position":{"start":{"line":3,"column":49,"offset":50},"end":{"line":3,"column":139,"offset":140},"indent":[]},"value":"dendron.topic.publishing.configuration"},{"from":{"fname":"dendron.topic.publishing.collections","vaultName":"dendron.dendron-site"},"type":"backlink","position":{"start":{"line":5,"column":124,"offset":363},"end":{"line":5,"column":196,"offset":435},"indent":[]},"value":"dendron.topic.publishing.configuration"},{"from":{"fname":"dendron.topic.publishing.collections","vaultName":"dendron.dendron-site"},"type":"backlink","position":{"start":{"line":13,"column":36,"offset":796},"end":{"line":13,"column":100,"offset":860},"indent":[]},"value":"dendron.topic.publishing.configuration"},{"from":{"fname":"dendron.topic.publishing.collections","vaultName":"dendron.dendron-site"},"type":"backlink","position":{"start":{"line":17,"column":1,"offset":889},"end":{"line":17,"column":60,"offset":948},"indent":[]},"value":"dendron.topic.publishing.configuration"},{"from":{"fname":"dendron.topic.publishing.migration","vaultName":"dendron.dendron-site"},"type":"backlink","position":{"start":{"line":10,"column":11,"offset":956},"end":{"line":10,"column":84,"offset":1029},"indent":[]},"value":"dendron.topic.publishing.configuration"},{"from":{"fname":"dendron.topic.publishing.navigation","vaultName":"dendron.dendron-site"},"type":"backlink","position":{"start":{"line":11,"column":10,"offset":367},"end":{"line":11,"column":72,"offset":429},"indent":[]},"value":"dendron.topic.publishing.configuration"},{"from":{"fname":"dendron.topic.publishing.navigation","vaultName":"dendron.dendron-site"},"type":"backlink","position":{"start":{"line":14,"column":120,"offset":604},"end":{"line":14,"column":186,"offset":670},"indent":[]},"value":"dendron.topic.publishing.configuration"},{"from":{"fname":"dendron.topic.publishing.navigation","vaultName":"dendron.dendron-site"},"type":"backlink","position":{"start":{"line":22,"column":53,"offset":940},"end":{"line":22,"column":119,"offset":1006},"indent":[]},"value":"dendron.topic.publishing.configuration"},{"from":{"fname":"dendron.topic.publishing.selective-publication","vaultName":"dendron.dendron-site"},"type":"backlink","position":{"start":{"line":3,"column":1,"offset":47},"end":{"line":3,"column":57,"offset":103},"indent":[]},"value":"dendron.topic.publishing.configuration"},{"from":{"fname":"dendron.topic.publishing.selective-publication","vaultName":"dendron.dendron-site"},"type":"backlink","position":{"start":{"line":7,"column":1,"offset":118},"end":{"line":7,"column":72,"offset":189},"indent":[]},"value":"dendron.topic.publishing.configuration"},{"from":{"fname":"dendron.topic.publishing.selective-publication","vaultName":"dendron.dendron-site"},"type":"backlink","position":{"start":{"line":11,"column":1,"offset":209},"end":{"line":11,"column":86,"offset":294},"indent":[]},"value":"dendron.topic.publishing.configuration"},{"from":{"fname":"dendron.topic.publishing.selective-publication","vaultName":"dendron.dendron-site"},"type":"backlink","position":{"start":{"line":15,"column":1,"offset":309},"end":{"line":15,"column":76,"offset":384},"indent":[]},"value":"dendron.topic.publishing.configuration"},{"from":{"fname":"dendron.topic.publishing.troubleshooting","vaultName":"dendron.dendron-site"},"type":"backlink","position":{"start":{"line":56,"column":45,"offset":1430},"end":{"line":56,"column":122,"offset":1507},"indent":[]},"value":"dendron.topic.publishing.configuration"},{"from":{"fname":"dendron.topic.vaults.multi-vault","vaultName":"dendron.dendron-site"},"type":"backlink","position":{"start":{"line":61,"column":67,"offset":2710},"end":{"line":61,"column":149,"offset":2792},"indent":[]},"value":"dendron.topic.publishing.configuration"},{"from":{"fname":"dendron.topic.publishing.quickstart.preview-your-site","vaultName":"dendron.dendron-site"},"type":"backlink","position":{"start":{"line":80,"column":52,"offset":1970},"end":{"line":80,"column":127,"offset":2045},"indent":[]},"value":"dendron.topic.publishing.configuration"}],"anchors":{"summary":{"type":"header","value":"summary","line":8,"column":0},"global-configuration":{"type":"header","value":"global-configuration","line":17,"column":0},"assetsprefix-optional":{"type":"header","value":"assetsprefix-optional","line":35,"column":0},"copyassets-optional":{"type":"header","value":"copyassets-optional","line":43,"column":0},"customheaderpath-optional":{"type":"header","value":"customheaderpath-optional","line":49,"column":0},"duplicatenotebehavior-optional":{"type":"header","value":"duplicatenotebehavior-optional","line":65,"column":0},"ga_tracking-optional":{"type":"header","value":"ga_tracking-optional","line":79,"column":0},"githubcname-optional":{"type":"header","value":"githubcname-optional","line":85,"column":0},"logo-optional":{"type":"header","value":"logo-optional","line":91,"column":0},"previewport":{"type":"header","value":"previewport","line":98,"column":0},"sitefaviconpath-optional":{"type":"header","value":"sitefaviconpath-optional","line":104,"column":0},"sitehierarchies-required":{"type":"header","value":"sitehierarchies-required","line":110,"column":0},"sitelastmodified-optional":{"type":"header","value":"sitelastmodified-optional","line":116,"column":0},"siteindex-optional":{"type":"header","value":"siteindex-optional","line":124,"column":0},"siteprotocol-optional":{"type":"header","value":"siteprotocol-optional","line":130,"column":0},"siterootdir-required":{"type":"header","value":"siterootdir-required","line":136,"column":0},"siterepodir-optional":{"type":"header","value":"siterepodir-optional","line":142,"column":0},"siteurl":{"type":"header","value":"siteurl","line":149,"column":0},"useprettyrefs":{"type":"header","value":"useprettyrefs","line":155,"column":0},"writestubs":{"type":"header","value":"writestubs","line":161,"column":0},"github-options":{"type":"header","value":"github-options","line":171,"column":0},"gh_edit_link":{"type":"header","value":"gh_edit_link","line":173,"column":0},"gh_edit_repository":{"type":"header","value":"gh_edit_repository","line":180,"column":0},"gh_edit_branch":{"type":"header","value":"gh_edit_branch","line":186,"column":0},"gh_edit_view_mode":{"type":"header","value":"gh_edit_view_mode","line":192,"column":0},"seo-options":{"type":"header","value":"seo-options","line":198,"column":0},"title":{"type":"header","value":"title","line":200,"column":0},"description":{"type":"header","value":"description","line":205,"column":0},"author":{"type":"header","value":"author","line":209,"column":0},"twitter":{"type":"header","value":"twitter","line":215,"column":0},"hierarchy-configuration":{"type":"header","value":"hierarchy-configuration","line":221,"column":0},"publishbydefault":{"type":"header","value":"publishbydefault","line":235,"column":0},"noindexbydefault":{"type":"header","value":"noindexbydefault","line":255,"column":0},"customfrontmatter":{"type":"header","value":"customfrontmatter","line":264,"column":0},"examples":{"type":"header","value":"examples","line":283,"column":0},"example-publishing-entire-vault":{"type":"header","value":"example-publishing-entire-vault","line":285,"column":0},"example-publishing-just-one-domain":{"type":"header","value":"example-publishing-just-one-domain","line":318,"column":0},"examples-of-cname-github-and-seo-options":{"type":"header","value":"examples-of-cname-github-and-seo-options","line":346,"column":0},"note-configuration":{"type":"header","value":"note-configuration","line":365,"column":0},"canonicalurl":{"type":"header","value":"canonicalurl","line":369,"column":0},"published":{"type":"header","value":"published","line":378,"column":0},"nav_exclude":{"type":"header","value":"nav_exclude","line":389,"column":0},"nav_order":{"type":"header","value":"nav_order","line":393,"column":0},"noindex":{"type":"header","value":"noindex","line":400,"column":0},"gitnolink":{"type":"header","value":"gitnolink","line":411,"column":0},"gitnotepath":{"type":"header","value":"gitnotepath","line":415,"column":0},"collection-options":{"type":"header","value":"collection-options","line":424,"column":0},"has_collection":{"type":"header","value":"has_collection","line":426,"column":0},"date":{"type":"header","value":"date","line":433,"column":0},"skiplevels":{"type":"header","value":"skiplevels","line":437,"column":0},"sort_order":{"type":"header","value":"sort_order","line":462,"column":0},"seo-options-1":{"type":"header","value":"seo-options-1","line":469,"column":0},"image":{"type":"header","value":"image","line":471,"column":0},"excerpt":{"type":"header","value":"excerpt","line":475,"column":0},"line-configuration":{"type":"header","value":"line-configuration","line":478,"column":0},"local_only_line":{"type":"header","value":"local_only_line","line":482,"column":0}},"fname":"dendron.topic.publishing.configuration","updated":1624552124573,"created":1608528797892,"parent":"579e379b-3eca-4676-b51c-c66eb26a11b8","children":[],"data":{},"contentHash":"5c797f8d5a81c33f55fd06b835f97c36","custom":{"nav_order":3}}
