{"id":"f3a41725-c5e5-4851-a6ed-5f541054d409","title":"Hierarchies","vault":{"fsPath":"vault","name":"dendron.dendron-site"},"type":"note","desc":"","links":[{"type":"wiki","from":{"fname":"dendron.topic.hierarchies","id":"f3a41725-c5e5-4851-a6ed-5f541054d409","vaultName":"dendron.dendron-site"},"value":"dendron.topic.schema","alias":"schema","position":{"start":{"line":53,"column":110,"offset":1591},"end":{"line":53,"column":141,"offset":1622},"indent":[]},"xvault":false,"to":{"fname":"dendron.topic.schema"}},{"type":"wiki","from":{"fname":"dendron.topic.hierarchies","id":"f3a41725-c5e5-4851-a6ed-5f541054d409","vaultName":"dendron.dendron-site"},"value":"dendron.topic.schema","alias":"stubs","position":{"start":{"line":86,"column":27,"offset":2379},"end":{"line":86,"column":57,"offset":2409},"indent":[]},"xvault":false,"to":{"fname":"dendron.topic.schema"}},{"type":"ref","from":{"fname":"dendron.topic.hierarchies","id":"f3a41725-c5e5-4851-a6ed-5f541054d409","vaultName":"dendron.dendron-site"},"value":"dendron.ref.layout","position":{"start":{"line":36,"column":1,"offset":778},"end":{"line":36,"column":56,"offset":833},"indent":[]},"xvault":false,"to":{"fname":"dendron.ref.layout","anchorHeader":"file-tree,1:#additional-folders"}},{"from":{"fname":"dendron","vaultName":"dendron.dendron-site"},"type":"backlink","position":{"start":{"line":13,"column":357,"offset":1645},"end":{"line":13,"column":398,"offset":1686},"indent":[]},"value":"dendron.topic.hierarchies"},{"from":{"fname":"dendron.concepts","vaultName":"dendron.dendron-site"},"type":"backlink","position":{"start":{"line":25,"column":37,"offset":1173},"end":{"line":25,"column":71,"offset":1207},"indent":[]},"value":"dendron.topic.hierarchies"},{"from":{"fname":"dendron.concepts","vaultName":"dendron.dendron-site"},"type":"backlink","position":{"start":{"line":23,"column":1,"offset":1085},"end":{"line":23,"column":51,"offset":1135},"indent":[]},"value":"dendron.topic.hierarchies"},{"from":{"fname":"dendron.faq","vaultName":"dendron.dendron-site"},"type":"backlink","position":{"start":{"line":43,"column":78,"offset":3286},"end":{"line":43,"column":119,"offset":3327},"indent":[]},"value":"dendron.topic.hierarchies"},{"from":{"fname":"dendron.faq","vaultName":"dendron.dendron-site"},"type":"backlink","position":{"start":{"line":130,"column":123,"offset":8918},"end":{"line":130,"column":167,"offset":8962},"indent":[]},"value":"dendron.topic.hierarchies"},{"from":{"fname":"dendron.features","vaultName":"dendron.dendron-site"},"type":"backlink","position":{"start":{"line":19,"column":171,"offset":942},"end":{"line":19,"column":200,"offset":971},"indent":[]},"value":"dendron.topic.hierarchies"}],"anchors":{"summary":{"type":"header","value":"summary","line":8,"column":0},"concepts":{"type":"header","value":"concepts","line":39,"column":0},"root":{"type":"header","value":"root","line":45,"column":0},"domain":{"type":"header","value":"domain","line":49,"column":0},"why-hierarchies":{"type":"header","value":"why-hierarchies","line":53,"column":0},"whats-with-the-s":{"type":"header","value":"whats-with-the-s","line":57,"column":0}},"fname":"dendron.topic.hierarchies","updated":1623765064155,"created":1595611213607,"parent":"7a7af2fa-b9d0-4adc-81e6-f03186123539","children":[],"data":{},"contentHash":"8a6a309909b91ffe0b90376a795977c4","custom":{"stub":false},"schema":{"schemaId":"topic","moduleId":"dendron"}}
