{"id":"f49f6c7a-80f3-4097-a9ac-5f2223626eeb","title":"23","vault":{"fsPath":"vault","name":"dendron.dendron-site"},"type":"note","desc":"","links":[{"from":{"fname":"dendron.release.2021-05-24","vaultName":"dendron.dendron-site"},"type":"backlink","position":{"start":{"line":15,"column":49,"offset":297},"end":{"line":15,"column":99,"offset":347},"indent":[]},"value":"dendron.community.office-hours.2021.05.23"}],"anchors":{"company-updates":{"type":"header","value":"company-updates","line":8,"column":0},"questions":{"type":"header","value":"questions","line":16,"column":0},"minutes":{"type":"header","value":"minutes","line":20,"column":0}},"fname":"dendron.community.office-hours.2021.05.23","updated":1621794837482,"created":1621785443334,"parent":"8fade289-92bf-4f8b-a58a-74d91c3d6655","children":[],"data":{},"contentHash":"ddc4f673d63330e7883239afa1607ff4","custom":{}}
