{"id":"f4f48436-c54b-4ead-96d0-47493a859050","title":"Arch","vault":{"fsPath":"vault","name":"dendron.dendron-site"},"type":"note","desc":"","links":[],"anchors":{"exportpod":{"type":"header","value":"exportpod","line":10,"column":0},"config":{"type":"header","value":"config","line":16,"column":0},"lifecycle":{"type":"header","value":"lifecycle","line":20,"column":0},"constructor":{"type":"header","value":"constructor","line":22,"column":0},"execute":{"type":"header","value":"execute","line":26,"column":0},"validate":{"type":"header","value":"validate","line":33,"column":0},"plan":{"type":"header","value":"plan","line":37,"column":0}},"fname":"pkg.pods-core.arch","updated":1623378191634,"created":1623377875289,"parent":"c116cc0b-2c65-48d8-ac77-53502228d398","children":[],"data":{},"contentHash":"9ae2968639a2afab1e9bc149e7af0895","custom":{}}
