{"id":"f528e8ad-a3f9-4f66-af1d-0af400014383","title":"Lookup","vault":{"fsPath":"vault","name":"dendron.dendron-site"},"type":"note","desc":"","links":[{"type":"wiki","from":{"fname":"pkg.dendron-plugin.internal.lookup","id":"f528e8ad-a3f9-4f66-af1d-0af400014383","vaultName":"dendron.dendron-site"},"value":"pkg.dendron-engine.internal.lookup","alias":"queryNotes","position":{"start":{"line":92,"column":7,"offset":1311},"end":{"line":92,"column":67,"offset":1371},"indent":[]},"xvault":false,"to":{"fname":"pkg.dendron-engine.internal.lookup","anchorHeader":"querynotes"}},{"from":{"fname":"dendron.topic.lookup","vaultName":"dendron.dendron-site"},"type":"backlink","position":{"start":{"line":13,"column":67,"offset":801},"end":{"line":13,"column":110,"offset":844},"indent":[]},"value":"pkg.dendron-plugin.internal.lookup"}],"anchors":{"summary":{"type":"header","value":"summary","line":7,"column":0},"lookup":{"type":"header","value":"lookup","line":9,"column":0},"show":{"type":"header","value":"show","line":11,"column":0},"updatepickerbehavior":{"type":"header","value":"updatepickerbehavior","line":31,"column":0},"updatebehaviorbynotetype":{"type":"header","value":"updatebehaviorbynotetype","line":43,"column":0},"provide":{"type":"header","value":"provide","line":51,"column":0},"onupdatepickeritem":{"type":"header","value":"onupdatepickeritem","line":63,"column":0},"createpickeritemsfromengine":{"type":"header","value":"createpickeritemsfromengine","line":96,"column":0}},"fname":"pkg.dendron-plugin.internal.lookup","updated":1621041806322,"created":1610205567544,"parent":"4b8f0470-dacb-433b-8d0c-f5a7d8f5245d","children":[],"data":{},"contentHash":"687c548ba07a6d02aa973a1efd92aa1f","custom":{}}
