{"id":"f5d459b0-01ea-4bd2-bb8b-ed7f7f7a8e0c","title":"Release Notes (version 0.26)","vault":{"fsPath":"vault","name":"dendron.dendron-site"},"type":"note","desc":"","links":[{"type":"wiki","from":{"fname":"dendron.release.2021-01-25","id":"f5d459b0-01ea-4bd2-bb8b-ed7f7f7a8e0c","vaultName":"dendron.dendron-site"},"value":"dendron.topic.config.dendron","alias":"docs","position":{"start":{"line":5,"column":35,"offset":80},"end":{"line":5,"column":92,"offset":137},"indent":[]},"xvault":false,"to":{"fname":"dendron.topic.config.dendron","anchorHeader":"usenotetitleforlink"}},{"type":"wiki","from":{"fname":"dendron.release.2021-01-25","id":"f5d459b0-01ea-4bd2-bb8b-ed7f7f7a8e0c","vaultName":"dendron.dendron-site"},"value":"dendron.topic.markdown","alias":"docs","position":{"start":{"line":6,"column":44,"offset":182},"end":{"line":6,"column":84,"offset":222},"indent":[]},"xvault":false,"to":{"fname":"dendron.topic.markdown","anchorHeader":"diagrams"}},{"type":"wiki","from":{"fname":"dendron.release.2021-01-25","id":"f5d459b0-01ea-4bd2-bb8b-ed7f7f7a8e0c","vaultName":"dendron.dendron-site"},"value":"dendron.topic.publishing.configuration","alias":"docs","position":{"start":{"line":7,"column":62,"offset":285},"end":{"line":7,"column":133,"offset":356},"indent":[]},"xvault":false,"to":{"fname":"dendron.topic.publishing.configuration","anchorHeader":"passing-multiple-vaults"}},{"type":"wiki","from":{"fname":"dendron.release.2021-01-25","id":"f5d459b0-01ea-4bd2-bb8b-ed7f7f7a8e0c","vaultName":"dendron.dendron-site"},"value":"tags.Bug","alias":"#Bug","position":{"start":{"line":13,"column":58,"offset":570},"end":{"line":13,"column":62,"offset":574},"indent":[]},"xvault":false,"to":{"fname":"tags.Bug"}},{"type":"wiki","from":{"fname":"dendron.release.2021-01-25","id":"f5d459b0-01ea-4bd2-bb8b-ed7f7f7a8e0c","vaultName":"dendron.dendron-site"},"value":"tags.Bug","alias":"#Bug","position":{"start":{"line":19,"column":65,"offset":881},"end":{"line":19,"column":69,"offset":885},"indent":[]},"xvault":false,"to":{"fname":"tags.Bug"}},{"type":"wiki","from":{"fname":"dendron.release.2021-01-25","id":"f5d459b0-01ea-4bd2-bb8b-ed7f7f7a8e0c","vaultName":"dendron.dendron-site"},"value":"dendron.guides.upgrading","alias":"here for dendron-11ty and dendron cli","position":{"start":{"line":38,"column":32,"offset":1396},"end":{"line":38,"column":127,"offset":1491},"indent":[]},"xvault":false,"to":{"fname":"dendron.guides.upgrading","anchorHeader":"dendron-cli-and-dendron-11ty"}},{"type":"ref","from":{"fname":"dendron.release.2021-01-25","id":"f5d459b0-01ea-4bd2-bb8b-ed7f7f7a8e0c","vaultName":"dendron.dendron-site"},"value":"dendron.release.changelog","position":{"start":{"line":40,"column":1,"offset":1493},"end":{"line":40,"column":42,"offset":1534},"indent":[]},"xvault":false,"to":{"fname":"dendron.release.changelog","anchorHeader":"0253:#0242"}}],"anchors":{"highlights":{"type":"header","value":"highlights","line":9,"column":0},"community":{"type":"header","value":"community","line":15,"column":0},"version-number":{"type":"header","value":"version-number","line":30,"column":0}},"fname":"dendron.release.2021-01-25","updated":1619549949221,"created":1611615493246,"parent":"932534e7-e788-4fdb-bc8c-eaf761992a8d","children":[],"data":{},"contentHash":"f5d440b1039beb544ec332048702a48c","custom":{}}
