{"id":"f7de40f7-75c1-4d7a-aa6b-77444c034ad1","title":"Install Node","vault":{"fsPath":"vault","name":"dendron.dendron-site"},"type":"note","desc":"","links":[{"from":{"fname":"dendron.topic.publishing.quickstart.preview-your-site","vaultName":"dendron.dendron-site"},"type":"backlink","position":{"start":{"line":9,"column":53,"offset":190},"end":{"line":9,"column":89,"offset":226},"indent":[]},"value":"dendron.guides.install-node"},{"from":{"fname":"dendron.topic.publishing.quickstart.preview-your-site","vaultName":"dendron.dendron-site"},"type":"backlink","position":{"start":{"line":14,"column":55,"offset":319},"end":{"line":14,"column":96,"offset":360},"indent":[]},"value":"dendron.guides.install-node"}],"anchors":{},"fname":"dendron.guides.install-node","updated":1615652093120,"created":1610681611843,"parent":"02c2d7b6-2ea2-4e15-9894-9dead50d5ca2","children":[],"data":{},"contentHash":"f2e403b318b7e2e267ad07dab2f20833","custom":{"published":true}}
