{"id":"f7ebd4aa-8ba7-4bc5-bd00-a1efc5315f07","title":"Workbench","vault":{"fsPath":"vault","name":"dendron.dendron-site"},"type":"note","desc":"","links":[{"type":"wiki","from":{"fname":"dendron.topic.workbench","id":"f7ebd4aa-8ba7-4bc5-bd00-a1efc5315f07","vaultName":"dendron.dendron-site"},"value":"dendron.topic.links","alias":"backlinks","position":{"start":{"line":55,"column":28,"offset":2124},"end":{"line":55,"column":71,"offset":2167},"indent":[]},"xvault":false,"to":{"fname":"dendron.topic.links","anchorHeader":"backlinks"}},{"type":"ref","from":{"fname":"dendron.topic.workbench","id":"f7ebd4aa-8ba7-4bc5-bd00-a1efc5315f07","vaultName":"dendron.dendron-site"},"value":"dendron.ref.web-ui","position":{"start":{"line":104,"column":1,"offset":5323},"end":{"line":104,"column":74,"offset":5396},"indent":[]},"xvault":true,"to":{"fname":"dendron.ref.web-ui","anchorHeader":"calendar-view,1:#*","vaultName":"dendron.dendron-site"}},{"from":{"fname":"dendron.faq","vaultName":"dendron.dendron-site"},"type":"backlink","position":{"start":{"line":171,"column":62,"offset":13242},"end":{"line":171,"column":125,"offset":13305},"indent":[]},"value":"dendron.topic.workbench"},{"from":{"fname":"dendron.guides.cook","vaultName":"dendron.dendron-site"},"type":"backlink","position":{"start":{"line":231,"column":5,"offset":9664},"end":{"line":231,"column":51,"offset":9710},"indent":[]},"value":"dendron.topic.workbench"},{"from":{"fname":"dendron.guides.troubleshooting","vaultName":"dendron.dendron-site"},"type":"backlink","position":{"start":{"line":141,"column":10,"offset":4712},"end":{"line":141,"column":61,"offset":4763},"indent":[]},"value":"dendron.topic.workbench"},{"from":{"fname":"dendron.ref.web-ui","vaultName":"dendron.dendron-site"},"type":"backlink","position":{"start":{"line":16,"column":34,"offset":522},"end":{"line":16,"column":97,"offset":585},"indent":[]},"value":"dendron.topic.workbench"},{"from":{"fname":"dendron.topic.links","vaultName":"dendron.dendron-site"},"type":"backlink","position":{"start":{"line":55,"column":15,"offset":2623},"end":{"line":55,"column":68,"offset":2676},"indent":[]},"value":"dendron.topic.workbench"},{"from":{"fname":"dendron.topic.links","vaultName":"dendron.dendron-site"},"type":"backlink","position":{"start":{"line":59,"column":45,"offset":3008},"end":{"line":59,"column":92,"offset":3055},"indent":[]},"value":"dendron.topic.workbench"},{"from":{"fname":"dendron.topic.publishing.features","vaultName":"dendron.dendron-site"},"type":"backlink","position":{"start":{"line":52,"column":31,"offset":2532},"end":{"line":52,"column":84,"offset":2585},"indent":[]},"value":"dendron.topic.workbench"}],"anchors":{"output-view":{"type":"header","value":"output-view","line":16,"column":0},"outline-view":{"type":"header","value":"outline-view","line":24,"column":0},"updating-outline":{"type":"header","value":"updating-outline","line":29,"column":0},"dendron-tree-view":{"type":"header","value":"dendron-tree-view","line":35,"column":0},"backlinks-view":{"type":"header","value":"backlinks-view","line":60,"column":0},"accessing-the-backlinks-view":{"type":"header","value":"accessing-the-backlinks-view","line":70,"column":0},"common-components":{"type":"header","value":"common-components","line":84,"column":0},"linked-backlinks":{"type":"header","value":"linked-backlinks","line":96,"column":0},"candidate-backlinks":{"type":"header","value":"candidate-backlinks","line":103,"column":0},"dendron-calendar-view":{"type":"header","value":"dendron-calendar-view","line":110,"column":0},"working-with-multiple-columns":{"type":"header","value":"working-with-multiple-columns","line":113,"column":0},"expanding-the-current-editor":{"type":"header","value":"expanding-the-current-editor","line":119,"column":0}},"fname":"dendron.topic.workbench","updated":1626473338211,"created":1595170237255,"parent":"7a7af2fa-b9d0-4adc-81e6-f03186123539","children":[],"data":{},"contentHash":"ba51ed2a36676ee06dd2d33fc333327d","custom":{"stub":false},"schema":{"schemaId":"topic","moduleId":"dendron"}}
