{"id":"f81bd621-b918-4003-b6d8-6efd99a42a5b","title":"09","vault":{"fsPath":"vault","name":"dendron.dendron-site"},"type":"note","desc":"","links":[],"anchors":{},"fname":"dendron.roadmap.project.scratch.2020.09","updated":1601139430377,"created":1601139430377,"parent":"dba0543d-dd60-4d8a-904e-d347f9f862ee","children":["012b49e8-7638-4856-afc2-2db3c6406a86","02b1c04d-fc7e-4af9-9ffc-a661ac3da394","700b02fc-1e6c-46b1-8d68-5d8e17a55d33"],"data":{},"contentHash":"4167393a357e488db0c8a8a31c32e21b","custom":{"stub":false}}
