{"id":"f9540bb6-7a5a-46db-ae7c-e1a606f28c73","title":"Cheatsheet","vault":{"fsPath":"vault","name":"dendron.dendron-site"},"type":"note","desc":"","links":[{"type":"wiki","from":{"fname":"dendron.cheatsheet","id":"f9540bb6-7a5a-46db-ae7c-e1a606f28c73","vaultName":"dendron.dendron-site"},"value":"dendron.cheatsheet","alias":"cheatsheet","position":{"start":{"line":207,"column":62,"offset":6753},"end":{"line":207,"column":95,"offset":6786},"indent":[]},"xvault":false,"to":{"fname":"dendron.cheatsheet"}},{"from":{"fname":"dendron.cheatsheet","vaultName":"dendron.dendron-site"},"type":"backlink","position":{"start":{"line":207,"column":62,"offset":6753},"end":{"line":207,"column":95,"offset":6786},"indent":[]},"value":"dendron.cheatsheet"},{"from":{"fname":"dendron.topic.commands","vaultName":"dendron.dendron-site"},"type":"backlink","position":{"start":{"line":376,"column":47,"offset":12246},"end":{"line":376,"column":80,"offset":12279},"indent":[]},"value":"dendron.cheatsheet"}],"anchors":{"useful-links":{"type":"header","value":"useful-links","line":11,"column":0},"commands":{"type":"header","value":"commands","line":18,"column":0},"lookup":{"type":"header","value":"lookup","line":20,"column":0},"dendron-contribute":{"type":"header","value":"dendron-contribute","line":21,"column":0},"notes":{"type":"header","value":"notes","line":28,"column":0},"dendron-create-daily-journal-note":{"type":"header","value":"dendron-create-daily-journal-note","line":29,"column":0},"dendron-copy-note-link":{"type":"header","value":"dendron-copy-note-link","line":38,"column":0},"dendron-copy-note-ref":{"type":"header","value":"dendron-copy-note-ref","line":47,"column":0},"dendron-delete-node":{"type":"header","value":"dendron-delete-node","line":56,"column":0},"dendron-rename-note":{"type":"header","value":"dendron-rename-note","line":64,"column":0},"dendron-show-preview":{"type":"header","value":"dendron-show-preview","line":70,"column":0},"navigation":{"type":"header","value":"navigation","line":79,"column":0},"dendron-lookup":{"type":"header","value":"dendron-lookup","line":80,"column":0},"dendron-lookup-journal-note":{"type":"header","value":"dendron-lookup-journal-note","line":88,"column":0},"dendron-lookup-scratch-note":{"type":"header","value":"dendron-lookup-scratch-note","line":97,"column":0},"dendron-lookup-schema":{"type":"header","value":"dendron-lookup-schema","line":106,"column":0},"dendron-open-link":{"type":"header","value":"dendron-open-link","line":114,"column":0},"hierarchies":{"type":"header","value":"hierarchies","line":121,"column":0},"dendron-reload-index":{"type":"header","value":"dendron-reload-index","line":122,"column":0},"dendron-archive-hierarchy":{"type":"header","value":"dendron-archive-hierarchy","line":128,"column":0},"dendron-refactor-hierarchy":{"type":"header","value":"dendron-refactor-hierarchy","line":134,"column":0},"dendron-go-up":{"type":"header","value":"dendron-go-up","line":140,"column":0},"dendron-go-next-sibling":{"type":"header","value":"dendron-go-next-sibling","line":149,"column":0},"dendron-go-previous-sibling":{"type":"header","value":"dendron-go-previous-sibling","line":157,"column":0},"dendron-go-down":{"type":"header","value":"dendron-go-down","line":165,"column":0},"workspace":{"type":"header","value":"workspace","line":175,"column":0},"dendron-vault-add":{"type":"header","value":"dendron-vault-add","line":176,"column":0},"dendron-vault-remove":{"type":"header","value":"dendron-vault-remove","line":182,"column":0},"dendron-initialize-workspace":{"type":"header","value":"dendron-initialize-workspace","line":189,"column":0},"dendron-change-workspace":{"type":"header","value":"dendron-change-workspace","line":195,"column":0},"dendron-snapshot-vault":{"type":"header","value":"dendron-snapshot-vault","line":201,"column":0},"dendron-restore-vault":{"type":"header","value":"dendron-restore-vault","line":207,"column":0},"dendron-show-help":{"type":"header","value":"dendron-show-help","line":213,"column":0},"dendron-configure-yaml":{"type":"header","value":"dendron-configure-yaml","line":219,"column":0},"dendron-configure":{"type":"header","value":"dendron-configure","line":225,"column":0},"pods":{"type":"header","value":"pods","line":232,"column":0},"dendron-build-pod":{"type":"header","value":"dendron-build-pod","line":233,"column":0},"dendron-configure-pod":{"type":"header","value":"dendron-configure-pod","line":239,"column":0},"dendron-import-pod":{"type":"header","value":"dendron-import-pod","line":245,"column":0},"dendron-export-pod":{"type":"header","value":"dendron-export-pod","line":251,"column":0},"dendron-publish-pod":{"type":"header","value":"dendron-publish-pod","line":257,"column":0},"dendron-copy-note-url":{"type":"header","value":"dendron-copy-note-url","line":263,"column":0},"publishing":{"type":"header","value":"publishing","line":272,"column":0},"dendron-publish":{"type":"header","value":"dendron-publish","line":273,"column":0},"dendron-site-build":{"type":"header","value":"dendron-site-build","line":279,"column":0},"dendron-site-preview":{"type":"header","value":"dendron-site-preview","line":285,"column":0},"dev":{"type":"header","value":"dev","line":292,"column":0},"dendron-doctor":{"type":"header","value":"dendron-doctor","line":293,"column":0},"dendron-dump-state":{"type":"header","value":"dendron-dump-state","line":299,"column":0},"dendrondev-open-logs":{"type":"header","value":"dendrondev-open-logs","line":305,"column":0}},"fname":"dendron.cheatsheet","updated":1596374871110,"created":1596374871110,"parent":"b0fe6ef7-1553-4280-bc45-a71824c2ce36","children":[],"data":{},"contentHash":"56c5d045ca81463364f3ffdacda37f1d","custom":{"nav_order":8.5}}
