{"id":"f9b4fc21-7613-4c8a-9257-cec4c06b67f9","title":"Migration","vault":{"fsPath":"vault","name":"dendron.dendron-site"},"type":"note","desc":"","links":[{"type":"wiki","from":{"fname":"dendron.guides.migration","id":"f9b4fc21-7613-4c8a-9257-cec4c06b67f9","vaultName":"dendron.dendron-site"},"value":"dendron.topic.pod.builtin.markdown","alias":"markdown pod","position":{"start":{"line":5,"column":12,"offset":80},"end":{"line":5,"column":63,"offset":131},"indent":[]},"xvault":false,"to":{"fname":"dendron.topic.pod.builtin.markdown"}},{"type":"wiki","from":{"fname":"dendron.guides.migration","id":"f9b4fc21-7613-4c8a-9257-cec4c06b67f9","vaultName":"dendron.dendron-site"},"value":"dendron.topic.pod.builtin.markdown","alias":"markdown pod","position":{"start":{"line":15,"column":12,"offset":971},"end":{"line":15,"column":63,"offset":1022},"indent":[]},"xvault":false,"to":{"fname":"dendron.topic.pod.builtin.markdown"}},{"type":"wiki","from":{"fname":"dendron.guides.migration","id":"f9b4fc21-7613-4c8a-9257-cec4c06b67f9","vaultName":"dendron.dendron-site"},"value":"dendron.topic.pod.builtin.markdown","alias":"markdown pod","position":{"start":{"line":20,"column":12,"offset":1208},"end":{"line":20,"column":70,"offset":1266},"indent":[]},"xvault":false,"to":{"fname":"dendron.topic.pod.builtin.markdown","anchorHeader":"import"}}],"anchors":{"obsidian":{"type":"header","value":"obsidian","line":9,"column":0},"onenote":{"type":"header","value":"onenote","line":15,"column":0},"google-keep":{"type":"header","value":"google-keep","line":23,"column":0},"joplin":{"type":"header","value":"joplin","line":28,"column":0},"importing-files":{"type":"header","value":"importing-files","line":32,"column":0}},"fname":"dendron.guides.migration","updated":1618154129829,"created":1603982164242,"parent":"02c2d7b6-2ea2-4e15-9894-9dead50d5ca2","children":[],"data":{},"contentHash":"31898cc37ea5fd38caa75348f011f1c9","custom":{}}
