{"id":"f9ftfqZnohdc9Kxh","title":"25","vault":{"fsPath":"vault","name":"dendron.dendron-site"},"type":"note","desc":"","links":[{"from":{"fname":"dendron.release.2021-07-26","vaultName":"dendron.dendron-site"},"type":"backlink","position":{"start":{"line":32,"column":49,"offset":1554},"end":{"line":32,"column":99,"offset":1604},"indent":[]},"value":"dendron.community.office-hours.2021.07.25"}],"anchors":{"company-updates":{"type":"header","value":"company-updates","line":8,"column":0}},"fname":"dendron.community.office-hours.2021.07.25","updated":1627282696597,"created":1627282431859,"parent":"YaBuagTIefevWITM","children":[],"data":{},"contentHash":"f90c15914c795ff7d4e1d51c5c192e8f","custom":{}}
