{"id":"fa3b1186-b50f-4b7e-9c46-2a116bfdde51","title":"Vault Specific","vault":{"fsPath":"vault","name":"dendron.dendron-site"},"type":"note","desc":"","links":[{"type":"wiki","from":{"fname":"dendron.rfc.12-schema-improvements.vault-specific","id":"fa3b1186-b50f-4b7e-9c46-2a116bfdde51","vaultName":"dendron.dendron-site"},"value":"dendron.rfc.12-schema-improvements.reusability","alias":"Reusability","position":{"start":{"line":27,"column":115,"offset":1277},"end":{"line":27,"column":177,"offset":1339},"indent":[]},"xvault":false,"to":{"fname":"dendron.rfc.12-schema-improvements.reusability"}},{"from":{"fname":"dendron.rfc.12-schema-improvements","vaultName":"dendron.dendron-site"},"type":"backlink","position":{"start":{"line":18,"column":4,"offset":484},"end":{"line":18,"column":72,"offset":552},"indent":[]},"value":"dendron.rfc.12-schema-improvements.vault-specific"}],"anchors":{"problem":{"type":"header","value":"problem","line":8,"column":0},"goal":{"type":"header","value":"goal","line":29,"column":0},"proposal":{"type":"header","value":"proposal","line":35,"column":0}},"fname":"dendron.rfc.12-schema-improvements.vault-specific","updated":1621076744504,"created":1620582474279,"parent":"8bc80164-6436-4c77-8077-7842f53a4a23","children":[],"data":{},"contentHash":"1d662a7e69eed62bfd6460d0d3b19fb0","custom":{}}
