{"id":"fb2cfc7e-f71d-4ec6-8c17-90f323a6c075","title":"Deploy","vault":{"fsPath":"vault","name":"dendron.dendron-site"},"type":"note","desc":"","links":[],"anchors":{"setup-mume":{"type":"header","value":"setup-mume","line":9,"column":0},"setup-preview":{"type":"header","value":"setup-preview","line":23,"column":0}},"fname":"pkg.dendron-preview.deploy","updated":1620748960348,"created":1614031837862,"parent":"92df74a7-39e7-453a-b940-013f3a48f513","children":[],"data":{},"contentHash":"3adbe428364a4fd19a582d46a7714bd5","custom":{}}
