{"id":"fb9263aa-8cc6-423f-ab79-57921c90fb97","title":"Release Notes (version 0.42)","vault":{"fsPath":"vault","name":"dendron.dendron-site"},"type":"note","desc":"","links":[{"type":"wiki","from":{"fname":"dendron.release.2021-05-17","id":"fb9263aa-8cc6-423f-ab79-57921c90fb97","vaultName":"dendron.dendron-site"},"value":"dendron.rfc.12-schema-improvements","alias":"Schema Improvements","position":{"start":{"line":17,"column":3,"offset":439},"end":{"line":17,"column":61,"offset":497},"indent":[]},"xvault":false,"to":{"fname":"dendron.rfc.12-schema-improvements"}},{"type":"wiki","from":{"fname":"dendron.release.2021-05-17","id":"fb9263aa-8cc6-423f-ab79-57921c90fb97","vaultName":"dendron.dendron-site"},"value":"dendron.community.roles","alias":"here","position":{"start":{"line":26,"column":175,"offset":973},"end":{"line":26,"column":207,"offset":1005},"indent":[]},"xvault":false,"to":{"fname":"dendron.community.roles"}},{"type":"ref","from":{"fname":"dendron.release.2021-05-17","id":"fb9263aa-8cc6-423f-ab79-57921c90fb97","vaultName":"dendron.dendron-site"},"value":"dendron.community.roles","position":{"start":{"line":23,"column":1,"offset":739},"end":{"line":23,"column":42,"offset":780},"indent":[]},"xvault":false,"to":{"fname":"dendron.community.roles","anchorHeader":"summary,1:#*"}},{"type":"ref","from":{"fname":"dendron.release.2021-05-17","id":"fb9263aa-8cc6-423f-ab79-57921c90fb97","vaultName":"dendron.dendron-site"},"value":"dendron.release.changelog","position":{"start":{"line":37,"column":1,"offset":1477},"end":{"line":37,"column":40,"offset":1516},"indent":[]},"xvault":false,"to":{"fname":"dendron.release.changelog","anchorHeader":"042:#041"}}],"anchors":{"highlights":{"type":"header","value":"highlights","line":10,"column":0},"community":{"type":"header","value":"community","line":15,"column":0},"office-hours":{"type":"header","value":"office-hours","line":17,"column":0},"new-rfcs":{"type":"header","value":"new-rfcs","line":21,"column":0},"contributors-page":{"type":"header","value":"contributors-page","line":25,"column":0},"thank-yous":{"type":"header","value":"thank-yous","line":31,"column":0},"changelog":{"type":"header","value":"changelog","line":42,"column":0}},"fname":"dendron.release.2021-05-17","updated":1621288959052,"created":1621273957566,"parent":"932534e7-e788-4fdb-bc8c-eaf761992a8d","children":[],"data":{},"contentHash":"51c1f46d73fd34c936675df9a5b030fe","custom":{}}
