{"id":"fcadb1e1-57eb-49fa-a5f8-df11c2a8c685","title":"Config","vault":{"fsPath":"vault","name":"dendron.dendron-site"},"type":"note","desc":"","links":[{"type":"wiki","from":{"fname":"dendron.topic.hooks.config","id":"fcadb1e1-57eb-49fa-a5f8-df11c2a8c685","vaultName":"dendron.dendron-site"},"value":"dendron.topic.hooks","alias":"hooks","position":{"start":{"line":2,"column":31,"offset":31},"end":{"line":2,"column":60,"offset":60},"indent":[]},"xvault":false,"to":{"fname":"dendron.topic.hooks"}},{"type":"wiki","from":{"fname":"dendron.topic.hooks.config","id":"fcadb1e1-57eb-49fa-a5f8-df11c2a8c685","vaultName":"dendron.dendron-site"},"value":"dendron.concepts","alias":"glob pattern","position":{"start":{"line":13,"column":3,"offset":265},"end":{"line":13,"column":49,"offset":311},"indent":[]},"xvault":false,"to":{"fname":"dendron.concepts","anchorHeader":"glob-pattern"}},{"from":{"fname":"dendron.topic.config.dendron","vaultName":"dendron.dendron-site"},"type":"backlink","position":{"start":{"line":158,"column":1,"offset":4359},"end":{"line":158,"column":32,"offset":4390},"indent":[]},"value":"dendron.topic.hooks.config"}],"anchors":{"general-options":{"type":"header","value":"general-options","line":10,"column":0},"id":{"type":"header","value":"id","line":12,"column":0},"pattern":{"type":"header","value":"pattern","line":16,"column":0},"type":{"type":"header","value":"type","line":21,"column":0},"hook-types":{"type":"header","value":"hook-types","line":26,"column":0},"oncreate":{"type":"header","value":"oncreate","line":28,"column":0},"examples":{"type":"header","value":"examples","line":32,"column":0}},"fname":"dendron.topic.hooks.config","updated":1620495807325,"created":1620495789507,"parent":"12551d19-04c2-4d26-ac1e-d23ff3181a9c","children":[],"data":{},"contentHash":"93463d2ef10cf49fe6e3839d7a40775f","custom":{}}
