{"id":"fd26b3ef-7978-41c9-8f45-4c4f8414951d","title":"Migration","vault":{"fsPath":"vault","name":"dendron.dendron-site"},"type":"note","desc":"","links":[{"type":"wiki","from":{"fname":"dendron.topic.publishing.migration","id":"fd26b3ef-7978-41c9-8f45-4c4f8414951d","vaultName":"dendron.dendron-site"},"value":"dendron.topic.publishing.configuration","alias":"writeStubs","position":{"start":{"line":10,"column":11,"offset":956},"end":{"line":10,"column":84,"offset":1029},"indent":[]},"xvault":false,"to":{"fname":"dendron.topic.publishing.configuration","anchorHeader":"writestubs-optional"}},{"from":{"fname":"dendron.release.2020-12-28","vaultName":"dendron.dendron-site"},"type":"backlink","position":{"start":{"line":3,"column":229,"offset":253},"end":{"line":3,"column":277,"offset":301},"indent":[]},"value":"dendron.topic.publishing.migration"}],"anchors":{"sample-dendronyml-config":{"type":"header","value":"sample-dendronyml-config","line":18,"column":0},"sample-repo":{"type":"header","value":"sample-repo","line":51,"column":0},"gaps":{"type":"header","value":"gaps","line":56,"column":0}},"fname":"dendron.topic.publishing.migration","updated":1609529113068,"created":1608528487798,"parent":"579e379b-3eca-4676-b51c-c66eb26a11b8","children":[],"data":{},"contentHash":"33956d6568fc0e4939548c1cda2b3f5d","custom":{}}
