{"id":"fdf615f9-5292-467d-8d77-f136ecc8e109","title":"Graph Rework - Hierarchy","vault":{"fsPath":"vault","name":"dendron.dendron-site"},"type":"note","desc":"","links":[{"type":"wiki","from":{"fname":"dendron.rfc.7-graph-rework.hierarchy","id":"fdf615f9-5292-467d-8d77-f136ecc8e109","vaultName":"dendron.dendron-site"},"value":"dendron.rfc.7-graph-rework.notes","alias":"read more","position":{"start":{"line":32,"column":3,"offset":875},"end":{"line":32,"column":49,"offset":921},"indent":[]},"xvault":false,"to":{"fname":"dendron.rfc.7-graph-rework.notes"}},{"type":"wiki","from":{"fname":"dendron.rfc.7-graph-rework.hierarchy","id":"fdf615f9-5292-467d-8d77-f136ecc8e109","vaultName":"dendron.dendron-site"},"value":"dendron.rfc.7-graph-rework.schemas","alias":"read more","position":{"start":{"line":34,"column":3,"offset":973},"end":{"line":34,"column":51,"offset":1021},"indent":[]},"xvault":false,"to":{"fname":"dendron.rfc.7-graph-rework.schemas"}},{"from":{"fname":"dendron.rfc.7-graph-rework","vaultName":"dendron.dendron-site"},"type":"backlink","position":{"start":{"line":22,"column":5,"offset":492},"end":{"line":22,"column":71,"offset":558},"indent":[]},"value":"dendron.rfc.7-graph-rework.hierarchy"},{"from":{"fname":"dendron.rfc.7-graph-rework.schemas","vaultName":"dendron.dendron-site"},"type":"backlink","position":{"start":{"line":41,"column":90,"offset":772},"end":{"line":41,"column":155,"offset":837},"indent":[]},"value":"dendron.rfc.7-graph-rework.hierarchy"}],"anchors":{"question":{"type":"header","value":"question","line":7,"column":0},"proposal":{"type":"header","value":"proposal","line":11,"column":0},"additional-thoughts":{"type":"header","value":"additional-thoughts","line":31,"column":0},"author":{"type":"header","value":"author","line":42,"column":0}},"fname":"dendron.rfc.7-graph-rework.hierarchy","updated":1618215091880,"created":1617983749839,"parent":"c998c642-a748-4f77-9285-cfec35330251","children":[],"data":{},"contentHash":"c46faf6557b96665197805ca153db196","custom":{}}
