{"id":"feb740f8-0d7b-4bc6-83bb-85886fe779f6","title":"Qa","vault":{"fsPath":"vault","name":"dendron.dendron-site"},"type":"note","desc":"","links":[{"type":"ref","from":{"fname":"pkg.dendron-11ty.qa","id":"feb740f8-0d7b-4bc6-83bb-85886fe779f6","vaultName":"dendron.dendron-site"},"value":"pkg.dendron-11ty.quickstart","position":{"start":{"line":16,"column":3,"offset":248},"end":{"line":16,"column":68,"offset":313},"indent":[]},"xvault":false,"to":{"fname":"pkg.dendron-11ty.quickstart","anchorHeader":"start-the-server-in-preview,1:#*"}}],"anchors":{"test-with-a-single-file":{"type":"header","value":"test-with-a-single-file","line":7,"column":0}},"fname":"pkg.dendron-11ty.qa","updated":1612908712863,"created":1612903299090,"parent":"a54ec55b-7624-46af-9d50-5ad734e3a80f","children":[],"data":{},"contentHash":"e6e2ade5f901fa13f9962b817c388d2d","custom":{}}
