{"id":"ff1b9ea5-6d0e-49b2-97d1-a7e31299164e","title":"Power functionality v0","vault":{"fsPath":"vault","name":"dendron.dendron-site"},"type":"note","desc":"","links":[{"from":{"fname":"dendron.roadmap.project","vaultName":"dendron.dendron-site"},"type":"backlink","position":{"start":{"line":13,"column":3,"offset":649},"end":{"line":13,"column":77,"offset":723},"indent":[]},"value":"dendron.roadmap.project.n.2020.power-functionality"}],"anchors":{"goals":{"type":"header","value":"goals","line":11,"column":0},"details":{"type":"header","value":"details","line":15,"column":0},"tasks":{"type":"header","value":"tasks","line":19,"column":0},"next":{"type":"header","value":"next","line":24,"column":0},"links":{"type":"header","value":"links","line":28,"column":0}},"fname":"dendron.roadmap.project.n.2020.power-functionality","updated":1599501792934,"created":1599501792934,"parent":"58247dfb-55b4-4269-9b37-42a90a0045ef","children":[],"data":{},"contentHash":"f0ca8dee7a16ff80359fa735459f342c","custom":{"stub":false,"start":"2020.12.07","end":"2020.12.15","status":"Next"}}
