{"id":"ffe67303-57be-452c-aa73-f7d7e9c4f00f","title":"Types","vault":{"fsPath":"vault","name":"dendron.dendron-site"},"type":"note","desc":"","links":[{"from":{"fname":"dendron.rfc.12-schema-improvements","vaultName":"dendron.dendron-site"},"type":"backlink","position":{"start":{"line":14,"column":4,"offset":241},"end":{"line":14,"column":54,"offset":291},"indent":[]},"value":"dendron.rfc.12-schema-improvements.types"}],"anchors":{"goals":{"type":"header","value":"goals","line":8,"column":0},"proposal":{"type":"header","value":"proposal","line":12,"column":0},"proposed-types":{"type":"header","value":"proposed-types","line":22,"column":0},"pattern":{"type":"header","value":"pattern","line":26,"column":0},"example":{"type":"header","value":"example","line":30,"column":0},"segments":{"type":"header","value":"segments","line":47,"column":0},"example-1":{"type":"header","value":"example-1","line":54,"column":0},"enum":{"type":"header","value":"enum","line":71,"column":0},"example-2":{"type":"header","value":"example-2","line":78,"column":0},"group":{"type":"header","value":"group","line":92,"column":0},"example-3":{"type":"header","value":"example-3","line":96,"column":0},"heading":{"type":"header","value":"heading","line":110,"column":0},"example-4":{"type":"header","value":"example-4","line":114,"column":0},"extensiontype":{"type":"header","value":"extensiontype","line":128,"column":0},"example-5":{"type":"header","value":"example-5","line":132,"column":0},"common-interface":{"type":"header","value":"common-interface","line":149,"column":0},"example-6":{"type":"header","value":"example-6","line":153,"column":0}},"fname":"dendron.rfc.12-schema-improvements.types","updated":1620920046926,"created":1620582238808,"parent":"8bc80164-6436-4c77-8077-7842f53a4a23","children":[],"data":{},"contentHash":"084183aa74699ca99c31f6f16dfd6f2d","custom":{}}
