{"id":"ffec2853-c0e0-4165-a368-339db12c8e4b","title":"Frontmatter","vault":{"fsPath":"vault","name":"dendron.dendron-site"},"type":"note","desc":"","links":[{"type":"wiki","from":{"fname":"dendron.topic.frontmatter","id":"ffec2853-c0e0-4165-a368-339db12c8e4b","vaultName":"dendron.dendron-site"},"value":"dendron.topic.graph-view","alias":"graph view","position":{"start":{"line":7,"column":52,"offset":451},"end":{"line":7,"column":91,"offset":490},"indent":[]},"xvault":false,"to":{"fname":"dendron.topic.graph-view"}},{"type":"wiki","from":{"fname":"dendron.topic.frontmatter","id":"ffec2853-c0e0-4165-a368-339db12c8e4b","vaultName":"dendron.dendron-site"},"value":"dendron.topic.commands","alias":"fixFrontmatter Doctor action","position":{"start":{"line":14,"column":103,"offset":932},"end":{"line":14,"column":173,"offset":1002},"indent":[]},"xvault":false,"to":{"fname":"dendron.topic.commands","anchorHeader":"fixfrontmatter"}},{"type":"wiki","from":{"fname":"dendron.topic.frontmatter","id":"ffec2853-c0e0-4165-a368-339db12c8e4b","vaultName":"dendron.dendron-site"},"value":"dendron.topic.graph-view","alias":"graph view","position":{"start":{"line":28,"column":41,"offset":1671},"end":{"line":28,"column":80,"offset":1710},"indent":[]},"xvault":false,"to":{"fname":"dendron.topic.graph-view"}},{"type":"wiki","from":{"fname":"dendron.topic.frontmatter","id":"ffec2853-c0e0-4165-a368-339db12c8e4b","vaultName":"dendron.dendron-site"},"value":"dendron.topic.tags","alias":"frontmatter tags","position":{"start":{"line":56,"column":20,"offset":2024},"end":{"line":56,"column":76,"offset":2080},"indent":[]},"xvault":false,"to":{"fname":"dendron.topic.tags","anchorHeader":"frontmatter-tags"}},{"type":"ref","from":{"fname":"dendron.topic.frontmatter","id":"ffec2853-c0e0-4165-a368-339db12c8e4b","vaultName":"dendron.dendron-site"},"value":"dendron.topic.publishing.configuration","position":{"start":{"line":68,"column":1,"offset":2189},"end":{"line":68,"column":63,"offset":2251},"indent":[]},"xvault":false,"to":{"fname":"dendron.topic.publishing.configuration","anchorHeader":"note-configuration"}},{"from":{"fname":"dendron.concepts","vaultName":"dendron.dendron-site"},"type":"backlink","position":{"start":{"line":11,"column":57,"offset":927},"end":{"line":11,"column":91,"offset":961},"indent":[]},"value":"dendron.topic.frontmatter"},{"from":{"fname":"tags.blue","vaultName":"dendron.dendron-site"},"type":"backlink","position":{"start":{"line":2,"column":68,"offset":68},"end":{"line":2,"column":109,"offset":109},"indent":[]},"value":"dendron.topic.frontmatter"},{"from":{"fname":"dendron.guides.troubleshooting","vaultName":"dendron.dendron-site"},"type":"backlink","position":{"start":{"line":239,"column":3,"offset":8634},"end":{"line":239,"column":44,"offset":8675},"indent":[]},"value":"dendron.topic.frontmatter"},{"from":{"fname":"dendron.topic.tags","vaultName":"dendron.dendron-site"},"type":"backlink","position":{"start":{"line":56,"column":30,"offset":2596},"end":{"line":56,"column":71,"offset":2637},"indent":[]},"value":"dendron.topic.frontmatter"},{"from":{"fname":"dendron.topic.pod.import","vaultName":"dendron.dendron-site"},"type":"backlink","position":{"start":{"line":27,"column":20,"offset":620},"end":{"line":27,"column":61,"offset":661},"indent":[]},"value":"dendron.topic.frontmatter"}],"anchors":{"reserved-keys":{"type":"header","value":"reserved-keys","line":25,"column":0},"id":{"type":"header","value":"id","line":29,"column":0},"title":{"type":"header","value":"title","line":33,"column":0},"desc":{"type":"header","value":"desc","line":37,"column":0},"updated":{"type":"header","value":"updated","line":41,"column":0},"created":{"type":"header","value":"created","line":45,"column":0},"parent":{"type":"header","value":"parent","line":49,"column":0},"children":{"type":"header","value":"children","line":53,"column":0},"uri":{"type":"header","value":"uri","line":57,"column":0},"tags":{"type":"header","value":"tags","line":61,"column":0},"data":{"type":"header","value":"data","line":65,"column":0},"custom":{"type":"header","value":"custom","line":69,"column":0},"other-keys":{"type":"header","value":"other-keys","line":73,"column":0}},"fname":"dendron.topic.frontmatter","updated":1628101059620,"created":1595352354163,"parent":"7a7af2fa-b9d0-4adc-81e6-f03186123539","children":[],"data":{},"contentHash":"7e8a375d5fc2e8007a9562889719732e","custom":{"stub":false},"schema":{"schemaId":"topic","moduleId":"dendron"}}
