{"id":"fzHazEFWTpUVexmv","title":"A Day in Dendron","vault":{"fsPath":"vault","name":"dendron.dendron-site"},"type":"note","desc":"","links":[{"from":{"fname":"dendron.community.greenhouse","vaultName":"dendron.dendron-site"},"type":"backlink","position":{"start":{"line":33,"column":1,"offset":1394},"end":{"line":33,"column":74,"offset":1467},"indent":[]},"value":"dendron.community.greenhouse.2021-07-23-using-dendron-with-20k-notes"},{"from":{"fname":"dendron.release.2021-07-26","vaultName":"dendron.dendron-site"},"type":"backlink","position":{"start":{"line":38,"column":27,"offset":1704},"end":{"line":38,"column":107,"offset":1784},"indent":[]},"value":"dendron.community.greenhouse.2021-07-23-using-dendron-with-20k-notes"}],"anchors":{"summary":{"type":"header","value":"summary","line":8,"column":0},"agenda":{"type":"header","value":"agenda","line":17,"column":0},"resources":{"type":"header","value":"resources","line":25,"column":0}},"fname":"dendron.community.greenhouse.2021-07-23-using-dendron-with-20k-notes","updated":1627319633064,"created":1626888422819,"parent":"PqtlCsRPWBjKp3RR","children":[],"data":{},"contentHash":"e3eb2a6cf616d998bb0d5f5a380b6344","custom":{"excerpt":"Tips, tricks and workflows to optimize Dendron for daily life"}}
