{"id":"gHdxXlNMr1w4xqee0n-Mb","title":"Navigation Basics","vault":{"fsPath":"vault","name":"dendron.dendron-site"},"type":"note","desc":"1. Navigation Basics","links":[{"type":"wiki","from":{"fname":"dendron.tutorial.navigation-basics","id":"gHdxXlNMr1w4xqee0n-Mb","vaultName":"dendron.dendron-site"},"value":"dendron.tutorial.taking-notes","alias":"Taking Notes","position":{"start":{"line":40,"column":28,"offset":1939},"end":{"line":40,"column":74,"offset":1985},"indent":[]},"xvault":false,"to":{"fname":"dendron.tutorial.taking-notes"}},{"from":{"fname":"dendron.tutorial","vaultName":"dendron.dendron-site"},"type":"backlink","position":{"start":{"line":15,"column":4,"offset":933},"end":{"line":15,"column":78,"offset":1007},"indent":[]},"value":"dendron.tutorial.navigation-basics"}],"anchors":{"1-editor-pane":{"type":"header","value":"1-editor-pane","line":17,"column":0},"2-preview-pane":{"type":"header","value":"2-preview-pane","line":21,"column":0},"3-dendron-workspace":{"type":"header","value":"3-dendron-workspace","line":27,"column":0},"4-outline":{"type":"header","value":"4-outline","line":31,"column":0},"5-tree-view":{"type":"header","value":"5-tree-view","line":35,"column":0},"6-backlinks":{"type":"header","value":"6-backlinks","line":39,"column":0},"next-steps":{"type":"header","value":"next-steps","line":45,"column":0}},"fname":"dendron.tutorial.navigation-basics","updated":1625573454967,"created":1625563862198,"parent":"678c77d9-ef2c-4537-97b5-64556d6337f1","children":[],"data":{},"contentHash":"cdb082cc4d2037a74b1c1e138b4329ab","custom":{"nav_order":0}}
