{"id":"GsJbBOVew8j1gkK6","title":"Debug","vault":{"fsPath":"vault","name":"dendron.dendron-site"},"type":"note","desc":"","links":[{"type":"wiki","from":{"fname":"pkg.dendron-next-server.qa.debug","id":"GsJbBOVew8j1gkK6","vaultName":"dendron.dendron-site"},"value":"pkg.dendron-next-server.dev","alias":"here","position":{"start":{"line":22,"column":42,"offset":480},"end":{"line":22,"column":90,"offset":528},"indent":[]},"xvault":false,"to":{"fname":"pkg.dendron-next-server.dev","anchorHeader":"development"}},{"type":"wiki","from":{"fname":"pkg.dendron-next-server.qa.debug","id":"GsJbBOVew8j1gkK6","vaultName":"dendron.dendron-site"},"value":"user.sam.comments.2021.07.26","alias":"26","position":{"start":{"line":28,"column":1,"offset":577},"end":{"line":28,"column":36,"offset":612},"indent":[]},"xvault":false,"to":{"fname":"user.sam.comments.2021.07.26"}}],"anchors":{"launch":{"type":"header","value":"launch","line":9,"column":0},"debug":{"type":"header","value":"debug","line":12,"column":0},"using-compiled-assets-to-debug":{"type":"header","value":"using-compiled-assets-to-debug","line":17,"column":0},"breakpoints":{"type":"header","value":"breakpoints","line":30,"column":0}},"fname":"pkg.dendron-next-server.qa.debug","updated":1627312515381,"created":1627312420429,"parent":"2a015bf5-7465-43f0-86fa-42a83a456cdb","children":[],"data":{},"contentHash":"ae5895c5e7478c7eba567e9edc34723c","custom":{}}
