{"id":"icBBwbAFLyjsRLheSJkAp","title":"0 3 X","vault":{"fsPath":"vault","name":"dendron.dendron-site"},"type":"note","desc":"","links":[{"type":"wiki","from":{"fname":"dendron.release.changelog.0-3-x","id":"icBBwbAFLyjsRLheSJkAp","vaultName":"dendron.dendron-site"},"value":"dendron.ref.caching","alias":"here","position":{"start":{"line":9,"column":206,"offset":328},"end":{"line":9,"column":234,"offset":356},"indent":[]},"xvault":false,"to":{"fname":"dendron.ref.caching"}},{"type":"wiki","from":{"fname":"dendron.release.changelog.0-3-x","id":"icBBwbAFLyjsRLheSJkAp","vaultName":"dendron.dendron-site"},"value":"dendron.topic.managed-publishing","alias":"Managed Publishing (NEW)","position":{"start":{"line":13,"column":5,"offset":381},"end":{"line":13,"column":66,"offset":442},"indent":[]},"xvault":false,"to":{"fname":"dendron.topic.managed-publishing"}},{"type":"wiki","from":{"fname":"dendron.release.changelog.0-3-x","id":"icBBwbAFLyjsRLheSJkAp","vaultName":"dendron.dendron-site"},"value":"dendron.ref.telemetry","alias":"telemetry documentation","position":{"start":{"line":29,"column":77,"offset":1091},"end":{"line":29,"column":126,"offset":1140},"indent":[]},"xvault":false,"to":{"fname":"dendron.ref.telemetry"}},{"type":"wiki","from":{"fname":"dendron.release.changelog.0-3-x","id":"icBBwbAFLyjsRLheSJkAp","vaultName":"dendron.dendron-site"},"value":"dendron.rfc.8-multi-publish","alias":"RFC 8 - Multi Publish","position":{"start":{"line":43,"column":5,"offset":1305},"end":{"line":43,"column":89,"offset":1389},"indent":[]},"xvault":true,"to":{"fname":"dendron.rfc.8-multi-publish","vaultName":"dendron.dendron-site"}},{"type":"wiki","from":{"fname":"dendron.release.changelog.0-3-x","id":"icBBwbAFLyjsRLheSJkAp","vaultName":"dendron.dendron-site"},"value":"dendron.topic.publishing.configuration","alias":"docs","position":{"start":{"line":59,"column":38,"offset":1623},"end":{"line":59,"column":97,"offset":1682},"indent":[]},"xvault":false,"to":{"fname":"dendron.topic.publishing.configuration","anchorHeader":"previewport"}},{"type":"wiki","from":{"fname":"dendron.release.changelog.0-3-x","id":"icBBwbAFLyjsRLheSJkAp","vaultName":"dendron.dendron-site"},"value":"dendron.topic.config.dendron","alias":"docs","position":{"start":{"line":87,"column":31,"offset":2002},"end":{"line":87,"column":85,"offset":2056},"indent":[]},"xvault":false,"to":{"fname":"dendron.topic.config.dendron","anchorHeader":"noxvaultwikilink"}},{"type":"wiki","from":{"fname":"dendron.release.changelog.0-3-x","id":"icBBwbAFLyjsRLheSJkAp","vaultName":"dendron.dendron-site"},"value":"dendron.topic.commands","alias":"doctor","position":{"start":{"line":93,"column":40,"offset":2211},"end":{"line":93,"column":81,"offset":2252},"indent":[]},"xvault":false,"to":{"fname":"dendron.topic.commands","anchorHeader":"actions"}},{"type":"wiki","from":{"fname":"dendron.release.changelog.0-3-x","id":"icBBwbAFLyjsRLheSJkAp","vaultName":"dendron.dendron-site"},"value":"dendron.topic.config.dendron","alias":"noAutoCreateOnDefinition","position":{"start":{"line":119,"column":205,"offset":2809},"end":{"line":119,"column":287,"offset":2891},"indent":[]},"xvault":false,"to":{"fname":"dendron.topic.config.dendron","anchorHeader":"noautocreateondefinition"}},{"type":"wiki","from":{"fname":"dendron.release.changelog.0-3-x","id":"icBBwbAFLyjsRLheSJkAp","vaultName":"dendron.dendron-site"},"value":"dendron.topic.links","alias":"backlinks","position":{"start":{"line":124,"column":20,"offset":3098},"end":{"line":124,"column":63,"offset":3141},"indent":[]},"xvault":false,"to":{"fname":"dendron.topic.links","anchorHeader":"backlinks"}},{"type":"wiki","from":{"fname":"dendron.release.changelog.0-3-x","id":"icBBwbAFLyjsRLheSJkAp","vaultName":"dendron.dendron-site"},"value":"dendron.topic.references","alias":"docs","position":{"start":{"line":126,"column":45,"offset":3217},"end":{"line":126,"column":89,"offset":3261},"indent":[]},"xvault":false,"to":{"fname":"dendron.topic.references","anchorHeader":"publishing"}},{"type":"wiki","from":{"fname":"dendron.release.changelog.0-3-x","id":"icBBwbAFLyjsRLheSJkAp","vaultName":"dendron.dendron-site"},"value":"dendron.topic.config.dendron","alias":"docs","position":{"start":{"line":132,"column":48,"offset":3478},"end":{"line":132,"column":110,"offset":3540},"indent":[]},"xvault":false,"to":{"fname":"dendron.topic.config.dendron","anchorHeader":"noautocreateondefinition"}},{"type":"wiki","from":{"fname":"dendron.release.changelog.0-3-x","id":"icBBwbAFLyjsRLheSJkAp","vaultName":"dendron.dendron-site"},"value":"dendron.topic.config.dendron","alias":"useNoteTitleForLink","position":{"start":{"line":144,"column":5,"offset":3670},"end":{"line":144,"column":77,"offset":3742},"indent":[]},"xvault":false,"to":{"fname":"dendron.topic.config.dendron","anchorHeader":"usenotetitleforlink"}},{"type":"wiki","from":{"fname":"dendron.release.changelog.0-3-x","id":"icBBwbAFLyjsRLheSJkAp","vaultName":"dendron.dendron-site"},"value":"dendron.topic.config.dendron","alias":"docs","position":{"start":{"line":145,"column":55,"offset":3817},"end":{"line":145,"column":109,"offset":3871},"indent":[]},"xvault":false,"to":{"fname":"dendron.topic.config.dendron","anchorHeader":"hierarchydisplay"}},{"type":"wiki","from":{"fname":"dendron.release.changelog.0-3-x","id":"icBBwbAFLyjsRLheSJkAp","vaultName":"dendron.dendron-site"},"value":"dendron.topic.pod.builtin.markdown.import","alias":"docs","position":{"start":{"line":146,"column":76,"offset":3948},"end":{"line":146,"column":136,"offset":4008},"indent":[]},"xvault":false,"to":{"fname":"dendron.topic.pod.builtin.markdown.import","anchorHeader":"noadduuid"}},{"type":"wiki","from":{"fname":"dendron.release.changelog.0-3-x","id":"icBBwbAFLyjsRLheSJkAp","vaultName":"dendron.dendron-site"},"value":"dendron.topic.pod.builtin.markdown.import","alias":"docs","position":{"start":{"line":147,"column":59,"offset":4068},"end":{"line":147,"column":119,"offset":4128},"indent":[]},"xvault":false,"to":{"fname":"dendron.topic.pod.builtin.markdown.import","anchorHeader":"indexname"}},{"type":"wiki","from":{"fname":"dendron.release.changelog.0-3-x","id":"icBBwbAFLyjsRLheSJkAp","vaultName":"dendron.dendron-site"},"value":"dendron.topic.schema","alias":"example schemas","position":{"start":{"line":156,"column":12,"offset":4281},"end":{"line":156,"column":68,"offset":4337},"indent":[]},"xvault":false,"to":{"fname":"dendron.topic.schema","anchorHeader":"example-schemas"}},{"type":"wiki","from":{"fname":"dendron.release.changelog.0-3-x","id":"icBBwbAFLyjsRLheSJkAp","vaultName":"dendron.dendron-site"},"value":"dendron.topic.teams","alias":"teams","position":{"start":{"line":157,"column":24,"offset":4391},"end":{"line":157,"column":53,"offset":4420},"indent":[]},"xvault":false,"to":{"fname":"dendron.topic.teams"}},{"type":"wiki","from":{"fname":"dendron.release.changelog.0-3-x","id":"icBBwbAFLyjsRLheSJkAp","vaultName":"dendron.dendron-site"},"value":"dendron.topic.config.dendron","alias":"docs","position":{"start":{"line":175,"column":54,"offset":4738},"end":{"line":175,"column":108,"offset":4792},"indent":[]},"xvault":false,"to":{"fname":"dendron.topic.config.dendron","anchorHeader":"hierarchydisplay"}},{"type":"wiki","from":{"fname":"dendron.release.changelog.0-3-x","id":"icBBwbAFLyjsRLheSJkAp","vaultName":"dendron.dendron-site"},"value":"dendron.topic.pod.builtin","alias":"docs","position":{"start":{"line":176,"column":39,"offset":4832},"end":{"line":176,"column":80,"offset":4873},"indent":[]},"xvault":false,"to":{"fname":"dendron.topic.pod.builtin","anchorHeader":"gitpod"}},{"type":"wiki","from":{"fname":"dendron.release.changelog.0-3-x","id":"icBBwbAFLyjsRLheSJkAp","vaultName":"dendron.dendron-site"},"value":"dendron.topic.config.dendron","alias":"docs","position":{"start":{"line":177,"column":64,"offset":4938},"end":{"line":177,"column":124,"offset":4998},"indent":[]},"xvault":false,"to":{"fname":"dendron.topic.config.dendron","anchorHeader":"initializeremotevaults"}},{"type":"wiki","from":{"fname":"dendron.release.changelog.0-3-x","id":"icBBwbAFLyjsRLheSJkAp","vaultName":"dendron.dendron-site"},"value":"dendron.topic.commands","alias":"docs","position":{"start":{"line":178,"column":55,"offset":5054},"end":{"line":178,"column":94,"offset":5093},"indent":[]},"xvault":false,"to":{"fname":"dendron.topic.commands","anchorHeader":"actions"}},{"type":"wiki","from":{"fname":"dendron.release.changelog.0-3-x","id":"icBBwbAFLyjsRLheSJkAp","vaultName":"dendron.dendron-site"},"value":"dendron.topic.config.dendron","alias":"docs","position":{"start":{"line":205,"column":37,"offset":5678},"end":{"line":205,"column":90,"offset":5731},"indent":[]},"xvault":false,"to":{"fname":"dendron.topic.config.dendron","anchorHeader":"nolegacynoteref"}},{"type":"wiki","from":{"fname":"dendron.release.changelog.0-3-x","id":"icBBwbAFLyjsRLheSJkAp","vaultName":"dendron.dendron-site"},"value":"dendron.topic.vaults.multi-vault","alias":"docs","position":{"start":{"line":206,"column":32,"offset":5764},"end":{"line":206,"column":94,"offset":5826},"indent":[]},"xvault":false,"to":{"fname":"dendron.topic.vaults.multi-vault","anchorHeader":"preset-remote-vaults"}},{"type":"wiki","from":{"fname":"dendron.release.changelog.0-3-x","id":"icBBwbAFLyjsRLheSJkAp","vaultName":"dendron.dendron-site"},"value":"dendron.topic.config.dendron","alias":"docs","position":{"start":{"line":208,"column":40,"offset":5923},"end":{"line":208,"column":86,"offset":5969},"indent":[]},"xvault":false,"to":{"fname":"dendron.topic.config.dendron","anchorHeader":"usekatex"}},{"type":"wiki","from":{"fname":"dendron.release.changelog.0-3-x","id":"icBBwbAFLyjsRLheSJkAp","vaultName":"dendron.dendron-site"},"value":"dendron.topic.publishing.configuration","alias":"docs","position":{"start":{"line":233,"column":46,"offset":6353},"end":{"line":233,"column":103,"offset":6410},"indent":[]},"xvault":false,"to":{"fname":"dendron.topic.publishing.configuration","anchorHeader":"gitnolink"}},{"type":"wiki","from":{"fname":"dendron.release.changelog.0-3-x","id":"icBBwbAFLyjsRLheSJkAp","vaultName":"dendron.dendron-site"},"value":"dendron.topic.publishing.configuration","alias":"docs","position":{"start":{"line":234,"column":36,"offset":6447},"end":{"line":234,"column":95,"offset":6506},"indent":[]},"xvault":false,"to":{"fname":"dendron.topic.publishing.configuration","anchorHeader":"gitnotepath"}},{"type":"wiki","from":{"fname":"dendron.release.changelog.0-3-x","id":"icBBwbAFLyjsRLheSJkAp","vaultName":"dendron.dendron-site"},"value":"dendron.topic.vaults.multi-vault","alias":"docs","position":{"start":{"line":237,"column":77,"offset":6786},"end":{"line":237,"column":139,"offset":6848},"indent":[]},"xvault":false,"to":{"fname":"dendron.topic.vaults.multi-vault","anchorHeader":"preset-remote-vaults"}},{"type":"wiki","from":{"fname":"dendron.release.changelog.0-3-x","id":"icBBwbAFLyjsRLheSJkAp","vaultName":"dendron.dendron-site"},"value":"dendron.topic.config.dendron","alias":"docs","position":{"start":{"line":257,"column":41,"offset":7438},"end":{"line":257,"column":99,"offset":7496},"indent":[]},"xvault":false,"to":{"fname":"dendron.topic.config.dendron","anchorHeader":"hiearchydisplaytitle"}},{"type":"wiki","from":{"fname":"dendron.release.changelog.0-3-x","id":"icBBwbAFLyjsRLheSJkAp","vaultName":"dendron.dendron-site"},"value":"dendron.topic.publishing.configuration","alias":"skipLevels","position":{"start":{"line":258,"column":5,"offset":7502},"end":{"line":258,"column":69,"offset":7566},"indent":[]},"xvault":false,"to":{"fname":"dendron.topic.publishing.configuration","anchorHeader":"skiplevels"}},{"type":"wiki","from":{"fname":"dendron.release.changelog.0-3-x","id":"icBBwbAFLyjsRLheSJkAp","vaultName":"dendron.dendron-site"},"value":"dendron.topic.config.dendron","alias":"useNoteTitleForLink","position":{"start":{"line":259,"column":5,"offset":7601},"end":{"line":259,"column":77,"offset":7673},"indent":[]},"xvault":false,"to":{"fname":"dendron.topic.config.dendron","anchorHeader":"usenotetitleforlink"}},{"type":"wiki","from":{"fname":"dendron.release.changelog.0-3-x","id":"icBBwbAFLyjsRLheSJkAp","vaultName":"dendron.dendron-site"},"value":"dendron.topic.pod.import","alias":"docs","position":{"start":{"line":262,"column":50,"offset":7846},"end":{"line":262,"column":83,"offset":7879},"indent":[]},"xvault":false,"to":{"fname":"dendron.topic.pod.import"}},{"type":"wiki","from":{"fname":"dendron.release.changelog.0-3-x","id":"icBBwbAFLyjsRLheSJkAp","vaultName":"dendron.dendron-site"},"value":"dendron.topic.pod.builtin.markdown","alias":"Markdown Import Pod","position":{"start":{"line":263,"column":58,"offset":7938},"end":{"line":263,"column":123,"offset":8003},"indent":[]},"xvault":false,"to":{"fname":"dendron.topic.pod.builtin.markdown","anchorHeader":"import"}},{"type":"wiki","from":{"fname":"dendron.release.changelog.0-3-x","id":"icBBwbAFLyjsRLheSJkAp","vaultName":"dendron.dendron-site"},"value":"dendron.topic.managed-publishing","alias":"managed publishing","position":{"start":{"line":298,"column":46,"offset":8675},"end":{"line":298,"column":101,"offset":8730},"indent":[]},"xvault":false,"to":{"fname":"dendron.topic.managed-publishing"}},{"type":"wiki","from":{"fname":"dendron.release.changelog.0-3-x","id":"icBBwbAFLyjsRLheSJkAp","vaultName":"dendron.dendron-site"},"value":"dendron.topic.managed-publishing.quickstart","alias":"here","position":{"start":{"line":298,"column":121,"offset":8750},"end":{"line":298,"column":206,"offset":8835},"indent":[]},"xvault":false,"to":{"fname":"dendron.topic.managed-publishing.quickstart","anchorHeader":"adding-a-custom-domain-via-cname"}},{"type":"wiki","from":{"fname":"dendron.release.changelog.0-3-x","id":"icBBwbAFLyjsRLheSJkAp","vaultName":"dendron.dendron-site"},"value":"dendron.community.roles","alias":"environmentalist","position":{"start":{"line":298,"column":255,"offset":8884},"end":{"line":298,"column":316,"offset":8945},"indent":[]},"xvault":false,"to":{"fname":"dendron.community.roles","anchorHeader":"environmentalist"}},{"type":"wiki","from":{"fname":"dendron.release.changelog.0-3-x","id":"icBBwbAFLyjsRLheSJkAp","vaultName":"dendron.dendron-site"},"value":"dendron.topic.commands","alias":"docs","position":{"start":{"line":302,"column":29,"offset":8995},"end":{"line":302,"column":71,"offset":9037},"indent":[]},"xvault":false,"to":{"fname":"dendron.topic.commands","anchorHeader":"paste-link"}},{"type":"wiki","from":{"fname":"dendron.release.changelog.0-3-x","id":"icBBwbAFLyjsRLheSJkAp","vaultName":"dendron.dendron-site"},"value":"dendron.topic.config.dendron","alias":"docs","position":{"start":{"line":305,"column":34,"offset":9180},"end":{"line":305,"column":85,"offset":9231},"indent":[]},"xvault":false,"to":{"fname":"dendron.topic.config.dendron","anchorHeader":"usecontainers"}},{"type":"wiki","from":{"fname":"dendron.release.changelog.0-3-x","id":"icBBwbAFLyjsRLheSJkAp","vaultName":"dendron.dendron-site"},"value":"dendron.topic.commands","alias":"docs","position":{"start":{"line":332,"column":61,"offset":9625},"end":{"line":332,"column":133,"offset":9697},"indent":[]},"xvault":true,"to":{"fname":"dendron.topic.commands","anchorHeader":"vault-add","vaultName":"dendron.dendron-site"}},{"type":"wiki","from":{"fname":"dendron.release.changelog.0-3-x","id":"icBBwbAFLyjsRLheSJkAp","vaultName":"dendron.dendron-site"},"value":"dendron.topic.publishing.misc","alias":"docs","position":{"start":{"line":333,"column":26,"offset":9724},"end":{"line":333,"column":75,"offset":9773},"indent":[]},"xvault":false,"to":{"fname":"dendron.topic.publishing.misc","anchorHeader":"blockquote"}},{"type":"wiki","from":{"fname":"dendron.release.changelog.0-3-x","id":"icBBwbAFLyjsRLheSJkAp","vaultName":"dendron.dendron-site"},"value":"dendron.topic.publishing.blogging","alias":"blogging","position":{"start":{"line":346,"column":35,"offset":10184},"end":{"line":346,"column":81,"offset":10230},"indent":[]},"xvault":false,"to":{"fname":"dendron.topic.publishing.blogging"}},{"type":"wiki","from":{"fname":"dendron.release.changelog.0-3-x","id":"icBBwbAFLyjsRLheSJkAp","vaultName":"dendron.dendron-site"},"value":"dendron.topic.pod.dev","alias":"here","position":{"start":{"line":363,"column":84,"offset":10654},"end":{"line":363,"column":114,"offset":10684},"indent":[]},"xvault":false,"to":{"fname":"dendron.topic.pod.dev"}},{"type":"wiki","from":{"fname":"dendron.release.changelog.0-3-x","id":"icBBwbAFLyjsRLheSJkAp","vaultName":"dendron.dendron-site"},"value":"pro.devto-pod","alias":"Dev.to Pod","position":{"start":{"line":367,"column":68,"offset":10770},"end":{"line":367,"column":96,"offset":10798},"indent":[]},"xvault":false,"to":{"fname":"pro.devto-pod"}},{"type":"ref","from":{"fname":"dendron.release.changelog.0-3-x","id":"icBBwbAFLyjsRLheSJkAp","vaultName":"dendron.dendron-site"},"value":"dendron.topic.cli","position":{"start":{"line":51,"column":1,"offset":1449},"end":{"line":51,"column":46,"offset":1494},"indent":[]},"xvault":false,"to":{"fname":"dendron.topic.cli","anchorHeader":"workspace-command,1:#*"}},{"type":"ref","from":{"fname":"dendron.release.changelog.0-3-x","id":"icBBwbAFLyjsRLheSJkAp","vaultName":"dendron.dendron-site"},"value":"dendron.topic.commands","position":{"start":{"line":55,"column":1,"offset":1522},"end":{"line":55,"column":45,"offset":1566},"indent":[]},"xvault":false,"to":{"fname":"dendron.topic.commands","anchorHeader":"insert-note,1:#*"}},{"type":"ref","from":{"fname":"dendron.release.changelog.0-3-x","id":"icBBwbAFLyjsRLheSJkAp","vaultName":"dendron.dendron-site"},"value":"dendron.topic.cli","position":{"start":{"line":71,"column":1,"offset":1760},"end":{"line":71,"column":43,"offset":1802},"indent":[]},"xvault":false,"to":{"fname":"dendron.topic.cli","anchorHeader":"vault-commands,1:#*"}},{"type":"ref","from":{"fname":"dendron.release.changelog.0-3-x","id":"icBBwbAFLyjsRLheSJkAp","vaultName":"dendron.dendron-site"},"value":"dendron.topic.cli","position":{"start":{"line":83,"column":1,"offset":1911},"end":{"line":83,"column":42,"offset":1952},"indent":[]},"xvault":false,"to":{"fname":"dendron.topic.cli","anchorHeader":"note-commands,1:#*"}},{"type":"ref","from":{"fname":"dendron.release.changelog.0-3-x","id":"icBBwbAFLyjsRLheSJkAp","vaultName":"dendron.dendron-site"},"value":"dendron.topic.commands","position":{"start":{"line":117,"column":1,"offset":2561},"end":{"line":117,"column":43,"offset":2603},"indent":[]},"xvault":false,"to":{"fname":"dendron.topic.commands","anchorHeader":"goto-note,1:#*"}},{"type":"ref","from":{"fname":"dendron.release.changelog.0-3-x","id":"icBBwbAFLyjsRLheSJkAp","vaultName":"dendron.dendron-site"},"value":"dendron.topic.commands","position":{"start":{"line":140,"column":1,"offset":3589},"end":{"line":140,"column":58,"offset":3646},"indent":[]},"xvault":false,"to":{"fname":"dendron.topic.commands","anchorHeader":"workspace-add-and-commit,1:#*"}},{"type":"ref","from":{"fname":"dendron.release.changelog.0-3-x","id":"icBBwbAFLyjsRLheSJkAp","vaultName":"dendron.dendron-site"},"value":"dendron.topic.commands","position":{"start":{"line":171,"column":1,"offset":4617},"end":{"line":171,"column":49,"offset":4665},"indent":[]},"xvault":false,"to":{"fname":"dendron.topic.commands","anchorHeader":"doctor,1:#dump-state"}},{"type":"ref","from":{"fname":"dendron.release.changelog.0-3-x","id":"icBBwbAFLyjsRLheSJkAp","vaultName":"dendron.dendron-site"},"value":"dendron.topic.commands","position":{"start":{"line":200,"column":1,"offset":5500},"end":{"line":200,"column":45,"offset":5544},"indent":[]},"xvault":false,"to":{"fname":"dendron.topic.commands","anchorHeader":"browse-note,1:#*"}},{"type":"ref","from":{"fname":"dendron.release.changelog.0-3-x","id":"icBBwbAFLyjsRLheSJkAp","vaultName":"dendron.dendron-site"},"value":"dendron.topic.pod.builtin.markdown","position":{"start":{"line":225,"column":1,"offset":6171},"end":{"line":225,"column":52,"offset":6222},"indent":[]},"xvault":false,"to":{"fname":"dendron.topic.pod.builtin.markdown","anchorHeader":"export,1:#*"}},{"type":"ref","from":{"fname":"dendron.release.changelog.0-3-x","id":"icBBwbAFLyjsRLheSJkAp","vaultName":"dendron.dendron-site"},"value":"dendron.topic.pod.builtin","position":{"start":{"line":229,"column":1,"offset":6237},"end":{"line":229,"column":52,"offset":6288},"indent":[]},"xvault":false,"to":{"fname":"dendron.topic.pod.builtin","anchorHeader":"dendrongitpunchard,1"}},{"type":"ref","from":{"fname":"dendron.release.changelog.0-3-x","id":"icBBwbAFLyjsRLheSJkAp","vaultName":"dendron.dendron-site"},"value":"dendron.topic.publishing.changelogs","position":{"start":{"line":286,"column":1,"offset":8462},"end":{"line":286,"column":54,"offset":8515},"indent":[]},"xvault":false,"to":{"fname":"dendron.topic.publishing.changelogs","anchorHeader":"summary,1:#*"}},{"type":"ref","from":{"fname":"dendron.release.changelog.0-3-x","id":"icBBwbAFLyjsRLheSJkAp","vaultName":"dendron.dendron-site"},"value":"dendron.topic.links","position":{"start":{"line":328,"column":1,"offset":9470},"end":{"line":328,"column":76,"offset":9545},"indent":[]},"xvault":true,"to":{"fname":"dendron.topic.links","anchorHeader":"cross-vault-links,1","vaultName":"dendron.dendron-site"}},{"type":"ref","from":{"fname":"dendron.release.changelog.0-3-x","id":"icBBwbAFLyjsRLheSJkAp","vaultName":"dendron.dendron-site"},"value":"dendron.topic.pod.custom","position":{"start":{"line":361,"column":1,"offset":10527},"end":{"line":361,"column":43,"offset":10569},"indent":[]},"xvault":false,"to":{"fname":"dendron.topic.pod.custom","anchorHeader":"summary,1:#*"}},{"type":"ref","from":{"fname":"dendron.release.changelog.0-3-x","id":"icBBwbAFLyjsRLheSJkAp","vaultName":"dendron.dendron-site"},"value":"dendron.topic.publishing.features","position":{"start":{"line":373,"column":1,"offset":10896},"end":{"line":373,"column":51,"offset":10946},"indent":[]},"xvault":false,"to":{"fname":"dendron.topic.publishing.features","anchorHeader":"backlinks,1"}}],"anchors":{"039":{"type":"header","value":"039","line":8,"column":0},"features":{"type":"header","value":"features","line":10,"column":0},"faster-startup-performance":{"type":"header","value":"faster-startup-performance","line":12,"column":0},"enhancements":{"type":"header","value":"enhancements","line":17,"column":0},"bug-fixes":{"type":"header","value":"bug-fixes","line":23,"column":0},"house-cleaning":{"type":"header","value":"house-cleaning","line":27,"column":0},"telemetry":{"type":"header","value":"telemetry","line":29,"column":0},"0380":{"type":"header","value":"0380","line":39,"column":0},"0372":{"type":"header","value":"0372","line":41,"column":0},"bug-fixes-1":{"type":"header","value":"bug-fixes-1","line":43,"column":0},"docs":{"type":"header","value":"docs","line":47,"column":0},"0371":{"type":"header","value":"0371","line":51,"column":0},"features-1":{"type":"header","value":"features-1","line":53,"column":0},"cli-for-workspace-commands":{"type":"header","value":"cli-for-workspace-commands","line":55,"column":0},"insert-note-command":{"type":"header","value":"insert-note-command","line":59,"column":0},"enhancements-1":{"type":"header","value":"enhancements-1","line":63,"column":0},"0370":{"type":"header","value":"0370","line":67,"column":0},"0364":{"type":"header","value":"0364","line":71,"column":0},"features-2":{"type":"header","value":"features-2","line":73,"column":0},"cli-for-working-with-vaults":{"type":"header","value":"cli-for-working-with-vaults","line":75,"column":0},"enhancements-2":{"type":"header","value":"enhancements-2","line":79,"column":0},"0363":{"type":"header","value":"0363","line":83,"column":0},"features-3":{"type":"header","value":"features-3","line":85,"column":0},"cli-for-working-with-notes":{"type":"header","value":"cli-for-working-with-notes","line":87,"column":0},"enhancements-3":{"type":"header","value":"enhancements-3","line":91,"column":0},"house-cleaning-1":{"type":"header","value":"house-cleaning-1","line":97,"column":0},"0362":{"type":"header","value":"0362","line":101,"column":0},"bug-fixes-2":{"type":"header","value":"bug-fixes-2","line":103,"column":0},"0361":{"type":"header","value":"0361","line":107,"column":0},"bug-fixes-3":{"type":"header","value":"bug-fixes-3","line":109,"column":0},"0360":{"type":"header","value":"0360","line":113,"column":0},"0352":{"type":"header","value":"0352","line":117,"column":0},"features-4":{"type":"header","value":"features-4","line":119,"column":0},"goto-note-command":{"type":"header","value":"goto-note-command","line":121,"column":0},"enhancements-4":{"type":"header","value":"enhancements-4","line":127,"column":0},"bug-fixes-4":{"type":"header","value":"bug-fixes-4","line":136,"column":0},"0351":{"type":"header","value":"0351","line":140,"column":0},"features-5":{"type":"header","value":"features-5","line":142,"column":0},"add-and-commit":{"type":"header","value":"add-and-commit","line":144,"column":0},"enhancements-5":{"type":"header","value":"enhancements-5","line":148,"column":0},"bug-fixes-5":{"type":"header","value":"bug-fixes-5","line":155,"column":0},"docs-1":{"type":"header","value":"docs-1","line":160,"column":0},"0350":{"type":"header","value":"0350","line":165,"column":0},"0341":{"type":"header","value":"0341","line":169,"column":0},"features-6":{"type":"header","value":"features-6","line":171,"column":0},"a-better-doctor":{"type":"header","value":"a-better-doctor","line":173,"column":0},"enhancements-6":{"type":"header","value":"enhancements-6","line":179,"column":0},"bug-fixes-6":{"type":"header","value":"bug-fixes-6","line":186,"column":0},"house-cleaning-2":{"type":"header","value":"house-cleaning-2","line":191,"column":0},"0340":{"type":"header","value":"0340","line":196,"column":0},"0331":{"type":"header","value":"0331","line":200,"column":0},"features-7":{"type":"header","value":"features-7","line":202,"column":0},"browse-current-file":{"type":"header","value":"browse-current-file","line":204,"column":0},"enhancements-7":{"type":"header","value":"enhancements-7","line":208,"column":0},"bug-fixes-7":{"type":"header","value":"bug-fixes-7","line":216,"column":0},"0330":{"type":"header","value":"0330","line":221,"column":0},"0322":{"type":"header","value":"0322","line":225,"column":0},"features-8":{"type":"header","value":"features-8","line":227,"column":0},"markdown-export":{"type":"header","value":"markdown-export","line":229,"column":0},"gitpod":{"type":"header","value":"gitpod","line":233,"column":0},"enhancements-8":{"type":"header","value":"enhancements-8","line":237,"column":0},"house-cleaning-3":{"type":"header","value":"house-cleaning-3","line":247,"column":0},"0321":{"type":"header","value":"0321","line":251,"column":0},"features-9":{"type":"header","value":"features-9","line":253,"column":0},"password-protected-sites":{"type":"header","value":"password-protected-sites","line":255,"column":0},"enhancements-9":{"type":"header","value":"enhancements-9","line":261,"column":0},"bug-fixes-8":{"type":"header","value":"bug-fixes-8","line":272,"column":0},"house-cleaning-4":{"type":"header","value":"house-cleaning-4","line":278,"column":0},"0320":{"type":"header","value":"0320","line":282,"column":0},"0313":{"type":"header","value":"0313","line":286,"column":0},"features-10":{"type":"header","value":"features-10","line":288,"column":0},"changelogs":{"type":"header","value":"changelogs","line":290,"column":0},"house-cleaning-5":{"type":"header","value":"house-cleaning-5","line":294,"column":0},"0312":{"type":"header","value":"0312","line":298,"column":0},"features-11":{"type":"header","value":"features-11","line":300,"column":0},"custom-domain-names":{"type":"header","value":"custom-domain-names","line":302,"column":0},"enhancements-10":{"type":"header","value":"enhancements-10","line":306,"column":0},"bug-fixes-9":{"type":"header","value":"bug-fixes-9","line":313,"column":0},"0311":{"type":"header","value":"0311","line":318,"column":0},"bug-fixes-10":{"type":"header","value":"bug-fixes-10","line":320,"column":0},"0310":{"type":"header","value":"0310","line":324,"column":0},"0302":{"type":"header","value":"0302","line":328,"column":0},"features-12":{"type":"header","value":"features-12","line":330,"column":0},"cross-vault-links":{"type":"header","value":"cross-vault-links","line":332,"column":0},"enhancements-11":{"type":"header","value":"enhancements-11","line":336,"column":0},"bug-fixes-11":{"type":"header","value":"bug-fixes-11","line":344,"column":0},"documentation":{"type":"header","value":"documentation","line":350,"column":0},"house-cleaning-6":{"type":"header","value":"house-cleaning-6","line":354,"column":0},"0301":{"type":"header","value":"0301","line":360,"column":0},"features-13":{"type":"header","value":"features-13","line":362,"column":0},"custom-pods":{"type":"header","value":"custom-pods","line":364,"column":0},"devto-pod":{"type":"header","value":"devto-pod","line":371,"column":0},"enhancements-12":{"type":"header","value":"enhancements-12","line":375,"column":0},"bug-fixes-12":{"type":"header","value":"bug-fixes-12","line":381,"column":0},"house-cleaning-7":{"type":"header","value":"house-cleaning-7","line":387,"column":0}},"fname":"dendron.release.changelog.0-3-x","updated":1623882388128,"created":1623536565649,"parent":"9bc92432-a24c-492b-b831-4d5378c1692b","children":[],"data":{},"contentHash":"19c2c7c71149f5200b6b5f768692d957","custom":{}}
