{"id":"JE3t4O3SrKwTCCnWRhsL2","title":"Seed","vault":{"fsPath":"vault","name":"dendron.dendron-site"},"type":"note","desc":"","links":[],"anchors":{"summary":{"type":"header","value":"summary","line":8,"column":0},"adding-a-seed":{"type":"header","value":"adding-a-seed","line":12,"column":0}},"fname":"pkg.dendron-engine.arch.seed","updated":1625786167511,"created":1625786167512,"parent":"ebf58a4a-18f8-498d-95eb-04d856c0a000","children":[],"data":{},"contentHash":"85e9076115f5c1ce119b6f14b7cd6c4d","custom":{}}
