{"id":"KasnPHKjT8aD6RzU0BI3x","title":"Release Notes (version 0.49)","vault":{"fsPath":"vault","name":"dendron.dendron-site"},"type":"note","desc":"","links":[{"type":"wiki","from":{"fname":"dendron.release.2021-07-05","id":"KasnPHKjT8aD6RzU0BI3x","vaultName":"dendron.dendron-site"},"value":"dendron.dev.qa","alias":"QA docs","position":{"start":{"line":18,"column":22,"offset":1087},"end":{"line":18,"column":58,"offset":1123},"indent":[]},"xvault":false,"to":{"fname":"dendron.dev.qa","anchorHeader":"Profiling"}},{"type":"wiki","from":{"fname":"dendron.release.2021-07-05","id":"KasnPHKjT8aD6RzU0BI3x","vaultName":"dendron.dendron-site"},"value":"dendron.guides.tips","alias":"instructions","position":{"start":{"line":19,"column":22,"offset":1145},"end":{"line":19,"column":95,"offset":1218},"indent":[]},"xvault":false,"to":{"fname":"dendron.guides.tips","anchorHeader":"publish-to-github-pages-with-actions"}},{"type":"wiki","from":{"fname":"dendron.release.2021-07-05","id":"KasnPHKjT8aD6RzU0BI3x","vaultName":"dendron.dendron-site"},"value":"dendron.rfc.16-better-tags","alias":"Better Tags RFC","position":{"start":{"line":20,"column":17,"offset":1235},"end":{"line":20,"column":63,"offset":1281},"indent":[]},"xvault":false,"to":{"fname":"dendron.rfc.16-better-tags"}},{"type":"wiki","from":{"fname":"dendron.release.2021-07-05","id":"KasnPHKjT8aD6RzU0BI3x","vaultName":"dendron.dendron-site"},"value":"dendron.community.office-hours.2021.07.04","alias":"here","position":{"start":{"line":30,"column":49,"offset":1531},"end":{"line":30,"column":99,"offset":1581},"indent":[]},"xvault":false,"to":{"fname":"dendron.community.office-hours.2021.07.04"}},{"type":"wiki","from":{"fname":"dendron.release.2021-07-05","id":"KasnPHKjT8aD6RzU0BI3x","vaultName":"dendron.dendron-site"},"value":"dendron.community.roles","alias":"here","position":{"start":{"line":52,"column":38,"offset":2568},"end":{"line":52,"column":70,"offset":2600},"indent":[]},"xvault":false,"to":{"fname":"dendron.community.roles"}},{"type":"ref","from":{"fname":"dendron.release.2021-07-05","id":"KasnPHKjT8aD6RzU0BI3x","vaultName":"dendron.dendron-site"},"value":"dendron.release.changelog","position":{"start":{"line":56,"column":1,"offset":2617},"end":{"line":56,"column":42,"offset":2658},"indent":[]},"xvault":false,"to":{"fname":"dendron.release.changelog","anchorHeader":"049,1:#048"}}],"anchors":{"highlights":{"type":"header","value":"highlights","line":11,"column":0},"docs":{"type":"header","value":"docs","line":21,"column":0},"ongoing":{"type":"header","value":"ongoing","line":29,"column":0},"community":{"type":"header","value":"community","line":33,"column":0},"office-hours":{"type":"header","value":"office-hours","line":35,"column":0},"thank-yous":{"type":"header","value":"thank-yous","line":39,"column":0},"changelog":{"type":"header","value":"changelog","line":61,"column":0}},"fname":"dendron.release.2021-07-05","updated":1625491159023,"created":1625491159023,"parent":"932534e7-e788-4fdb-bc8c-eaf761992a8d","children":[],"data":{},"contentHash":"6f331df04ca5825db93d407843cfbdee","custom":{"excerpt":""}}
