{"id":"KVPfU19eEL7zjoNP","title":"Tag example","vault":{"fsPath":"vault","name":"dendron.dendron-site"},"type":"note","desc":"","links":[{"from":{"fname":"dendron.topic.tags","vaultName":"dendron.dendron-site"},"type":"backlink","position":{"start":{"line":10,"column":24,"offset":146},"end":{"line":10,"column":43,"offset":165},"indent":[]},"value":"tags.example.my-example"}],"anchors":{},"fname":"tags.example.my-example","updated":1626383555659,"created":1626382749874,"parent":"UNwXuILpBbI1imrH","children":[],"data":{},"contentHash":"f9c03f30a9598fad6fc501145f8916ab","custom":{}}
