{"id":"kvux8DRUg6gnNGE8gXNM4","title":"11","vault":{"fsPath":"vault","name":"dendron.dendron-site"},"type":"note","desc":"","links":[{"from":{"fname":"dendron.release.2021-07-12","vaultName":"dendron.dendron-site"},"type":"backlink","position":{"start":{"line":41,"column":49,"offset":2329},"end":{"line":41,"column":99,"offset":2379},"indent":[]},"value":"dendron.community.office-hours.2021.07.11"}],"anchors":{"company-updates":{"type":"header","value":"company-updates","line":8,"column":0},"questions":{"type":"header","value":"questions","line":24,"column":0},"notes":{"type":"header","value":"notes","line":28,"column":0}},"fname":"dendron.community.office-hours.2021.07.11","updated":1626100792820,"created":1626100792820,"parent":"YaBuagTIefevWITM","children":[],"data":{},"contentHash":"7e37caec159e84a3246253effde03ee3","custom":{}}
