{"id":"LAUb8WcM8rmjxJrR","title":"Arch","vault":{"fsPath":"vault","name":"dendron.dendron-site"},"type":"note","desc":"","links":[],"anchors":{"publishing":{"type":"header","value":"publishing","line":9,"column":0},"filterbyconfig":{"type":"header","value":"filterbyconfig","line":16,"column":0},"filterbyhiearchy":{"type":"header","value":"filterbyhiearchy","line":24,"column":0}},"fname":"pkg.nextjs-template.arch","updated":1627860376787,"created":1627859879590,"parent":"eQ5w4eqHrf4m1peq","children":[],"data":{},"contentHash":"6d86318e1f8ff0a1192ec3dbc950c945","custom":{}}
