{"id":"Lnp1URddmWEWweyf","title":"Preview V2","vault":{"fsPath":"vault","name":"dendron.dendron-site"},"type":"note","desc":"","links":[{"type":"wiki","from":{"fname":"dendron.topic.preview-v2","id":"Lnp1URddmWEWweyf","vaultName":"dendron.dendron-site"},"value":"dendron.topic.preview","alias":"preview","position":{"start":{"line":6,"column":78,"offset":158},"end":{"line":6,"column":111,"offset":191},"indent":[]},"xvault":false,"to":{"fname":"dendron.topic.preview"}},{"from":{"fname":"dendron.ref.web-ui","vaultName":"dendron.dendron-site"},"type":"backlink","position":{"start":{"line":45,"column":1,"offset":1584},"end":{"line":45,"column":71,"offset":1654},"indent":[]},"value":"dendron.topic.preview-v2"},{"from":{"fname":"dendron.release.changelog","vaultName":"dendron.dendron-site"},"type":"backlink","position":{"start":{"line":100,"column":36,"offset":3026},"end":{"line":100,"column":75,"offset":3065},"indent":[]},"value":"dendron.topic.preview-v2"},{"from":{"fname":"dendron.release.changelog","vaultName":"dendron.dendron-site"},"type":"backlink","position":{"start":{"line":100,"column":233,"offset":3223},"end":{"line":100,"column":310,"offset":3300},"indent":[]},"value":"dendron.topic.preview-v2"},{"from":{"fname":"dendron.release.changelog","vaultName":"dendron.dendron-site"},"type":"backlink","position":{"start":{"line":199,"column":1,"offset":6542},"end":{"line":199,"column":74,"offset":6615},"indent":[]},"value":"dendron.topic.preview-v2"},{"from":{"fname":"dendron.rfc.17-rich-web-client","vaultName":"dendron.dendron-site"},"type":"backlink","position":{"start":{"line":11,"column":128,"offset":427},"end":{"line":11,"column":167,"offset":466},"indent":[]},"value":"dendron.topic.preview-v2"},{"from":{"fname":"dendron.topic.preview","vaultName":"dendron.dendron-site"},"type":"backlink","position":{"start":{"line":4,"column":73,"offset":85},"end":{"line":4,"column":112,"offset":124},"indent":[]},"value":"dendron.topic.preview-v2"}],"anchors":{"summary":{"type":"header","value":"summary","line":8,"column":0},"config":{"type":"header","value":"config","line":18,"column":0},"devenablepreviewv2":{"type":"header","value":"devenablepreviewv2","line":20,"column":0},"cook":{"type":"header","value":"cook","line":26,"column":0},"uninstall-dendron-markdown-preview-enhanced":{"type":"header","value":"uninstall-dendron-markdown-preview-enhanced","line":28,"column":0}},"fname":"dendron.topic.preview-v2","updated":1627320371754,"created":1626382220182,"parent":"7a7af2fa-b9d0-4adc-81e6-f03186123539","children":[],"data":{},"contentHash":"ae62fc6faf862e60a2b2698ec8134d8d","custom":{},"schema":{"schemaId":"topic","moduleId":"dendron"}}
