{"id":"MK4LipIh-9EVprKf5na9V","title":"04","vault":{"fsPath":"vault","name":"dendron.dendron-site"},"type":"note","desc":"","links":[{"from":{"fname":"dendron.release.2021-07-05","vaultName":"dendron.dendron-site"},"type":"backlink","position":{"start":{"line":30,"column":49,"offset":1531},"end":{"line":30,"column":99,"offset":1581},"indent":[]},"value":"dendron.community.office-hours.2021.07.04"}],"anchors":{"company-updates":{"type":"header","value":"company-updates","line":8,"column":0},"questions":{"type":"header","value":"questions","line":33,"column":0},"notes":{"type":"header","value":"notes","line":41,"column":0}},"fname":"dendron.community.office-hours.2021.07.04","updated":1625498459946,"created":1625498459946,"parent":"YaBuagTIefevWITM","children":[],"data":{},"contentHash":"537d11a319e37b2c0932a9d4209e9d8d","custom":{}}
