{"id":"MMrQN7haAkDZIJJs","title":"Senior Full Stack Engineer","vault":{"fsPath":"vault","name":"dendron.dendron-site"},"type":"note","desc":"","links":[{"type":"ref","from":{"fname":"dendron.jobs.senior-full-stack-engineer","id":"MMrQN7haAkDZIJJs","vaultName":"dendron.dendron-site"},"value":"dendron","position":{"start":{"line":41,"column":1,"offset":2082},"end":{"line":41,"column":29,"offset":2110},"indent":[]},"xvault":false,"to":{"fname":"dendron","anchorHeader":"motivation,1:#*"}},{"from":{"fname":"dendron.release.2021-08-02","vaultName":"dendron.dendron-site"},"type":"backlink","position":{"start":{"line":22,"column":3,"offset":593},"end":{"line":22,"column":73,"offset":663},"indent":[]},"value":"dendron.jobs.senior-full-stack-engineer"}],"anchors":{"what-youll-do":{"type":"header","value":"what-youll-do","line":14,"column":0},"who-you-are":{"type":"header","value":"who-you-are","line":20,"column":0},"what-we-offer":{"type":"header","value":"what-we-offer","line":33,"column":0},"what-were-built-on":{"type":"header","value":"what-were-built-on","line":39,"column":0},"our-mission":{"type":"header","value":"our-mission","line":45,"column":0},"apply":{"type":"header","value":"apply","line":51,"column":0}},"fname":"dendron.jobs.senior-full-stack-engineer","updated":1627948258702,"created":1627948250733,"parent":"c378b702-7d49-4e91-be6e-b2078103c86e","children":[],"data":{},"contentHash":"95f20e5f69a79dde5bafaf72b7cfb2ae","custom":{}}
