{"id":"mtBAFUzF5O35N9we5A5Nz","title":"Workspace Watcher","vault":{"fsPath":"vault","name":"dendron.dendron-site"},"type":"note","desc":"","links":[{"from":{"fname":"pkg.dendron-plugin.arch","vaultName":"dendron.dendron-site"},"type":"backlink","position":{"start":{"line":127,"column":3,"offset":3650},"end":{"line":127,"column":68,"offset":3715},"indent":[]},"value":"pkg.dendron-plugin.internal.workspace-watcher"},{"from":{"fname":"pkg.dendron-plugin.arch","vaultName":"dendron.dendron-site"},"type":"backlink","position":{"start":{"line":143,"column":3,"offset":4296},"end":{"line":143,"column":79,"offset":4372},"indent":[]},"value":"pkg.dendron-plugin.internal.workspace-watcher"}],"anchors":{"summary":{"type":"header","value":"summary","line":9,"column":0}},"fname":"pkg.dendron-plugin.internal.workspace-watcher","updated":1624821539178,"created":1624821292865,"parent":"4b8f0470-dacb-433b-8d0c-f5a7d8f5245d","children":[],"data":{},"contentHash":"097408c77cfd14fa432e785487653c47","custom":{}}
