{"id":"Mx7yEsdtZRcs1rHi","title":"Google Docs","vault":{"fsPath":"vault","name":"dendron.dendron-site"},"type":"note","desc":"","links":[{"type":"ref","from":{"fname":"dendron.topic.pod.builtin.google-docs","id":"Mx7yEsdtZRcs1rHi","vaultName":"dendron.dendron-site"},"value":"dendron.topic.pod.builtin.google-docs.import","position":{"start":{"line":11,"column":1,"offset":99},"end":{"line":11,"column":63,"offset":161},"indent":[]},"xvault":false,"to":{"fname":"dendron.topic.pod.builtin.google-docs.import","anchorHeader":"summary,1:#*"}}],"anchors":{"summary":{"type":"header","value":"summary","line":8,"column":0},"import":{"type":"header","value":"import","line":16,"column":0}},"fname":"dendron.topic.pod.builtin.google-docs","updated":1626365007598,"created":1626365007598,"parent":"3e519113-5820-4a84-bef8-85103a7b296b","children":["tO6EFCHd2rw350zh"],"data":{},"contentHash":"e1bf440818a9c591a2556177cc068651","custom":{}}
