{"id":"nB_CscjeWXqMfdcHfP7iX","title":"Release Notes (version 0.48)","vault":{"fsPath":"vault","name":"dendron.dendron-site"},"type":"note","desc":"","links":[{"type":"wiki","from":{"fname":"dendron.release.2021-06-28","id":"nB_CscjeWXqMfdcHfP7iX","vaultName":"dendron.dendron-site"},"value":"dendron.principles","alias":"sensible defaults","position":{"start":{"line":16,"column":33,"offset":777},"end":{"line":16,"column":91,"offset":835},"indent":[]},"xvault":false,"to":{"fname":"dendron.principles","anchorHeader":"sensible-defaults"}},{"type":"wiki","from":{"fname":"dendron.release.2021-06-28","id":"nB_CscjeWXqMfdcHfP7iX","vaultName":"dendron.dendron-site"},"value":"dendron.topic.graph-view","alias":"Graph View","position":{"start":{"line":17,"column":23,"offset":858},"end":{"line":17,"column":62,"offset":897},"indent":[]},"xvault":false,"to":{"fname":"dendron.topic.graph-view"}},{"type":"wiki","from":{"fname":"dendron.release.2021-06-28","id":"nB_CscjeWXqMfdcHfP7iX","vaultName":"dendron.dendron-site"},"value":"dendron.community.office-hours.2021.06.27","alias":"here","position":{"start":{"line":26,"column":49,"offset":1211},"end":{"line":26,"column":99,"offset":1261},"indent":[]},"xvault":false,"to":{"fname":"dendron.community.office-hours.2021.06.27"}},{"type":"wiki","from":{"fname":"dendron.release.2021-06-28","id":"nB_CscjeWXqMfdcHfP7iX","vaultName":"dendron.dendron-site"},"value":"dendron.community.roles","alias":"here","position":{"start":{"line":53,"column":38,"offset":2763},"end":{"line":53,"column":70,"offset":2795},"indent":[]},"xvault":false,"to":{"fname":"dendron.community.roles"}},{"type":"ref","from":{"fname":"dendron.release.2021-06-28","id":"nB_CscjeWXqMfdcHfP7iX","vaultName":"dendron.dendron-site"},"value":"dendron.release.changelog","position":{"start":{"line":56,"column":1,"offset":2811},"end":{"line":56,"column":42,"offset":2852},"indent":[]},"xvault":false,"to":{"fname":"dendron.release.changelog","anchorHeader":"048,1:#047"}}],"anchors":{"highlights":{"type":"header","value":"highlights","line":12,"column":0},"docs":{"type":"header","value":"docs","line":20,"column":0},"ongoing":{"type":"header","value":"ongoing","line":26,"column":0},"community":{"type":"header","value":"community","line":29,"column":0},"office-hours":{"type":"header","value":"office-hours","line":31,"column":0},"thank-yous":{"type":"header","value":"thank-yous","line":35,"column":0},"changelog":{"type":"header","value":"changelog","line":62,"column":0}},"fname":"dendron.release.2021-06-28","updated":1624910601530,"created":1624886454307,"parent":"932534e7-e788-4fdb-bc8c-eaf761992a8d","children":[],"data":{},"contentHash":"e9d1ed4582a1ccebe42aea976145d20a","custom":{"excerpt":"Export to folders, better handling of merges, and lots of QoL improvements"}}
