{"id":"NT1cFX6DRkTnzcWwduj2I","title":"16 Better Tags","vault":{"fsPath":"vault","name":"dendron.dendron-site"},"type":"note","desc":"","links":[{"type":"wiki","from":{"fname":"dendron.rfc.16-better-tags","id":"NT1cFX6DRkTnzcWwduj2I","vaultName":"dendron.dendron-site"},"value":"https://developer.mozilla.org/en-US/docs/Web/CSS/color_value","alias":"color keywords","position":{"start":{"line":50,"column":195,"offset":1759},"end":{"line":50,"column":289,"offset":1853},"indent":[]},"xvault":false,"to":{"fname":"https://developer.mozilla.org/en-US/docs/Web/CSS/color_value","anchorHeader":"color_keywords"}},{"type":"wiki","from":{"fname":"dendron.rfc.16-better-tags","id":"NT1cFX6DRkTnzcWwduj2I","vaultName":"dendron.dendron-site"},"value":"dendron.rfc.16-better-tags","alias":"tag color","position":{"start":{"line":74,"column":40,"offset":2979},"end":{"line":74,"column":65,"offset":3004},"indent":[]},"xvault":false,"to":{"fname":"dendron.rfc.16-better-tags","anchorHeader":"tag-colors"}},{"type":"wiki","from":{"fname":"dendron.rfc.16-better-tags","id":"NT1cFX6DRkTnzcWwduj2I","vaultName":"dendron.dendron-site"},"value":"dendron.rfc.16-better-tags","alias":"hidden","position":{"start":{"line":74,"column":76,"offset":3015},"end":{"line":74,"column":113,"offset":3052},"indent":[]},"xvault":false,"to":{"fname":"dendron.rfc.16-better-tags","anchorHeader":"hiding-tags-in-publishing"}},{"from":{"fname":"dendron.release.2021-07-05","vaultName":"dendron.dendron-site"},"type":"backlink","position":{"start":{"line":20,"column":17,"offset":1235},"end":{"line":20,"column":63,"offset":1281},"indent":[]},"value":"dendron.rfc.16-better-tags"},{"from":{"fname":"dendron.rfc.16-better-tags","vaultName":"dendron.dendron-site"},"type":"backlink","position":{"start":{"line":74,"column":40,"offset":2979},"end":{"line":74,"column":65,"offset":3004},"indent":[]},"value":"dendron.rfc.16-better-tags"},{"from":{"fname":"dendron.rfc.16-better-tags","vaultName":"dendron.dendron-site"},"type":"backlink","position":{"start":{"line":74,"column":76,"offset":3015},"end":{"line":74,"column":113,"offset":3052},"indent":[]},"value":"dendron.rfc.16-better-tags"}],"anchors":{"goals":{"type":"header","value":"goals","line":8,"column":0},"context":{"type":"header","value":"context","line":12,"column":0},"proposal":{"type":"header","value":"proposal","line":14,"column":0},"hashtags":{"type":"header","value":"hashtags","line":16,"column":0},"frontmatter-tags":{"type":"header","value":"frontmatter-tags","line":30,"column":0},"tag-colors":{"type":"header","value":"tag-colors","line":45,"column":0},"tags-in-the-graph-view":{"type":"header","value":"tags-in-the-graph-view","line":60,"column":0},"tags-in-the-tree-view":{"type":"header","value":"tags-in-the-tree-view","line":65,"column":0},"hiding-tags-in-publishing":{"type":"header","value":"hiding-tags-in-publishing","line":70,"column":0},"details":{"type":"header","value":"details","line":75,"column":0},"tag-organization":{"type":"header","value":"tag-organization","line":77,"column":0},"example":{"type":"header","value":"example","line":83,"column":0},"tradeoffs":{"type":"header","value":"tradeoffs","line":85,"column":0},"discussion":{"type":"header","value":"discussion","line":89,"column":0}},"fname":"dendron.rfc.16-better-tags","updated":1624922522303,"created":1624922522303,"parent":"f143ca38-dcc6-4cd3-b84b-997aec1160ef","children":[],"data":{},"contentHash":"710312f9f66a4e45be98bd235c96e5b3","custom":{}}
