{"id":"OL44br0YkIKmhlWk","title":"Head of Content","vault":{"fsPath":"vault","name":"dendron.dendron-site"},"type":"note","desc":"","links":[{"from":{"fname":"dendron.release.2021-07-26","vaultName":"dendron.dendron-site"},"type":"backlink","position":{"start":{"line":27,"column":25,"offset":1413},"end":{"line":27,"column":73,"offset":1461},"indent":[]},"value":"dendron.jobs.head-of-content"},{"from":{"fname":"dendron.release.2021-08-02","vaultName":"dendron.dendron-site"},"type":"backlink","position":{"start":{"line":24,"column":3,"offset":715},"end":{"line":24,"column":51,"offset":763},"indent":[]},"value":"dendron.jobs.head-of-content"}],"anchors":{"what-youll-do":{"type":"header","value":"what-youll-do","line":14,"column":0},"who-you-are":{"type":"header","value":"who-you-are","line":20,"column":0},"what-we-offer":{"type":"header","value":"what-we-offer","line":23,"column":0},"our-mission":{"type":"header","value":"our-mission","line":31,"column":0},"apply":{"type":"header","value":"apply","line":37,"column":0}},"fname":"dendron.jobs.head-of-content","updated":1627226522152,"created":1627224182894,"parent":"c378b702-7d49-4e91-be6e-b2078103c86e","children":[],"data":{},"contentHash":"6480d2b2578fd0866fc1c404c682f16e","custom":{}}
