{"id":"oLUblPDevwOoYr06","title":"Release Notes (version 0.52)","vault":{"fsPath":"vault","name":"dendron.dendron-site"},"type":"note","desc":"","links":[{"type":"wiki","from":{"fname":"dendron.release.2021-07-26","id":"oLUblPDevwOoYr06","vaultName":"dendron.dendron-site"},"value":"dendron.release.changelog","alias":"docs","position":{"start":{"line":5,"column":42,"offset":88},"end":{"line":5,"column":114,"offset":160},"indent":[]},"xvault":false,"to":{"fname":"dendron.release.changelog","anchorHeader":"non-blocking-workspace-initialization"}},{"type":"wiki","from":{"fname":"dendron.release.2021-07-26","id":"oLUblPDevwOoYr06","vaultName":"dendron.dendron-site"},"value":"dendron.release.changelog","alias":"docs","position":{"start":{"line":6,"column":57,"offset":218},"end":{"line":6,"column":127,"offset":288},"indent":[]},"xvault":false,"to":{"fname":"dendron.release.changelog","anchorHeader":"deprecate-markdown-preview-enhanced"}},{"type":"wiki","from":{"fname":"dendron.release.2021-07-26","id":"oLUblPDevwOoYr06","vaultName":"dendron.dendron-site"},"value":"dendron.topic.commands","alias":"docs","position":{"start":{"line":7,"column":44,"offset":333},"end":{"line":7,"column":100,"offset":389},"indent":[]},"xvault":false,"to":{"fname":"dendron.topic.commands","anchorHeader":"createmissinglinkednotes"}},{"type":"wiki","from":{"fname":"dendron.release.2021-07-26","id":"oLUblPDevwOoYr06","vaultName":"dendron.dendron-site"},"value":"dendron.topic.commands","alias":"docs","position":{"start":{"line":9,"column":37,"offset":469},"end":{"line":9,"column":83,"offset":515},"indent":[]},"xvault":false,"to":{"fname":"dendron.topic.commands","anchorHeader":"fixfrontmatter"}},{"type":"wiki","from":{"fname":"dendron.release.2021-07-26","id":"oLUblPDevwOoYr06","vaultName":"dendron.dendron-site"},"value":"dendron.topic.tags","alias":"docs","position":{"start":{"line":10,"column":38,"offset":554},"end":{"line":10,"column":91,"offset":607},"indent":[]},"xvault":false,"to":{"fname":"dendron.topic.tags","anchorHeader":"autocomplete-intellisense"}},{"type":"wiki","from":{"fname":"dendron.release.2021-07-26","id":"oLUblPDevwOoYr06","vaultName":"dendron.dendron-site"},"value":"dendron.topic.commands","alias":"docs","position":{"start":{"line":11,"column":56,"offset":664},"end":{"line":11,"column":102,"offset":710},"indent":[]},"xvault":false,"to":{"fname":"dendron.topic.commands","anchorHeader":"fixfrontmatter"}},{"type":"wiki","from":{"fname":"dendron.release.2021-07-26","id":"oLUblPDevwOoYr06","vaultName":"dendron.dendron-site"},"value":"dendron.topic.pod.builtin.google-docs.import","alias":"docs","position":{"start":{"line":12,"column":26,"offset":737},"end":{"line":12,"column":79,"offset":790},"indent":[]},"xvault":false,"to":{"fname":"dendron.topic.pod.builtin.google-docs.import"}},{"type":"wiki","from":{"fname":"dendron.release.2021-07-26","id":"oLUblPDevwOoYr06","vaultName":"dendron.dendron-site"},"value":"dendron.rfc.17-rich-web-client","alias":"Rich Web Client","position":{"start":{"line":24,"column":17,"offset":1188},"end":{"line":24,"column":67,"offset":1238},"indent":[]},"xvault":false,"to":{"fname":"dendron.rfc.17-rich-web-client"}},{"type":"wiki","from":{"fname":"dendron.release.2021-07-26","id":"oLUblPDevwOoYr06","vaultName":"dendron.dendron-site"},"value":"dendron.community.greenhouse","alias":"Greenhouse Talks","position":{"start":{"line":25,"column":18,"offset":1257},"end":{"line":25,"column":67,"offset":1306},"indent":[]},"xvault":false,"to":{"fname":"dendron.community.greenhouse"}},{"type":"wiki","from":{"fname":"dendron.release.2021-07-26","id":"oLUblPDevwOoYr06","vaultName":"dendron.dendron-site"},"value":"dendron.jobs.head-of-growth","alias":"Head of Growth","position":{"start":{"line":26,"column":25,"offset":1332},"end":{"line":26,"column":71,"offset":1378},"indent":[]},"xvault":false,"to":{"fname":"dendron.jobs.head-of-growth"}},{"type":"wiki","from":{"fname":"dendron.release.2021-07-26","id":"oLUblPDevwOoYr06","vaultName":"dendron.dendron-site"},"value":"dendron.jobs.head-of-content","alias":"Head of Content","position":{"start":{"line":27,"column":25,"offset":1413},"end":{"line":27,"column":73,"offset":1461},"indent":[]},"xvault":false,"to":{"fname":"dendron.jobs.head-of-content"}},{"type":"wiki","from":{"fname":"dendron.release.2021-07-26","id":"oLUblPDevwOoYr06","vaultName":"dendron.dendron-site"},"value":"dendron.community.office-hours.2021.07.25","alias":"here","position":{"start":{"line":32,"column":49,"offset":1554},"end":{"line":32,"column":99,"offset":1604},"indent":[]},"xvault":false,"to":{"fname":"dendron.community.office-hours.2021.07.25"}},{"type":"wiki","from":{"fname":"dendron.release.2021-07-26","id":"oLUblPDevwOoYr06","vaultName":"dendron.dendron-site"},"value":"dendron.community.greenhouse.2021-07-23-using-dendron-with-20k-notes","alias":"dendron.community.greenhouse.2021-07-23-using-dendron-with-20k-notes","position":{"start":{"line":38,"column":27,"offset":1704},"end":{"line":38,"column":107,"offset":1784},"indent":[]},"xvault":false,"to":{"fname":"dendron.community.greenhouse.2021-07-23-using-dendron-with-20k-notes","anchorHeader":"summary"}},{"type":"wiki","from":{"fname":"dendron.release.2021-07-26","id":"oLUblPDevwOoYr06","vaultName":"dendron.dendron-site"},"value":"dendron.community.roles","alias":"here","position":{"start":{"line":48,"column":38,"offset":2204},"end":{"line":48,"column":70,"offset":2236},"indent":[]},"xvault":false,"to":{"fname":"dendron.community.roles"}},{"type":"ref","from":{"fname":"dendron.release.2021-07-26","id":"oLUblPDevwOoYr06","vaultName":"dendron.dendron-site"},"value":"dendron.community.greenhouse","position":{"start":{"line":36,"column":1,"offset":1630},"end":{"line":36,"column":47,"offset":1676},"indent":[]},"xvault":false,"to":{"fname":"dendron.community.greenhouse","anchorHeader":"summary,1:#*"}},{"type":"ref","from":{"fname":"dendron.release.2021-07-26","id":"oLUblPDevwOoYr06","vaultName":"dendron.dendron-site"},"value":"dendron.community.greenhouse.2021-07-30-cerebrarium-showcase","position":{"start":{"line":42,"column":1,"offset":1943},"end":{"line":42,"column":66,"offset":2008},"indent":[]},"xvault":false,"to":{"fname":"dendron.community.greenhouse.2021-07-30-cerebrarium-showcase"}},{"type":"ref","from":{"fname":"dendron.release.2021-07-26","id":"oLUblPDevwOoYr06","vaultName":"dendron.dendron-site"},"value":"dendron.release.changelog","position":{"start":{"line":73,"column":1,"offset":3672},"end":{"line":73,"column":42,"offset":3713},"indent":[]},"xvault":false,"to":{"fname":"dendron.release.changelog","anchorHeader":"052,1:#051"}}],"anchors":{"highlights":{"type":"header","value":"highlights","line":10,"column":0},"docs":{"type":"header","value":"docs","line":27,"column":0},"community":{"type":"header","value":"community","line":35,"column":0},"office-hours":{"type":"header","value":"office-hours","line":37,"column":0},"greenhouse-series":{"type":"header","value":"greenhouse-series","line":40,"column":0},"thank-yous":{"type":"header","value":"thank-yous","line":51,"column":0},"changelog":{"type":"header","value":"changelog","line":78,"column":0}},"fname":"dendron.release.2021-07-26","updated":1627320695063,"created":1627282161908,"parent":"932534e7-e788-4fdb-bc8c-eaf761992a8d","children":[],"data":{},"contentHash":"9202433665168086f22fcf98760f70b3","custom":{}}
