{"id":"p5fMTi-6zOyX1TwhL6dM0","title":"Foam Vs Dendron","vault":{"fsPath":"vault","name":"dendron.dendron-site"},"type":"note","desc":"","links":[{"type":"wiki","from":{"fname":"dendron.alternatives.foam-vs-dendron","id":"p5fMTi-6zOyX1TwhL6dM0","vaultName":"dendron.dendron-site"},"value":"dendron.topic.lookup","alias":"lookup","position":{"start":{"line":11,"column":28,"offset":774},"end":{"line":11,"column":59,"offset":805},"indent":[]},"xvault":false,"to":{"fname":"dendron.topic.lookup"}},{"type":"wiki","from":{"fname":"dendron.alternatives.foam-vs-dendron","id":"p5fMTi-6zOyX1TwhL6dM0","vaultName":"dendron.dendron-site"},"value":"dendron.topic.schema","alias":"schemas","position":{"start":{"line":11,"column":61,"offset":807},"end":{"line":11,"column":93,"offset":839},"indent":[]},"xvault":false,"to":{"fname":"dendron.topic.schema"}},{"type":"wiki","from":{"fname":"dendron.alternatives.foam-vs-dendron","id":"p5fMTi-6zOyX1TwhL6dM0","vaultName":"dendron.dendron-site"},"value":"dendron.topic.commands","alias":"refactor hierarchy","position":{"start":{"line":11,"column":95,"offset":841},"end":{"line":11,"column":159,"offset":905},"indent":[]},"xvault":false,"to":{"fname":"dendron.topic.commands","anchorHeader":"refactor-hierarchy"}},{"type":"wiki","from":{"fname":"dendron.alternatives.foam-vs-dendron","id":"p5fMTi-6zOyX1TwhL6dM0","vaultName":"dendron.dendron-site"},"value":"dendron.topic.commands","alias":"here","position":{"start":{"line":12,"column":111,"offset":1098},"end":{"line":12,"column":154,"offset":1141},"indent":[]},"xvault":false,"to":{"fname":"dendron.topic.commands","anchorHeader":"hierarchies"}},{"from":{"fname":"dendron.alternatives","vaultName":"dendron.dendron-site"},"type":"backlink","position":{"start":{"line":16,"column":19,"offset":1574},"end":{"line":16,"column":59,"offset":1614},"indent":[]},"value":"dendron.alternatives.foam-vs-dendron"},{"from":{"fname":"dendron.release.2021-07-19","vaultName":"dendron.dendron-site"},"type":"backlink","position":{"start":{"line":21,"column":23,"offset":596},"end":{"line":21,"column":79,"offset":652},"indent":[]},"value":"dendron.alternatives.foam-vs-dendron"}],"anchors":{"dendron-is-built-with-hierarchy-in-mind":{"type":"header","value":"dendron-is-built-with-hierarchy-in-mind","line":12,"column":0},"dendron-has-better-governance-over-core-features":{"type":"header","value":"dendron-has-better-governance-over-core-features","line":21,"column":0}},"fname":"dendron.alternatives.foam-vs-dendron","updated":1626057882250,"created":1626056573800,"parent":"b33d1803-6e4e-418f-a269-c4d4bde967cf","children":[],"data":{},"contentHash":"511495c19fa083bc7945352fafa5e3c2","custom":{}}
