{"id":"PgwAXFfotfgpFVqHQRlBl","title":"Dev","vault":{"fsPath":"vault","name":"dendron.dendron-site"},"type":"note","desc":"Development related\n","links":[{"type":"wiki","from":{"fname":"pkg.nextjs-template.dev","id":"PgwAXFfotfgpFVqHQRlBl","vaultName":"dendron.dendron-site"},"value":"tags.build","alias":"#build","position":{"start":{"line":4,"column":48,"offset":58},"end":{"line":4,"column":54,"offset":64},"indent":[]},"xvault":false,"to":{"fname":"tags.build"}}],"anchors":{"build":{"type":"header","value":"build","line":9,"column":0},"run":{"type":"header","value":"run","line":13,"column":0},"run-with-your-own-data":{"type":"header","value":"run-with-your-own-data","line":25,"column":0}},"fname":"pkg.nextjs-template.dev","updated":1628450589537,"created":1628376960868,"parent":"eQ5w4eqHrf4m1peq","children":[],"data":{},"contentHash":"f13a515a8a2f45afd205a1f6b2cb6f6e","custom":{}}
