{"id":"PqtlCsRPWBjKp3RR","title":"Greenhouse Talks","vault":{"fsPath":"vault","name":"dendron.dendron-site"},"type":"note","desc":"","links":[{"type":"wiki","from":{"fname":"dendron.community.greenhouse","id":"PqtlCsRPWBjKp3RR","vaultName":"dendron.dendron-site"},"value":"templates.greenhouse-talk","alias":"template","position":{"start":{"line":18,"column":52,"offset":939},"end":{"line":18,"column":90,"offset":977},"indent":[]},"xvault":false,"to":{"fname":"templates.greenhouse-talk"}},{"type":"ref","from":{"fname":"dendron.community.greenhouse","id":"PqtlCsRPWBjKp3RR","vaultName":"dendron.dendron-site"},"value":"dendron.community.greenhouse.2021-07-30-cerebrarium-showcase","position":{"start":{"line":24,"column":1,"offset":1154},"end":{"line":24,"column":66,"offset":1219},"indent":[]},"xvault":false,"to":{"fname":"dendron.community.greenhouse.2021-07-30-cerebrarium-showcase"}},{"type":"ref","from":{"fname":"dendron.community.greenhouse","id":"PqtlCsRPWBjKp3RR","vaultName":"dendron.dendron-site"},"value":"dendron.community.greenhouse.2021-07-23-using-dendron-with-20k-notes","position":{"start":{"line":33,"column":1,"offset":1394},"end":{"line":33,"column":74,"offset":1467},"indent":[]},"xvault":false,"to":{"fname":"dendron.community.greenhouse.2021-07-23-using-dendron-with-20k-notes"}},{"from":{"fname":"dendron.release.2021-07-26","vaultName":"dendron.dendron-site"},"type":"backlink","position":{"start":{"line":25,"column":18,"offset":1257},"end":{"line":25,"column":67,"offset":1306},"indent":[]},"value":"dendron.community.greenhouse"},{"from":{"fname":"dendron.release.2021-07-26","vaultName":"dendron.dendron-site"},"type":"backlink","position":{"start":{"line":36,"column":1,"offset":1630},"end":{"line":36,"column":47,"offset":1676},"indent":[]},"value":"dendron.community.greenhouse"}],"anchors":{"summary":{"type":"header","value":"summary","line":8,"column":0},"talk-schedule":{"type":"header","value":"talk-schedule","line":14,"column":0},"proposing-a-talk":{"type":"header","value":"proposing-a-talk","line":18,"column":0},"preparing-a-talk":{"type":"header","value":"preparing-a-talk","line":22,"column":0},"upcoming-talk":{"type":"header","value":"upcoming-talk","line":28,"column":0},"past-talks":{"type":"header","value":"past-talks","line":33,"column":0},"a-day-in-dendron":{"type":"header","value":"a-day-in-dendron","line":38,"column":0},"data-races":{"type":"header","value":"data-races","line":41,"column":0},"bluetooth-for-beginners":{"type":"header","value":"bluetooth-for-beginners","line":48,"column":0}},"fname":"dendron.community.greenhouse","updated":1627662015818,"created":1626809567579,"parent":"6f4cd441-f883-4e75-871b-b7f93895c91b","children":["fzHazEFWTpUVexmv","WUy5xtqQt3MwxcPG"],"data":{},"contentHash":"dc0cd16e7c1e301ae126fd9fef3727c4","custom":{}}
