{"id":"QbSG6cxvmNoqHWt4_76Q8","title":"Spread the Word!","vault":{"fsPath":"vault","name":"dendron.dendron-site"},"type":"note","desc":"","links":[{"from":{"fname":"dendron.contribute","vaultName":"dendron.dendron-site"},"type":"backlink","position":{"start":{"line":22,"column":1,"offset":286},"end":{"line":22,"column":40,"offset":325},"indent":[]},"value":"dendron.contribute.spread-the-word"}],"anchors":{},"fname":"dendron.contribute.spread-the-word","updated":1624469275915,"created":1624382361347,"parent":"125c990b-6fe7-4ada-a65f-44cbde8b33f0","children":[],"data":{},"contentHash":"04e2070078852d2e90674198834ae473","custom":{}}
