{"id":"QtTB_2Lzo6PTVFuw63mD1","title":"Changelog","vault":{"fsPath":"vault","name":"dendron.dendron-site"},"type":"note","desc":"","links":[],"anchors":{"20210627":{"type":"header","value":"20210627","line":10,"column":0},"old":{"type":"header","value":"old","line":13,"column":0}},"fname":"pkg.dendron-plugin.changelog","updated":1624979196344,"created":1624558903323,"parent":"87d90002-f480-45eb-a8c4-d00df4d61557","children":[],"data":{},"contentHash":"71727f76c77e4a708638a421c5be9056","custom":{}}
