{"id":"RLnJHszto4wkVbHaSSJpt","title":"13","vault":{"fsPath":"vault","name":"dendron.dendron-site"},"type":"note","desc":"","links":[{"from":{"fname":"dendron.release.2021-06-14","vaultName":"dendron.dendron-site"},"type":"backlink","position":{"start":{"line":25,"column":49,"offset":987},"end":{"line":25,"column":99,"offset":1037},"indent":[]},"value":"dendron.community.office-hours.2021.06.13"}],"anchors":{"company-updates":{"type":"header","value":"company-updates","line":8,"column":0},"design-updates":{"type":"header","value":"design-updates","line":35,"column":4}},"fname":"dendron.community.office-hours.2021.06.13","updated":1623867479549,"created":1623673321337,"parent":"dac1cd55-5186-4c53-9af9-b24b68d2c48b","children":[],"data":{},"contentHash":"2ac82f35f058dbcedef5870cb51c3ab4","custom":{}}
