{"id":"Rp1yFBOH6BletGam","title":"History Service","vault":{"fsPath":"vault","name":"dendron.dendron-site"},"type":"note","desc":"","links":[],"anchors":{"summary":{"type":"header","value":"summary","line":8,"column":0},"details":{"type":"header","value":"details","line":11,"column":0},"lifecycle-events":{"type":"header","value":"lifecycle-events","line":37,"column":0},"lookupprovider":{"type":"header","value":"lookupprovider","line":39,"column":0}},"fname":"pkg.dendron-engine.arch.history-service","updated":1628096883156,"created":1628096207257,"parent":"ebf58a4a-18f8-498d-95eb-04d856c0a000","children":[],"data":{},"contentHash":"1cc4f1283e3671a39da159f721ac5856","custom":{}}
