{"id":"rYFDLOe50uFcfetsuWiGg","title":"Release Notes (version 0.46)","vault":{"fsPath":"vault","name":"dendron.dendron-site"},"type":"note","desc":"","links":[{"type":"wiki","from":{"fname":"dendron.release.2021-06-14","id":"rYFDLOe50uFcfetsuWiGg","vaultName":"dendron.dendron-site"},"value":"dendron.ref.status","alias":"Pruning ✂️","position":{"start":{"line":16,"column":5,"offset":634},"end":{"line":16,"column":48,"offset":677},"indent":[]},"xvault":false,"to":{"fname":"dendron.ref.status","anchorHeader":"pruning-️"}},{"type":"wiki","from":{"fname":"dendron.release.2021-06-14","id":"rYFDLOe50uFcfetsuWiGg","vaultName":"dendron.dendron-site"},"value":"dendron.topic.graph-view.prune","alias":"Legacy Graph View","position":{"start":{"line":17,"column":3,"offset":680},"end":{"line":17,"column":55,"offset":732},"indent":[]},"xvault":false,"to":{"fname":"dendron.topic.graph-view.prune"}},{"type":"wiki","from":{"fname":"dendron.release.2021-06-14","id":"rYFDLOe50uFcfetsuWiGg","vaultName":"dendron.dendron-site"},"value":"dendron.community.office-hours.2021.06.13","alias":"here","position":{"start":{"line":25,"column":49,"offset":987},"end":{"line":25,"column":99,"offset":1037},"indent":[]},"xvault":false,"to":{"fname":"dendron.community.office-hours.2021.06.13"}},{"type":"wiki","from":{"fname":"dendron.release.2021-06-14","id":"rYFDLOe50uFcfetsuWiGg","vaultName":"dendron.dendron-site"},"value":"dendron.community.roles","alias":"here","position":{"start":{"line":30,"column":38,"offset":1232},"end":{"line":30,"column":70,"offset":1264},"indent":[]},"xvault":false,"to":{"fname":"dendron.community.roles"}},{"type":"ref","from":{"fname":"dendron.release.2021-06-14","id":"rYFDLOe50uFcfetsuWiGg","vaultName":"dendron.dendron-site"},"value":"dendron.release.changelog","position":{"start":{"line":42,"column":1,"offset":1776},"end":{"line":42,"column":40,"offset":1815},"indent":[]},"xvault":false,"to":{"fname":"dendron.release.changelog","anchorHeader":"046:#045"}}],"anchors":{"highlights":{"type":"header","value":"highlights","line":11,"column":0},"docs":{"type":"header","value":"docs","line":19,"column":0},"pruning-️":{"type":"header","value":"pruning-️","line":22,"column":0},"ongoing":{"type":"header","value":"ongoing","line":26,"column":0},"community":{"type":"header","value":"community","line":28,"column":0},"office-hours":{"type":"header","value":"office-hours","line":29,"column":0},"thank-yous":{"type":"header","value":"thank-yous","line":33,"column":0},"changelog":{"type":"header","value":"changelog","line":47,"column":0}},"fname":"dendron.release.2021-06-14","updated":1624316721616,"created":1623536371196,"parent":"932534e7-e788-4fdb-bc8c-eaf761992a8d","children":[],"data":{},"contentHash":"9aecb81719d53097d10830858b5bf80a","custom":{}}
