{"id":"SaBKKTvkW1OLoBItJHHBP","title":"Nav","vault":{"fsPath":"vault","name":"dendron.dendron-site"},"type":"note","desc":"","links":[],"anchors":{"get-notes":{"type":"header","value":"get-notes","line":8,"column":0},"gen-nav":{"type":"header","value":"gen-nav","line":19,"column":0},"notes":{"type":"header","value":"notes","line":31,"column":0}},"fname":"pkg.dendron-11ty.internal.nav","updated":1624853145846,"created":1624851967210,"parent":"aa6009e6-db3d-44d8-bc60-723f03c048f7","children":[],"data":{},"contentHash":"283704810492f60e7685e308f3e07be7","custom":{}}
