{"id":"SRqCvd66cO4L5OZ-B0PKG","title":"Release Notes (version 0.47)","vault":{"fsPath":"vault","name":"dendron.dendron-site"},"type":"note","desc":"","links":[{"type":"wiki","from":{"fname":"dendron.release.2021-06-21","id":"SRqCvd66cO4L5OZ-B0PKG","vaultName":"dendron.dendron-site"},"value":"dendron.topic.seed-bank","alias":"get started here.","position":{"start":{"line":6,"column":173,"offset":220},"end":{"line":6,"column":218,"offset":265},"indent":[]},"xvault":false,"sameFile":false,"to":{"fname":"dendron.topic.seed-bank"}},{"type":"wiki","from":{"fname":"dendron.release.2021-06-21","id":"SRqCvd66cO4L5OZ-B0PKG","vaultName":"dendron.dendron-site"},"value":"dendron.ref.web-ui","alias":"See it in action.","position":{"start":{"line":7,"column":154,"offset":419},"end":{"line":7,"column":208,"offset":473},"indent":[]},"xvault":false,"sameFile":false,"to":{"fname":"dendron.ref.web-ui","anchorHeader":"calendar-view"}},{"type":"wiki","from":{"fname":"dendron.release.2021-06-21","id":"SRqCvd66cO4L5OZ-B0PKG","vaultName":"dendron.dendron-site"},"value":"dendron.topic.pod.builtin.airtable","alias":"here","position":{"start":{"line":9,"column":176,"offset":898},"end":{"line":9,"column":219,"offset":941},"indent":[]},"xvault":false,"sameFile":false,"to":{"fname":"dendron.topic.pod.builtin.airtable"}},{"type":"wiki","from":{"fname":"dendron.release.2021-06-21","id":"SRqCvd66cO4L5OZ-B0PKG","vaultName":"dendron.dendron-site"},"value":"dendron.topic.config.dendron","alias":"default daily journal","position":{"start":{"line":16,"column":34,"offset":1128},"end":{"line":16,"column":118,"offset":1212},"indent":[]},"xvault":false,"sameFile":false,"to":{"fname":"dendron.topic.config.dendron","anchorHeader":"defaultdailyjournalvault,1:"}},{"type":"wiki","from":{"fname":"dendron.release.2021-06-21","id":"SRqCvd66cO4L5OZ-B0PKG","vaultName":"dendron.dendron-site"},"value":"dendron.topic.seed-bank","alias":"dendron.topic.seed-bank","position":{"start":{"line":17,"column":24,"offset":1236},"end":{"line":17,"column":51,"offset":1263},"indent":[]},"xvault":false,"sameFile":false,"to":{"fname":"dendron.topic.seed-bank"}},{"type":"wiki","from":{"fname":"dendron.release.2021-06-21","id":"SRqCvd66cO4L5OZ-B0PKG","vaultName":"dendron.dendron-site"},"value":"dendron.dev.setup","alias":"get help","position":{"start":{"line":18,"column":52,"offset":1315},"end":{"line":18,"column":95,"offset":1358},"indent":[]},"xvault":false,"sameFile":false,"to":{"fname":"dendron.dev.setup","anchorHeader":"getting-help"}},{"type":"wiki","from":{"fname":"dendron.release.2021-06-21","id":"SRqCvd66cO4L5OZ-B0PKG","vaultName":"dendron.dendron-site"},"value":"dendron.community.office-hours.2021.06.20","alias":"here","position":{"start":{"line":28,"column":49,"offset":1686},"end":{"line":28,"column":99,"offset":1736},"indent":[]},"xvault":false,"sameFile":false,"to":{"fname":"dendron.community.office-hours.2021.06.20"}},{"type":"wiki","from":{"fname":"dendron.release.2021-06-21","id":"SRqCvd66cO4L5OZ-B0PKG","vaultName":"dendron.dendron-site"},"value":"dendron.community.roles","alias":"here","position":{"start":{"line":47,"column":38,"offset":2369},"end":{"line":47,"column":70,"offset":2401},"indent":[]},"xvault":false,"sameFile":false,"to":{"fname":"dendron.community.roles"}},{"type":"ref","from":{"fname":"dendron.release.2021-06-21","id":"SRqCvd66cO4L5OZ-B0PKG","vaultName":"dendron.dendron-site"},"value":"dendron.release.changelog","position":{"start":{"line":50,"column":1,"offset":2417},"end":{"line":50,"column":42,"offset":2458},"indent":[]},"xvault":false,"to":{"fname":"dendron.release.changelog","anchorHeader":"047,1:#046"}}],"anchors":{"highlights":{"type":"header","value":"highlights","line":11,"column":0},"docs":{"type":"header","value":"docs","line":18,"column":0},"ongoing":{"type":"header","value":"ongoing","line":27,"column":0},"community":{"type":"header","value":"community","line":30,"column":0},"office-hours":{"type":"header","value":"office-hours","line":32,"column":0},"thank-yous":{"type":"header","value":"thank-yous","line":36,"column":0},"changelog":{"type":"header","value":"changelog","line":55,"column":0}},"fname":"dendron.release.2021-06-21","updated":1625167081472,"created":1624287990476,"parent":"932534e7-e788-4fdb-bc8c-eaf761992a8d","children":[],"data":{},"contentHash":"8f27f2ae623d90d14a51ee795653ba79","custom":{}}
