{"id":"TflY5kn29HOLpp1pWT9tP","title":"Conclusion","vault":{"fsPath":"vault","name":"dendron.dendron-site"},"type":"note","desc":"","links":[{"from":{"fname":"dendron.tutorial.rich-formatting","vaultName":"dendron.dendron-site"},"type":"backlink","position":{"start":{"line":64,"column":3,"offset":1785},"end":{"line":64,"column":56,"offset":1838},"indent":[]},"value":"dendron.tutorial.conclusion"},{"from":{"fname":"dendron.tutorial.rich-formatting","vaultName":"dendron.dendron-site"},"type":"backlink","position":{"start":{"line":58,"column":1,"offset":1595},"end":{"line":58,"column":125,"offset":1719},"indent":[]},"value":"dendron.tutorial.conclusion"}],"anchors":{"join-the-community-of-dendrologists":{"type":"header","value":"join-the-community-of-dendrologists","line":13,"column":0},"explore-the-full-potential-of-dendron":{"type":"header","value":"explore-the-full-potential-of-dendron","line":19,"column":0},"other-resources":{"type":"header","value":"other-resources","line":31,"column":0},"^discord-block-ref":{"type":"block","value":"discord-block-ref","line":17,"column":0}},"fname":"dendron.tutorial.conclusion","updated":1625578888420,"created":1625564254964,"parent":"678c77d9-ef2c-4537-97b5-64556d6337f1","children":[],"data":{},"contentHash":"0a1417302cf7cba9ae2a0e203553d93e","custom":{"nav_order":4}}
