{"id":"tgr7PkQAtJNvf5ya","title":"17 Rich Web Client","vault":{"fsPath":"vault","name":"dendron.dendron-site"},"type":"note","desc":"","links":[{"type":"wiki","from":{"fname":"dendron.rfc.17-rich-web-client","id":"tgr7PkQAtJNvf5ya","vaultName":"dendron.dendron-site"},"value":"dendron.topic.preview-v2","alias":"Preview V2","position":{"start":{"line":11,"column":128,"offset":427},"end":{"line":11,"column":167,"offset":466},"indent":[]},"xvault":false,"to":{"fname":"dendron.topic.preview-v2"}},{"from":{"fname":"dendron.release.2021-07-26","vaultName":"dendron.dendron-site"},"type":"backlink","position":{"start":{"line":24,"column":17,"offset":1188},"end":{"line":24,"column":67,"offset":1238},"indent":[]},"value":"dendron.rfc.17-rich-web-client"}],"anchors":{"goals":{"type":"header","value":"goals","line":7,"column":0},"context":{"type":"header","value":"context","line":11,"column":0},"proposal":{"type":"header","value":"proposal","line":15,"column":0},"timeliine":{"type":"header","value":"timeliine","line":21,"column":0},"details":{"type":"header","value":"details","line":24,"column":0},"example":{"type":"header","value":"example","line":26,"column":0},"tradeoffs":{"type":"header","value":"tradeoffs","line":28,"column":0},"discussion":{"type":"header","value":"discussion","line":30,"column":0}},"fname":"dendron.rfc.17-rich-web-client","updated":1626806236929,"created":1626805862283,"parent":"f143ca38-dcc6-4cd3-b84b-997aec1160ef","children":[],"data":{},"contentHash":"e4dd08b38913bf15568b6417e7173ef1","custom":{}}
