{"id":"tO6EFCHd2rw350zh","title":"Import","vault":{"fsPath":"vault","name":"dendron.dendron-site"},"type":"note","desc":"","links":[{"type":"ref","from":{"fname":"dendron.topic.pod.builtin.google-docs.import","id":"tO6EFCHd2rw350zh","vaultName":"dendron.dendron-site"},"value":"dendron.topic.pod.import","position":{"start":{"line":81,"column":1,"offset":1999},"end":{"line":81,"column":46,"offset":2044},"indent":[]},"xvault":false,"to":{"fname":"dendron.topic.pod.import","anchorHeader":"configuration,1"}},{"from":{"fname":"dendron.release.2021-07-26","vaultName":"dendron.dendron-site"},"type":"backlink","position":{"start":{"line":12,"column":26,"offset":737},"end":{"line":12,"column":79,"offset":790},"indent":[]},"value":"dendron.topic.pod.builtin.google-docs.import"},{"from":{"fname":"dendron.release.changelog","vaultName":"dendron.dendron-site"},"type":"backlink","position":{"start":{"line":56,"column":102,"offset":1804},"end":{"line":56,"column":199,"offset":1901},"indent":[]},"value":"dendron.topic.pod.builtin.google-docs.import"},{"from":{"fname":"dendron.release.changelog","vaultName":"dendron.dendron-site"},"type":"backlink","position":{"start":{"line":110,"column":1,"offset":3518},"end":{"line":110,"column":63,"offset":3580},"indent":[]},"value":"dendron.topic.pod.builtin.google-docs.import"},{"from":{"fname":"dendron.topic.pod.builtin.google-docs","vaultName":"dendron.dendron-site"},"type":"backlink","position":{"start":{"line":11,"column":1,"offset":99},"end":{"line":11,"column":63,"offset":161},"indent":[]},"value":"dendron.topic.pod.builtin.google-docs.import"}],"anchors":{"summary":{"type":"header","value":"summary","line":9,"column":0},"authentication":{"type":"header","value":"authentication","line":14,"column":0},"example":{"type":"header","value":"example","line":25,"column":0},"configuration":{"type":"header","value":"configuration","line":85,"column":0},"additional-google-doc-pod-specific-configurations":{"type":"header","value":"additional-google-doc-pod-specific-configurations","line":89,"column":0},"token":{"type":"header","value":"token","line":91,"column":0},"hierarchydestination":{"type":"header","value":"hierarchydestination","line":96,"column":0},"documentid":{"type":"header","value":"documentid","line":101,"column":0},"importcomments":{"type":"header","value":"importcomments","line":112,"column":0},"confirmoverwrite":{"type":"header","value":"confirmoverwrite","line":130,"column":0}},"fname":"dendron.topic.pod.builtin.google-docs.import","updated":1628252260713,"created":1626365094547,"parent":"Mx7yEsdtZRcs1rHi","children":[],"data":{},"contentHash":"bb1848e9c6c57d36fe50e7efdb5125dc","custom":{}}
