{"id":"UOvhhWXPOttmb2af","title":"Unified","vault":{"fsPath":"vault","name":"dendron.dendron-site"},"type":"note","desc":"","links":[{"type":"wiki","from":{"fname":"pkg.dendron-engine.arch.unified","id":"UOvhhWXPOttmb2af","vaultName":"dendron.dendron-site"},"value":"pkg.dendron-markdown","alias":"Dendron Markdown","position":{"start":{"line":3,"column":5,"offset":16},"end":{"line":3,"column":46,"offset":57},"indent":[]},"xvault":false,"to":{"fname":"pkg.dendron-markdown"}}],"anchors":{"summary":{"type":"header","value":"summary","line":8,"column":0}},"fname":"pkg.dendron-engine.arch.unified","updated":1628178515479,"created":1628178359975,"parent":"ebf58a4a-18f8-498d-95eb-04d856c0a000","children":[],"data":{},"contentHash":"13fb4cb7440465e82eefdf64ef5e2d4e","custom":{}}
