{"id":"veJtAvr1gSMu50Mp","title":"Test","vault":{"fsPath":"vault","name":"dendron.dendron-site"},"type":"note","desc":"","links":[],"anchors":{"writing-tests":{"type":"header","value":"writing-tests","line":8,"column":0},"details":{"type":"header","value":"details","line":18,"column":0}},"fname":"pkg.dendron-plugin.qa.test","updated":1627140515454,"created":1627140509315,"parent":"c84aa95c-83b9-4d52-90a1-eeec8f0ca84f","children":["CBX7ebh0upBfoeC2"],"data":{},"contentHash":"a51bb0ebcc3e27cf54ba1bb66f9cd07b","custom":{}}
