{"id":"vsAxYld4zsbD2XjKoh7OP","title":"Git","vault":{"fsPath":"vault","name":"dendron.dendron-site"},"type":"note","desc":"","links":[{"from":{"fname":"dendron.topic.publishing.github","vaultName":"dendron.dendron-site"},"type":"backlink","position":{"start":{"line":6,"column":27,"offset":109},"end":{"line":6,"column":80,"offset":162},"indent":[]},"value":"dendron.topic.git"}],"anchors":{"lookup":{"type":"header","value":"lookup","line":24,"column":0}},"fname":"dendron.topic.git","updated":1624965063661,"created":1624965063661,"parent":"7a7af2fa-b9d0-4adc-81e6-f03186123539","children":[],"data":{},"contentHash":"7df514cda6a14e41dc017b050ba5b5f7","custom":{},"schema":{"schemaId":"topic","moduleId":"dendron"}}
