{"id":"WUy5xtqQt3MwxcPG","title":"Cerebrarium","vault":{"fsPath":"vault","name":"dendron.dendron-site"},"type":"note","desc":"","links":[{"type":"wiki","from":{"fname":"dendron.community.greenhouse.2021-07-30-cerebrarium-showcase","id":"WUy5xtqQt3MwxcPG","vaultName":"dendron.dendron-site"},"value":"dendron.community.greenhouse.2021-07-30-cerebrarium-showcase.transcript","alias":"Transcript","position":{"start":{"line":20,"column":3,"offset":760},"end":{"line":20,"column":89,"offset":846},"indent":[]},"xvault":false,"to":{"fname":"dendron.community.greenhouse.2021-07-30-cerebrarium-showcase.transcript"}},{"from":{"fname":"dendron.community.greenhouse","vaultName":"dendron.dendron-site"},"type":"backlink","position":{"start":{"line":24,"column":1,"offset":1154},"end":{"line":24,"column":66,"offset":1219},"indent":[]},"value":"dendron.community.greenhouse.2021-07-30-cerebrarium-showcase"},{"from":{"fname":"dendron.release.2021-07-26","vaultName":"dendron.dendron-site"},"type":"backlink","position":{"start":{"line":42,"column":1,"offset":1943},"end":{"line":42,"column":66,"offset":2008},"indent":[]},"value":"dendron.community.greenhouse.2021-07-30-cerebrarium-showcase"}],"anchors":{"summary":{"type":"header","value":"summary","line":8,"column":0},"agenda":{"type":"header","value":"agenda","line":16,"column":0},"output":{"type":"header","value":"output","line":24,"column":0},"links-to-things-talked-about":{"type":"header","value":"links-to-things-talked-about","line":28,"column":0}},"fname":"dendron.community.greenhouse.2021-07-30-cerebrarium-showcase","updated":1627662156124,"created":1627318749859,"parent":"PqtlCsRPWBjKp3RR","children":["9PXYLuvnSMwMPVwh"],"data":{},"contentHash":"16d8f6e2a6f6c34c2dfcd2e19e293d9d","custom":{}}
