{"id":"WVgiW9XZGQ2c7nwP","title":"July 18 Office Hours","vault":{"fsPath":"vault","name":"dendron.dendron-site"},"type":"note","desc":"","links":[{"type":"wiki","from":{"fname":"dendron.community.office-hours.2021.07.18","id":"WVgiW9XZGQ2c7nwP","vaultName":"dendron.dendron-site"},"value":"tags.tag.","alias":"#tag.","position":{"start":{"line":5,"column":55,"offset":97},"end":{"line":5,"column":60,"offset":102},"indent":[]},"xvault":false,"to":{"fname":"tags.tag."}},{"from":{"fname":"dendron.release.2021-07-19","vaultName":"dendron.dendron-site"},"type":"backlink","position":{"start":{"line":27,"column":49,"offset":736},"end":{"line":27,"column":99,"offset":786},"indent":[]},"value":"dendron.community.office-hours.2021.07.18"}],"anchors":{"company-updates":{"type":"header","value":"company-updates","line":8,"column":0},"questions":{"type":"header","value":"questions","line":43,"column":0},"notes":{"type":"header","value":"notes","line":58,"column":0}},"fname":"dendron.community.office-hours.2021.07.18","updated":1626731491092,"created":1626731383626,"parent":"YaBuagTIefevWITM","children":[],"data":{},"contentHash":"3ae632a0cf24dda705af9a1f43f7025e","custom":{}}
