{"id":"XJvKMQfKVMD1Rm4o","title":"Release Notes (version 0.53)","vault":{"fsPath":"vault","name":"dendron.dendron-site"},"type":"note","desc":"","links":[{"type":"wiki","from":{"fname":"dendron.release.2021-08-02","id":"XJvKMQfKVMD1Rm4o","vaultName":"dendron.dendron-site"},"value":"dendron.dev.qa.windows","alias":"dendron.dev.qa.windows","position":{"start":{"line":17,"column":88,"offset":524},"end":{"line":17,"column":114,"offset":550},"indent":[]},"xvault":false,"to":{"fname":"dendron.dev.qa.windows"}},{"type":"wiki","from":{"fname":"dendron.release.2021-08-02","id":"XJvKMQfKVMD1Rm4o","vaultName":"dendron.dendron-site"},"value":"dendron.jobs.senior-full-stack-engineer","alias":"Senior Full Stack Engineer","position":{"start":{"line":22,"column":3,"offset":593},"end":{"line":22,"column":73,"offset":663},"indent":[]},"xvault":false,"to":{"fname":"dendron.jobs.senior-full-stack-engineer"}},{"type":"wiki","from":{"fname":"dendron.release.2021-08-02","id":"XJvKMQfKVMD1Rm4o","vaultName":"dendron.dendron-site"},"value":"dendron.jobs.head-of-growth","alias":"Head of Growth","position":{"start":{"line":23,"column":3,"offset":666},"end":{"line":23,"column":49,"offset":712},"indent":[]},"xvault":false,"to":{"fname":"dendron.jobs.head-of-growth"}},{"type":"wiki","from":{"fname":"dendron.release.2021-08-02","id":"XJvKMQfKVMD1Rm4o","vaultName":"dendron.dendron-site"},"value":"dendron.jobs.head-of-content","alias":"Head of Content","position":{"start":{"line":24,"column":3,"offset":715},"end":{"line":24,"column":51,"offset":763},"indent":[]},"xvault":false,"to":{"fname":"dendron.jobs.head-of-content"}},{"type":"wiki","from":{"fname":"dendron.release.2021-08-02","id":"XJvKMQfKVMD1Rm4o","vaultName":"dendron.dendron-site"},"value":"dendron.rfc.18-add-note-indexes","alias":"RFC","position":{"start":{"line":27,"column":59,"offset":932},"end":{"line":27,"column":98,"offset":971},"indent":[]},"xvault":false,"to":{"fname":"dendron.rfc.18-add-note-indexes"}},{"type":"wiki","from":{"fname":"dendron.release.2021-08-02","id":"XJvKMQfKVMD1Rm4o","vaultName":"dendron.dendron-site"},"value":"community.office-hours.2021.08.01","alias":"here","position":{"start":{"line":33,"column":49,"offset":1203},"end":{"line":33,"column":91,"offset":1245},"indent":[]},"xvault":false,"to":{"fname":"community.office-hours.2021.08.01"}},{"type":"wiki","from":{"fname":"dendron.release.2021-08-02","id":"XJvKMQfKVMD1Rm4o","vaultName":"dendron.dendron-site"},"value":"dendron.community.roles","alias":"here","position":{"start":{"line":38,"column":38,"offset":1440},"end":{"line":38,"column":70,"offset":1472},"indent":[]},"xvault":false,"to":{"fname":"dendron.community.roles"}},{"type":"ref","from":{"fname":"dendron.release.2021-08-02","id":"XJvKMQfKVMD1Rm4o","vaultName":"dendron.dendron-site"},"value":"dendron.release.changelog","position":{"start":{"line":64,"column":1,"offset":3055},"end":{"line":64,"column":40,"offset":3094},"indent":[]},"xvault":false,"to":{"fname":"dendron.release.changelog","anchorHeader":"053:#052"}}],"anchors":{"highlights":{"type":"header","value":"highlights","line":10,"column":0},"docs":{"type":"header","value":"docs","line":19,"column":0},"ongoing":{"type":"header","value":"ongoing","line":25,"column":0},"community":{"type":"header","value":"community","line":35,"column":0},"office-hours":{"type":"header","value":"office-hours","line":37,"column":0},"thank-yous":{"type":"header","value":"thank-yous","line":41,"column":0},"changelog":{"type":"header","value":"changelog","line":69,"column":0}},"fname":"dendron.release.2021-08-02","updated":1627948939327,"created":1627884266164,"parent":"932534e7-e788-4fdb-bc8c-eaf761992a8d","children":[],"data":{},"contentHash":"93574b5089902eeb74717b292d68e18f","custom":{}}
