{"id":"YdrjLvj2kSmWYsuL","title":"Dev","vault":{"fsPath":"vault","name":"dendron.dendron-site"},"type":"note","desc":"Development related\n","links":[],"anchors":{"cook":{"type":"header","value":"cook","line":10,"column":0},"adding-a-new-plugin":{"type":"header","value":"adding-a-new-plugin","line":12,"column":0}},"fname":"pkg.dendron-markdown.dev","updated":1626364788131,"created":1626364788131,"parent":"69746008-2fa0-4036-b443-b15076a3d6bf","children":[],"data":{},"contentHash":"ce7896f18fe91af2ce40d1eca6e5661d","custom":{}}
