{"id":"ydvcBHDK9gcghuHX","title":"Windows","vault":{"fsPath":"vault","name":"dendron.dendron-site"},"type":"note","desc":"","links":[{"from":{"fname":"dendron.release.2021-08-02","vaultName":"dendron.dendron-site"},"type":"backlink","position":{"start":{"line":17,"column":88,"offset":524},"end":{"line":17,"column":114,"offset":550},"indent":[]},"value":"dendron.dev.qa.windows"}],"anchors":{"authoring-tests-that-work-on-windows":{"type":"header","value":"authoring-tests-that-work-on-windows","line":8,"column":0},"skipping-windows-test-last-resort":{"type":"header","value":"skipping-windows-test-last-resort","line":34,"column":0},"troubleshooting-windows-ci-failures-on-github-actions":{"type":"header","value":"troubleshooting-windows-ci-failures-on-github-actions","line":38,"column":0}},"fname":"dendron.dev.qa.windows","updated":1627872996671,"created":1627594346414,"parent":"cb22bd36-d45a-4ffd-a31e-96c4b39cb7fb","children":[],"data":{},"contentHash":"7549ab3879fff9d723e2ee24ae8b2b54","custom":{}}
