{"id":"ZbtRI22izXCapbjW","title":"Note Lookup","vault":{"fsPath":"vault","name":"dendron.dendron-site"},"type":"note","desc":"","links":[{"type":"wiki","from":{"fname":"pkg.dendron-plugin.arch.note-lookup","id":"ZbtRI22izXCapbjW","vaultName":"dendron.dendron-site"},"value":"pkg.dendron-plugin.arch.note-lookup","alias":"Gather Input","position":{"start":{"line":7,"column":3,"offset":66},"end":{"line":7,"column":68,"offset":131},"indent":[]},"xvault":false,"to":{"fname":"pkg.dendron-plugin.arch.note-lookup","anchorHeader":"gather-input"}},{"type":"wiki","from":{"fname":"pkg.dendron-plugin.arch.note-lookup","id":"ZbtRI22izXCapbjW","vaultName":"dendron.dendron-site"},"value":"pkg.dendron-plugin.arch.note-lookup","alias":"Prepare Quickpick","position":{"start":{"line":8,"column":5,"offset":136},"end":{"line":8,"column":80,"offset":211},"indent":[]},"xvault":false,"to":{"fname":"pkg.dendron-plugin.arch.note-lookup","anchorHeader":"prepare-quickpick"}},{"type":"wiki","from":{"fname":"pkg.dendron-plugin.arch.note-lookup","id":"ZbtRI22izXCapbjW","vaultName":"dendron.dendron-site"},"value":"pkg.dendron-plugin.arch.note-lookup","alias":"OnAccept","position":{"start":{"line":21,"column":5,"offset":536},"end":{"line":21,"column":62,"offset":593},"indent":[]},"xvault":false,"to":{"fname":"pkg.dendron-plugin.arch.note-lookup","anchorHeader":"onaccept"}},{"from":{"fname":"pkg.dendron-plugin.arch.note-lookup","vaultName":"dendron.dendron-site"},"type":"backlink","position":{"start":{"line":7,"column":3,"offset":66},"end":{"line":7,"column":68,"offset":131},"indent":[]},"value":"pkg.dendron-plugin.arch.note-lookup"},{"from":{"fname":"pkg.dendron-plugin.arch.note-lookup","vaultName":"dendron.dendron-site"},"type":"backlink","position":{"start":{"line":8,"column":5,"offset":136},"end":{"line":8,"column":80,"offset":211},"indent":[]},"value":"pkg.dendron-plugin.arch.note-lookup"},{"from":{"fname":"pkg.dendron-plugin.arch.note-lookup","vaultName":"dendron.dendron-site"},"type":"backlink","position":{"start":{"line":21,"column":5,"offset":536},"end":{"line":21,"column":62,"offset":593},"indent":[]},"value":"pkg.dendron-plugin.arch.note-lookup"}],"anchors":{"summary":{"type":"header","value":"summary","line":8,"column":0},"steps":{"type":"header","value":"steps","line":12,"column":0},"code":{"type":"header","value":"code","line":30,"column":0},"gather-input":{"type":"header","value":"gather-input","line":32,"column":0},"prepare-quickpick":{"type":"header","value":"prepare-quickpick","line":42,"column":0},"ondidtriggerbutton":{"type":"header","value":"ondidtriggerbutton","line":57,"column":0},"refreshpickerbehavior":{"type":"header","value":"refreshpickerbehavior","line":65,"column":0},"onaccept":{"type":"header","value":"onaccept","line":76,"column":0}},"fname":"pkg.dendron-plugin.arch.note-lookup","updated":1627840194338,"created":1627839920509,"parent":"d1usLHSTfJc-3_JKuYLBr","children":[],"data":{},"contentHash":"995e8cf4e0ac1377f7f1df7651e74d3c","custom":{}}
