{"id":"zDqYUhNE10HXlmStfqwVD","title":"An Example of a Blue Tag","vault":{"fsPath":"vault","name":"dendron.dendron-site"},"type":"note","desc":"","links":[{"type":"wiki","from":{"fname":"tags.blue","id":"zDqYUhNE10HXlmStfqwVD","vaultName":"dendron.dendron-site"},"value":"dendron.topic.frontmatter","alias":"frontmatter","position":{"start":{"line":2,"column":68,"offset":68},"end":{"line":2,"column":109,"offset":109},"indent":[]},"xvault":false,"sameFile":false,"to":{"fname":"dendron.topic.frontmatter"}},{"type":"wiki","from":{"fname":"tags.blue","id":"zDqYUhNE10HXlmStfqwVD","vaultName":"dendron.dendron-site"},"value":"https://developer.mozilla.org/en-US/docs/Web/CSS/color_value","alias":"CSS color","position":{"start":{"line":27,"column":26,"offset":472},"end":{"line":27,"column":100,"offset":546},"indent":[]},"xvault":false,"sameFile":false,"to":{"fname":"https://developer.mozilla.org/en-US/docs/Web/CSS/color_value"}},{"from":{"fname":"dendron.topic.tags","vaultName":"dendron.dendron-site"},"type":"backlink","position":{"start":{"line":52,"column":31,"offset":2479},"end":{"line":52,"column":36,"offset":2484},"indent":[]},"value":"tags.blue"}],"anchors":{},"fname":"tags.blue","updated":1628317474378,"created":1628316561344,"parent":"KaDPamIfe7dHIfgh","children":[],"data":{},"contentHash":"b05574cedf35bf776283be366eaa37b9","custom":{},"color":"#1E32E6"}
