{"id":"zIBErZ8tT7oU6nm0JESFc","title":"Export","vault":{"fsPath":"vault","name":"dendron.dendron-site"},"type":"note","desc":"","links":[{"from":{"fname":"dendron.release.changelog","vaultName":"dendron.dendron-site"},"type":"backlink","position":{"start":{"line":354,"column":1,"offset":11175},"end":{"line":354,"column":91,"offset":11265},"indent":[]},"value":"dendron.topic.pod.builtin.airtable.export"},{"from":{"fname":"dendron.topic.pod.builtin.airtable","vaultName":"dendron.dendron-site"},"type":"backlink","position":{"start":{"line":12,"column":1,"offset":104},"end":{"line":12,"column":60,"offset":163},"indent":[]},"value":"dendron.topic.pod.builtin.airtable.export"}],"anchors":{"summary":{"type":"header","value":"summary","line":9,"column":0},"config-options":{"type":"header","value":"config-options","line":16,"column":0},"example":{"type":"header","value":"example","line":25,"column":0}},"fname":"dendron.topic.pod.builtin.airtable.export","updated":1624316548880,"created":1623502889261,"parent":"c8ljkYY3eVkkmTNumc0C7","children":[],"data":{},"contentHash":"386714db6bd0b25df46e00c15a21f983","custom":{}}
